tracking_id,order_date,delivery_date,carrier,origin_warehouse,destination_city,weight_kg,distance_km,status,vehicle_type,shipping_cost_eur,customer_name,phone,lat,lon,lead_time_days,co2_kg,risk_level
FR-221958,2025-07-06,2025-07-14,Kuehne+Nagel,Marseille Port Depot,Nantes,23.2,407.1,Livré,fourgonnette,9.13,46b06486d10dd744,588473ce6d202014,47.18936,-1.57986,8.0,0.7556,FAIBLE
FR-778843,2025-07-25,2025-07-28,GLS,Paris-CDG Hub,Toulouse,2837.8,628.9,Livré,train,277.91,6a5796584ab1ac8a,122c1a549c2061a4,43.61333,1.46041,3.0,49.9714,AUCUN
FR-664685,2026-04-23,2026-05-01,Kuehne+Nagel,Paris-CDG Hub,Nice,4854.1,732.4,Livré,gros_camion,507.9,420ccf90b5c7ed29,dd79cf2b389a691d,43.73931,7.30639,8.0,746.58,FAIBLE
FR-229312,2025-05-10,,Unknown,Bordeaux Logistics Park,Besançon,517.5,403.8,En attente,petit_camion,95.26,e99e31c1b5468d2d,c051c071a9385f6e,47.18591,6.02031,,25.076,AUCUN
FR-284064,2024-05-01,2024-05-08,UPS,Paris-CDG Hub,Paris,285.8,615.2,Livré,petit_camion,129.07,176085ab92f665ad,2af474ea82272fca,48.86339,2.3826,7.0,21.0989,FAIBLE
FR-515515,2025-11-25,2025-12-04,Kuehne+Nagel,Marseille Port Depot,Strasbourg,1899.3,1072.1,Retardé,train,294.8,c8796666bc9acaab,5a20f34318708010,48.63709,7.7375,9.0,57.0147,ÉLEVÉ
FR-599046,2026-04-06,2026-04-11,DHL,Paris-CDG Hub,Lille,16.5,627.4,Livré,fourgonnette,16.89,1e3f6890d2ddffa6,4f2506cf47dda536,50.53326,3.05597,5.0,0.8282,AUCUN
FR-193264,2026-03-26,,XPO Logistics,Marseille Port Depot,Lille,525.8,820.0,En attente,petit_camion,142.35,75a44226210eb23d,8b9d62ca04576682,50.56311,3.02389,,51.7387,AUCUN
FR-468452,2025-12-27,2025-12-28,UPS,Marseille Port Depot,Tours,29.7,816.3,Livré,fourgonnette,9.37,b6a35244625ccc34,8f9f64aa7e33fcb1,47.4155,0.56132,1.0,1.9395,AUCUN
FR-757162,2025-08-12,,UPS,Paris-CDG Hub,Toulouse,4925.1,624.8,En attente,gros_camion,489.64,89b72f42de629ac1,99879d6a8def4bb7,43.6308,1.45905,,646.2125,AUCUN
FR-488215,2026-02-28,2026-03-01,UPS,Lyon Distribution Center,Amiens,4855.1,453.0,Retourné,train,357.05,144818883fd1fd2e,f997c93dfc3709c5,49.83453,2.32853,1.0,61.5821,AUCUN
FR-909760,2025-05-29,2025-06-06,UPS,Marseille Port Depot,Dijon,456.9,615.5,Livré,petit_camion,131.02,d0443b3d89fde63f,0d6341a2059f6b9c,47.22518,4.99913,8.0,33.7466,FAIBLE
FR-469599,2025-08-20,2025-08-23,DHL,Paris-CDG Hub,Le Havre,795.9,569.2,Livré,petit_camion,142.91,b4b018a4be786430,bff9fb5df9248d04,49.51122,0.11043,3.0,54.3632,AUCUN
FR-241564,2024-10-04,2024-10-06,Unknown,Marseille Port Depot,Tours,3383.0,1188.2,Livré,gros_camion,477.16,0a09e9b5dbb0d8ab,07e82946c838cb19,47.41659,0.77375,2.0,844.1329,AUCUN
FR-542905,2025-06-08,2025-06-15,Unknown,Lyon Distribution Center,Toulon,103.2,482.2,Livré,petit_camion,56.52,fb9a24e0a82c372f,c9f5ec34ed701dec,43.06419,5.98807,7.0,5.9716,FAIBLE
FR-750429,2024-08-29,,XPO Logistics,Paris-CDG Hub,Paris,6.8,631.5,En transit,fourgonnette,17.16,6dcb5f2757af7881,78fc37d9efd6cba7,48.85124,2.32789,,0.3435,MOYEN
FR-727769,2025-04-07,2025-04-14,UPS,Lyon Distribution Center,Paris,1457.0,307.8,Livré,gros_camion,303.71,964fb47ecc48fb44,b1746b7d3016080a,48.96271,2.40382,7.0,94.1776,FAIBLE
FR-840427,2024-09-27,2024-10-03,Unknown,Lyon Distribution Center,Lyon,,30.4,Livré,train,215.87,6dcb5f2757af7881,2fb6b98ebec62423,45.74778,4.86193,6.0,0.0,FAIBLE
FR-472370,2025-07-12,2025-07-17,Chronopost,Lyon Distribution Center,Rennes,911.3,707.1,Retourné,gros_camion,379.64,4761f7fa3a69433b,9860c0f0b40fa36a,48.15164,-1.67425,5.0,135.3198,AUCUN
FR-138304,2024-10-11,2024-10-24,Chronopost,Paris-CDG Hub,Paris,3668.6,94.7,Livré,gros_camion,344.2,ba12f74cff0e9464,72c850ffc14bd382,48.9042,2.42483,13.0,72.9574,FAIBLE
FR-992323,2026-04-25,,DHL,Lyon Distribution Center,Le Mans,49.5,501.0,En attente,fourgonnette,14.0,e99e31c1b5468d2d,73e1cece1ad04865,48.08374,0.17762,,1.984,AUCUN
FR-514568,2025-01-24,2025-02-02,XPO Logistics,Paris-CDG Hub,Bordeaux,7689.1,1018.1,Livré,train,436.53,b1a521ada32f8bf9,c4f1a5319f184233,44.76577,-0.56573,9.0,219.1916,FAIBLE
FR-297775,2025-11-16,2025-11-26,Unknown,Marseille Port Depot,Auxerre,2654.4,1066.4,Livré,gros_camion,446.57,2e49ed8efc869923,cb61ca16649a81fb,47.72593,3.55223,10.0,594.437,FAIBLE
FR-319930,2026-01-20,2026-01-25,FedEx,Paris-CDG Hub,Nice,93.3,977.2,Livré,avion,443.7,dc995e4ea96bebf0,039a281069bcc4f3,43.72575,7.33577,5.0,86.6141,AUCUN
FR-548345,2025-10-09,2025-10-22,Chronopost,Paris-CDG Hub,Strasbourg,3912.1,923.0,Livré,gros_camion,568.18,98c6fa9a1549ec58,f21377228f1d062c,48.53105,7.74984,13.0,758.2823,FAIBLE
FR-342804,2024-09-07,2024-09-20,GLS,Lyon Distribution Center,Paris,248.2,97.8,Livré,avion,348.23,5544f6afe2c2fa55,f234519d8661974a,48.81174,2.42849,13.0,23.0603,FAIBLE
FR-965291,2025-03-22,2025-03-28,Chronopost,Bordeaux Logistics Park,Rennes,1590.1,561.8,Livré,gros_camion,318.87,f057aa1333d44acb,ad2fad46234c8024,48.02166,-1.65968,6.0,187.5968,FAIBLE
FR-790907,2025-11-05,2025-11-07,Kuehne+Nagel,Lyon Distribution Center,Rennes,1147.5,1053.2,Retardé,gros_camion,383.27,6dcb5f2757af7881,97ffe28bedd6100e,48.18592,-1.71169,2.0,253.7949,ÉLEVÉ
FR-369114,2026-03-16,2026-03-25,DHL,Paris-CDG Hub,Paris,6596.8,1199.7,Livré,train,530.51,6dcb5f2757af7881,22db6a6760a23904,48.78906,2.32034,9.0,221.5971,FAIBLE
FR-931538,2026-03-12,2026-03-13,DB Schenker,Bordeaux Logistics Park,Rennes,2515.0,36.4,Livré,train,203.76,d0443b3d89fde63f,56fbd5a6588e37ab,48.22034,-1.59003,1.0,2.5633,AUCUN
FR-798168,2025-06-01,2025-06-08,GLS,Lyon Distribution Center,Rennes,4181.2,1084.7,Livré,gros_camion,584.51,b3ede2357f536e0a,332e6aa894647306,48.1616,-1.68465,7.0,952.423,FAIBLE
FR-415557,2025-08-20,,XPO Logistics,Paris-CDG Hub,Tours,37.6,1112.6,En attente,avion,305.62,232c9d11c882ea2c,fb62937e1b3ca183,47.3367,0.65469,,39.7421,AUCUN
FR-145002,2024-08-15,2024-08-26,XPO Logistics,Bordeaux Logistics Park,Marseille,3092.5,1077.2,Livré,train,321.95,4937b40c2b9fb3af,276d9a8bdafe4d58,43.23249,5.30472,11.0,93.2747,FAIBLE
FR-664037,2025-09-21,2025-10-01,GLS,Paris-CDG Hub,Lyon,3699.7,56.8,Livré,gros_camion,388.66,d1d9c071e6672d29,67a95c2abfb577ab,45.77308,4.79694,10.0,44.13,FAIBLE
FR-575774,2024-06-21,2024-07-03,XPO Logistics,Bordeaux Logistics Park,Dijon,954.1,310.4,Livré,gros_camion,299.77,ba4df4a50d5ef322,2ddfc5d4dd995574,47.28345,5.07031,12.0,62.1921,FAIBLE
FR-674736,2024-12-13,2024-12-25,Unknown,Paris-CDG Hub,Bordeaux,559.3,949.1,Livré,petit_camion,150.66,2bfcfe607c0a5f31,61870a67e4ef3ceb,44.76165,-0.63599,12.0,63.6998,FAIBLE
FR-672735,2025-07-13,2025-07-19,FedEx,Bordeaux Logistics Park,Toulouse,39.1,302.7,Livré,avion,169.9,4d783fa3092cb304,4f083bfc2917ef8c,43.6134,1.48959,6.0,11.2438,FAIBLE
FR-843246,2026-02-01,2026-02-09,FedEx,Paris-CDG Hub,Brest,3138.4,690.2,Livré,gros_camion,408.28,50b6dd7a25a72160,dfa429e2d67351fd,48.30902,-4.4837,8.0,454.886,FAIBLE
FR-204537,2026-02-09,2026-02-20,DHL,Paris-CDG Hub,Paris,2707.9,662.8,Livré,gros_camion,417.01,309f7e2638c05965,8807a7bbe3fbeb49,48.91192,2.39078,11.0,376.9072,FAIBLE
FR-704055,2025-10-28,2025-10-29,FedEx,Paris-CDG Hub,Lyon,46.9,225.7,Retardé,fourgonnette,8.91,cca89aaad52adbdd,c05afe26b561b6d4,45.73427,4.86512,1.0,0.8468,ÉLEVÉ
FR-973172,2024-10-08,2024-10-18,DHL,Bordeaux Logistics Park,Caen,562.2,547.8,Livré,petit_camion,142.8,46b06486d10dd744,3ddbea5fb32ef15d,49.12237,-0.45137,10.0,36.9568,FAIBLE
FR-192263,2024-06-04,2024-06-07,FedEx,Paris-CDG Hub,Bordeaux,6455.2,747.9,Livré,train,388.07,b8ed8df564cec2ef,dd1d9b91c2577ab9,44.91329,-0.5591,3.0,135.1796,AUCUN
FR-274944,2024-08-22,2024-08-26,Chronopost,Bordeaux Logistics Park,Rennes,135.4,588.8,Livré,avion,314.0,5bb1ecc8ac6edde3,54b80e374e1c2013,48.1764,-1.65989,4.0,75.7373,AUCUN
FR-700613,2024-09-07,2024-09-17,GLS,Bordeaux Logistics Park,Strasbourg,242.0,874.1,Livré,petit_camion,116.46,bebe00cf88981ebb,4c973ac26cd7761a,48.50633,7.84644,10.0,25.3839,FAIBLE
FR-275399,2025-02-17,,DHL,Lyon Distribution Center,Colmar,1435.0,1105.8,En attente,train,334.94,97c134953eabb671,61f026c68602f394,48.0715,7.33446,,44.431,AUCUN
FR-984377,2025-11-22,2025-12-03,FedEx,Paris-CDG Hub,Strasbourg,37.0,548.1,Livré,fourgonnette,11.59,46b06486d10dd744,69c0501720d35ed4,48.61362,7.74424,11.0,1.6224,FAIBLE
FR-194270,2026-02-17,2026-02-22,DB Schenker,Marseille Port Depot,Ajaccio,161.5,503.4,Livré,petit_camion,64.79,3714a4bb9c0df2e3,2190454367cd670d,41.98669,8.72212,5.0,9.7559,AUCUN
FR-159676,2025-02-25,2025-03-05,Kuehne+Nagel,Paris-CDG Hub,Lille,22.9,634.0,Livré,fourgonnette,13.9,b3ede2357f536e0a,209c8beb00d84d31,50.60081,3.04622,8.0,1.1615,FAIBLE
FR-465321,2025-07-28,,DHL,Marseille Port Depot,Bastia,4441.4,495.5,En transit,gros_camion,477.67,0b9d5daff036d6da,7c2609f0b0429fb7,42.73763,9.35627,,462.1499,MOYEN
FR-447739,2025-01-15,2025-01-23,GLS,Bordeaux Logistics Park,Aix-en-Provence,7583.1,177.9,Retardé,train,318.3,ba4df4a50d5ef322,0614f915d033e6d9,43.54601,5.38484,8.0,37.7729,ÉLEVÉ
FR-501921,2026-04-05,2026-04-07,DHL,Marseille Port Depot,Paris,5181.1,497.2,Livré,train,323.17,f057aa1333d44acb,c176c4fb37f7c8c7,48.85472,2.40737,2.0,72.1292,AUCUN
FR-317215,2026-04-17,2026-04-26,UPS,Paris-CDG Hub,Rennes,154.5,1003.6,Livré,petit_camion,137.65,0a09e9b5dbb0d8ab,8685e66bce31e6d1,48.03582,-1.65021,9.0,18.6067,FAIBLE
FR-328504,2025-05-09,2025-05-19,XPO Logistics,Lyon Distribution Center,Lille,30.1,724.6,Livré,fourgonnette,17.92,6b16b395ec3a9551,c799af47661396b4,50.64838,2.93881,10.0,1.7448,FAIBLE
FR-201371,2025-04-24,2025-04-28,Kuehne+Nagel,Lyon Distribution Center,Metz,18.1,865.7,Livré,fourgonnette,12.72,46b06486d10dd744,64ec26b9ae15251e,49.03156,6.16951,4.0,1.2535,AUCUN
FR-738418,2024-12-26,2025-01-06,Chronopost,Paris-CDG Hub,Rennes,1247.7,99.4,Retardé,gros_camion,286.28,964fb47ecc48fb44,2a2d4f595d45734b,48.14229,-1.65117,11.0,26.0445,ÉLEVÉ
FR-840829,2024-08-06,2024-08-11,Chronopost,Paris-CDG Hub,Marseille,3700.4,630.3,Livré,gros_camion,403.34,64be089ea6398de1,42a0ade18a0dacf1,43.33838,5.4382,5.0,489.796,AUCUN
FR-286833,2024-07-24,2024-08-03,UPS,Marseille Port Depot,Auxerre,3185.4,1099.4,Livré,gros_camion,435.17,6dcb5f2757af7881,3cd004d870460efc,47.79592,3.60548,10.0,735.426,FAIBLE
FR-387654,2025-06-02,2025-06-03,GLS,Bordeaux Logistics Park,Toulouse,4108.0,1063.1,Retardé,train,360.2,c8796666bc9acaab,aa30c6d769c54541,43.57217,1.49638,1.0,122.282,ÉLEVÉ
FR-354444,2025-06-26,2025-07-03,DHL,Paris-CDG Hub,Paris,132.7,1127.5,Livré,avion,468.25,b8ed8df564cec2ef,ed3a8691116393fa,48.77633,2.38059,7.0,142.1383,FAIBLE
FR-729661,2025-04-20,2025-04-21,DHL,Bordeaux Logistics Park,Lille,5866.6,711.0,Retardé,train,332.18,4539984fb9bfe688,65bc221660043150,50.67842,3.0466,1.0,116.7923,ÉLEVÉ
FR-599722,2024-06-27,,FedEx,Lyon Distribution Center,Lyon,6783.7,284.4,En attente,train,364.06,0a09e9b5dbb0d8ab,9ce828f752284203,45.78976,4.89541,,54.02,AUCUN
FR-933032,2024-08-03,,UPS,Paris-CDG Hub,Reims,165.4,980.8,En attente,petit_camion,86.94,2a457c97836df9d7,c93c292fc1f26604,49.24017,3.30859,,19.4669,AUCUN
FR-427304,2024-11-07,2024-11-17,UPS,Bordeaux Logistics Park,Bayonne,4.8,496.1,Retourné,fourgonnette,11.19,4dc658302b612f5c,835a508ff97baa8d,43.52804,-1.52834,10.0,0.1905,AUCUN
FR-669936,2024-08-18,2024-08-31,Kuehne+Nagel,Paris-CDG Hub,Bordeaux,3083.9,1038.7,Retourné,gros_camion,526.83,64be089ea6398de1,cb4aea371cb02cce,44.81457,-0.62672,13.0,672.6819,AUCUN
FR-781652,2024-10-13,,FedEx,Marseille Port Depot,Caen,218.1,44.8,En transit,avion,362.68,2e77fde05867cb62,2b8587448ab9d202,49.20381,-0.35068,,9.2823,MOYEN
FR-264134,2024-12-06,,DB Schenker,Bordeaux Logistics Park,Rennes,3462.8,652.6,En transit,gros_camion,486.08,b4b018a4be786430,a17b475cb2d0530e,48.05803,-1.69774,,474.5629,MOYEN
FR-827955,2025-08-23,,DB Schenker,Marseille Port Depot,Clermont-Ferrand,93.4,98.9,En attente,petit_camion,84.83,b1a521ada32f8bf9,d2a5b8f92cec7fa4,45.85548,3.08371,,1.1085,AUCUN
FR-537785,2025-08-21,2025-08-25,DB Schenker,Paris-CDG Hub,Nantes,173.7,272.7,Livré,avion,246.11,2bfcfe607c0a5f31,c58feeedecc18793,47.23994,-1.54143,4.0,44.9996,AUCUN
FR-808691,2026-02-14,2026-02-25,DHL,Marseille Port Depot,Toulouse,,1043.1,Livré,avion,361.79,309f7e2638c05965,c7f66bcbfb4fcbd6,43.68603,1.32014,11.0,0.0,FAIBLE
FR-817148,2026-03-20,,DHL,Lyon Distribution Center,Toulon,50.9,722.0,En attente,petit_camion,90.37,bebe00cf88981ebb,6d75b6c762e1c0ae,43.13061,5.89395,,4.41,AUCUN
FR-941047,2025-12-01,,DB Schenker,Bordeaux Logistics Park,Strasbourg,2815.7,724.0,En attente,gros_camion,397.42,2c7e84ab9c91b547,17fcfb3703c9f8b3,48.54237,7.77394,,428.099,AUCUN
FR-545485,2026-02-27,2026-03-05,Kuehne+Nagel,Paris-CDG Hub,Nice,2171.1,626.1,Livré,gros_camion,322.53,e05e06b51a7aca3c,0566c4e2deaec3fd,43.80008,7.29404,6.0,285.4584,FAIBLE
FR-955009,2024-08-10,,UPS,Paris-CDG Hub,Amiens,752.2,71.8,En transit,petit_camion,123.83,309f7e2638c05965,3a5bdba80bbf0c0d,49.94658,2.26894,,6.481,MOYEN
FR-277235,2024-11-20,,XPO Logistics,Paris-CDG Hub,Paris,5986.9,107.1,En transit,train,237.86,2debffb0c60c520e,7104516e3261be4c,48.88274,2.32351,,17.9535,MOYEN
FR-739282,2025-12-11,2025-12-17,FedEx,Bordeaux Logistics Park,Ajaccio,4.5,489.9,Retardé,fourgonnette,9.25,ccd16f4072984dcc,0732aedaf7c70036,41.96584,8.78226,6.0,0.1764,ÉLEVÉ
FR-912395,2025-05-13,2025-05-15,DB Schenker,Paris-CDG Hub,Nice,720.5,480.7,Livré,train,217.1,60d3bd00a0e40db3,4733e3bc54a3e97a,43.78403,7.331,2.0,9.6976,AUCUN
FR-620985,2025-09-28,,XPO Logistics,Paris-CDG Hub,Marseille,18.2,530.2,En attente,avion,158.81,4d783fa3092cb304,4116413e24dd7375,43.23025,5.42345,,9.1672,AUCUN
FR-426818,2024-12-11,2024-12-19,Chronopost,Bordeaux Logistics Park,Nantes,44.2,536.0,Livré,fourgonnette,13.34,3275c62b4a30ee93,a306a40a5cd35243,47.29344,-1.51109,8.0,1.8953,FAIBLE
FR-695923,2025-02-04,,GLS,Lyon Distribution Center,Nice,683.1,968.7,En transit,petit_camion,172.17,80c6e1b004c4d98c,600bf3b7f8f2a0b4,43.70365,7.21025,,79.4063,MOYEN
FR-260928,2026-03-18,,Kuehne+Nagel,Lyon Distribution Center,Strasbourg,,1142.7,En transit,fourgonnette,17.95,184fcccb030ef7f7,f6cc6bcf3597f4a9,48.52984,7.77227,,0.0,MOYEN
FR-394700,2025-02-28,,XPO Logistics,Bordeaux Logistics Park,Annecy,598.1,195.8,En attente,petit_camion,102.55,6a5796584ab1ac8a,485efb3cf540e19a,45.90839,6.13774,,14.053,AUCUN
FR-519139,2025-12-27,2025-12-31,FedEx,Paris-CDG Hub,Aix-en-Provence,4487.1,387.5,Retardé,gros_camion,497.05,737b27ae09a06d30,62950710334858a4,43.47489,5.3754,4.0,365.1378,ÉLEVÉ
FR-764468,2025-12-22,,DB Schenker,Paris-CDG Hub,Toulouse,,210.4,En transit,gros_camion,381.17,2e49ed8efc869923,6094cc8bf0150fcb,43.47973,1.55875,,0.0,MOYEN
FR-887609,2026-02-20,2026-02-25,GLS,Lyon Distribution Center,Rennes,3805.1,630.3,Livré,gros_camion,505.6,ac1dabffaec6f025,7f7e167071e24c3d,48.05643,-1.7019,5.0,503.6545,AUCUN
FR-540097,2025-03-26,,Kuehne+Nagel,Lyon Distribution Center,Grenoble,201.0,651.6,En transit,avion,354.38,d21c62bed959dcf6,9e9a70455792a234,45.19307,5.79022,,124.423,MOYEN
FR-275211,2025-12-03,2025-12-10,Unknown,Paris-CDG Hub,Nice,4654.6,515.2,Livré,gros_camion,433.73,ccd16f4072984dcc,9ad42613007024d4,43.77051,7.2812,7.0,503.5905,FAIBLE
FR-325160,2024-05-22,,Unknown,Bordeaux Logistics Park,Metz,227.7,938.8,En transit,petit_camion,96.37,213616dfc61bfad5,355000829d5056a3,49.13127,6.1366,,25.6518,MOYEN
FR-884625,2025-11-28,2025-12-10,DHL,Paris-CDG Hub,Toulouse,183.8,381.6,Livré,petit_camion,71.53,6b16b395ec3a9551,5e75d68b3c985e06,43.62042,1.4441,12.0,8.4166,FAIBLE
FR-427252,2026-02-13,2026-02-26,FedEx,Bordeaux Logistics Park,Tours,6640.3,727.8,Livré,train,363.52,b8ed8df564cec2ef,4ab55b177a2da167,47.32224,0.62369,13.0,135.3187,FAIBLE
FR-216492,2025-11-08,2025-11-13,Chronopost,Lyon Distribution Center,Lille,3656.6,284.7,Livré,gros_camion,390.63,d0443b3d89fde63f,0af2667dc8f90230,50.53164,3.02585,5.0,218.6171,AUCUN
FR-719961,2025-10-26,2025-11-04,XPO Logistics,Bordeaux Logistics Park,Brest,3106.8,801.2,Livré,train,338.5,97c134953eabb671,078ba38196011c7f,48.50637,-4.46643,9.0,69.6967,FAIBLE
FR-716166,2024-10-04,2024-10-10,Kuehne+Nagel,Paris-CDG Hub,Paris,2773.5,323.1,Retardé,train,222.42,bcda6b0629bed55e,64c9db550ae3da06,48.80143,2.24456,6.0,25.0913,ÉLEVÉ
FR-333782,2025-01-13,2025-01-19,FedEx,Lyon Distribution Center,Toulouse,137.3,982.8,Retardé,petit_camion,94.13,77a37e0c1eabf2ac,02d1127676cd1235,43.5713,1.4938,6.0,16.1926,ÉLEVÉ
FR-736308,2026-03-02,2026-03-05,DB Schenker,Lyon Distribution Center,Nice,4254.4,167.7,Livré,gros_camion,440.45,ae8ce543547ae3d4,b983ec7a59e703ac,43.67022,7.27958,3.0,149.8272,AUCUN
FR-117347,2025-10-15,,Chronopost,Lyon Distribution Center,Nantes,6885.9,10.4,En attente,train,240.73,de6c9169a9ba75a9,c0ff94b41612278b,47.19027,-1.58368,,2.0052,AUCUN
FR-322084,2024-06-30,2024-07-02,Chronopost,Lyon Distribution Center,Toulouse,239.9,590.5,Livré,avion,337.28,9f825829469aca3d,670e95ee17e66452,43.66311,1.40105,2.0,134.5779,AUCUN
FR-769416,2025-07-06,2025-07-11,UPS,Paris-CDG Hub,Troyes,544.0,1132.0,Livré,petit_camion,179.96,1f5f2617ee232079,f23e781d4077d74c,48.36793,4.13512,5.0,73.897,AUCUN
FR-937831,2024-07-14,2024-07-22,Chronopost,Paris-CDG Hub,Lyon,4341.7,819.5,Livré,train,269.26,184fcccb030ef7f7,498015979e2e44b3,45.6423,4.84499,8.0,99.6246,FAIBLE
FR-672643,2026-02-06,2026-02-13,Kuehne+Nagel,Paris-CDG Hub,Marseille,137.9,998.3,Retardé,avion,289.41,75a44226210eb23d,0dc1a0372b35927a,43.23387,5.34468,7.0,130.7823,ÉLEVÉ
FR-670126,2025-01-24,,UPS,Bordeaux Logistics Park,Bordeaux,3414.9,204.8,En transit,train,215.71,a9bc7e3c6079a06c,31ce9444814b7aeb,44.77718,-0.52243,,19.5824,MOYEN
FR-661931,2024-12-15,2024-12-28,Kuehne+Nagel,Bordeaux Logistics Park,Le Mans,903.9,390.9,Livré,train,231.2,d1d9c071e6672d29,fe8722e2eec670ab,48.02608,0.16703,13.0,9.8934,FAIBLE
FR-668926,2025-08-02,2025-08-14,Chronopost,Marseille Port Depot,Nice,186.1,738.2,Livré,avion,311.54,176085ab92f665ad,dfaf1384a7bd33a7,43.74003,7.30048,12.0,130.5101,FAIBLE
FR-400931,2024-08-08,2024-08-18,DHL,Bordeaux Logistics Park,Nice,9.8,432.9,Livré,fourgonnette,16.21,bebe00cf88981ebb,dfc9dc79b7a69f53,43.67096,7.29441,10.0,0.3394,FAIBLE
FR-189464,2024-05-16,2024-05-23,FedEx,Bordeaux Logistics Park,Strasbourg,2346.9,543.8,Retardé,gros_camion,402.03,cca89aaad52adbdd,a826620590dab81e,48.49712,7.81523,7.0,268.0113,ÉLEVÉ
FR-389910,2025-11-30,2025-12-03,Unknown,Lyon Distribution Center,Nice,4705.0,728.2,Livré,train,357.05,5bb1ecc8ac6edde3,5d2524a06b0e652e,43.66929,7.26183,3.0,95.9331,AUCUN
FR-228046,2025-05-30,,Chronopost,Marseille Port Depot,Nice,46.9,441.1,En attente,avion,217.64,b5d62e25e9a7adb6,0cb1c39379cc2e78,43.6869,7.18226,,19.6532,AUCUN
FR-687100,2024-06-14,2024-06-19,DHL,Marseille Port Depot,Rennes,4619.4,938.5,Livré,gros_camion,492.9,d1d9c071e6672d29,6b2fc66d928f6226,48.1556,-1.61645,5.0,910.4144,AUCUN
FR-574013,2025-06-08,2025-06-14,FedEx,Paris-CDG Hub,Lille,1942.2,913.7,Livré,gros_camion,397.23,a411faa4604af305,ed9474dff4b8ab89,50.50799,3.1015,6.0,372.6635,FAIBLE
FR-852254,2025-05-30,2025-06-10,Kuehne+Nagel,Bordeaux Logistics Park,Nice,14.0,508.4,Retardé,avion,184.9,588860b1c06a5a7a,acc55f4a97ee40c7,43.65468,7.29035,11.0,6.7617,ÉLEVÉ
FR-380466,2025-05-02,,Chronopost,Bordeaux Logistics Park,Marseille,163.4,278.1,En attente,petit_camion,67.62,6dd72298f13e566b,b4681ea58cdb3804,43.2719,5.29997,,5.453,AUCUN
FR-170202,2026-02-05,2026-02-06,FedEx,Lyon Distribution Center,Marseille,6175.6,628.1,Livré,train,320.63,50b6dd7a25a72160,a3c81d8dbd9593b6,43.31486,5.4492,1.0,108.609,AUCUN
FR-777623,2025-01-05,,DHL,Lyon Distribution Center,Toulon,3887.7,482.9,En attente,train,232.27,b5eaeda6f050b47c,baa445c7c44b946b,43.17016,5.89459,,52.5664,AUCUN
FR-361716,2024-07-07,,GLS,Bordeaux Logistics Park,Nice,5719.2,954.0,En transit,train,363.43,b6a35244625ccc34,25d89d322a78bcba,43.70549,7.24589,,152.7713,MOYEN
FR-379215,2026-01-05,2026-01-11,GLS,Marseille Port Depot,Orléans,,611.2,Livré,petit_camion,170.69,ac1dabffaec6f025,8910ae026e1fd3c4,47.84345,1.89654,6.0,0.0,FAIBLE
FR-896184,2024-09-04,2024-09-08,DHL,Lyon Distribution Center,Annecy,6936.3,984.7,Livré,train,436.97,a7343d238975093d,7efa621c24217294,45.89464,6.0174,4.0,191.2449,AUCUN
FR-112763,2025-01-28,2025-01-29,Kuehne+Nagel,Paris-CDG Hub,Marseille,604.8,237.6,Retardé,petit_camion,124.19,6dd72298f13e566b,edf2496c08d90c82,43.27205,5.38467,1.0,17.2441,ÉLEVÉ
FR-765847,2024-09-29,2024-10-08,Kuehne+Nagel,Paris-CDG Hub,Metz,34.9,620.1,Livré,fourgonnette,12.84,b5eaeda6f050b47c,cef02c1373743429,49.10936,6.19071,9.0,1.7313,FAIBLE
FR-150939,2024-11-19,,FedEx,Marseille Port Depot,Marseille,,557.8,En transit,gros_camion,439.38,64be089ea6398de1,04c00e0380f3f8fe,43.29403,5.35465,,0.0,MOYEN
FR-195028,2025-03-26,,DHL,Bordeaux Logistics Park,Caen,148.7,1071.8,En transit,avion,333.32,98c6fa9a1549ec58,9e8e6f757bdadc7f,49.22552,-0.40493,,151.4078,MOYEN
FR-674100,2025-03-17,2025-03-20,Chronopost,Paris-CDG Hub,Angers,732.2,806.3,Retardé,petit_camion,183.66,3714a4bb9c0df2e3,3bea9e6c5e5436ff,47.42238,-0.5687,3.0,70.8447,ÉLEVÉ
FR-227795,2025-12-22,,Kuehne+Nagel,Marseille Port Depot,Rennes,160.3,814.9,En transit,avion,303.92,2bfcfe607c0a5f31,64ca07e68c75c3d7,48.0725,-1.72434,,124.097,MOYEN
FR-949256,2025-12-01,2025-12-07,Unknown,Paris-CDG Hub,Bordeaux,5030.5,1089.8,Livré,train,346.82,649f91ae50effe2e,8c407ae3122ba1ac,44.7734,-0.71077,6.0,153.5027,FAIBLE
FR-711004,2024-06-14,2024-06-22,Chronopost,Lyon Distribution Center,Lyon,2744.0,531.9,Livré,gros_camion,356.51,75a44226210eb23d,34f5c715f5403bb4,45.71969,4.84913,8.0,306.5021,FAIBLE
FR-476742,2024-10-26,2024-11-06,GLS,Paris-CDG Hub,Nantes,,512.0,Livré,avion,277.79,4dc658302b612f5c,bcd49aaeb0ed428a,47.25279,-1.53262,11.0,0.0,FAIBLE
FR-283965,2025-07-01,2025-07-05,DB Schenker,Paris-CDG Hub,Lyon,392.2,449.2,Livré,petit_camion,87.95,0915a7642195cf8a,fd03d43da454795d,45.8531,4.78244,4.0,21.1411,AUCUN
FR-527826,2025-01-17,,XPO Logistics,Bordeaux Logistics Park,Rennes,1788.9,769.1,En transit,train,290.58,b4b018a4be786430,0d07a32b559ceb00,48.13315,-1.58275,,38.5236,MOYEN
FR-803798,2025-04-18,2025-04-27,XPO Logistics,Bordeaux Logistics Park,Montpellier,3405.4,1023.7,Retardé,train,315.22,2debffb0c60c520e,71b95d0786a7d635,43.62523,3.88972,9.0,97.611,ÉLEVÉ
FR-430814,2024-05-19,2024-05-29,Unknown,Marseille Port Depot,Clermont-Ferrand,444.4,618.9,Retourné,petit_camion,102.14,b8ed8df564cec2ef,22d19d4205ae8620,45.76948,3.10853,10.0,33.0047,AUCUN
FR-117297,2025-06-19,2025-06-30,Chronopost,Paris-CDG Hub,Lyon,133.2,1011.7,Livré,avion,401.99,ccd16f4072984dcc,2cda219f4d7f04fc,45.70826,4.84058,11.0,128.0205,FAIBLE
FR-906970,2025-07-01,2025-07-14,GLS,Marseille Port Depot,Nice,120.0,643.4,Livré,avion,260.71,6dcb5f2757af7881,612cb6a2c1789ab5,43.6672,7.28984,13.0,73.3476,FAIBLE
FR-977200,2025-12-30,,Kuehne+Nagel,Paris-CDG Hub,Dijon,115.2,55.2,En attente,avion,288.75,ac1dabffaec6f025,eb98ef1b151269f2,47.31577,4.98287,,6.0411,AUCUN
FR-138635,2025-11-29,2025-12-03,FedEx,Paris-CDG Hub,Nice,25.8,595.9,Livré,fourgonnette,15.66,7334ee7ff8765e16,8afc7dc5942953cd,43.73093,7.3366,4.0,1.2299,AUCUN
FR-250575,2025-09-19,2025-10-02,DB Schenker,Paris-CDG Hub,Orléans,15.9,314.7,Livré,fourgonnette,7.06,ba4df4a50d5ef322,95097d9568a7729e,47.86426,1.92965,13.0,0.4003,FAIBLE
FR-413295,2024-11-16,2024-11-19,Unknown,Bordeaux Logistics Park,Toulon,,815.4,Livré,fourgonnette,22.21,176085ab92f665ad,aea041fc683753e3,43.09351,5.93746,3.0,0.0,AUCUN
FR-440615,2024-10-31,2024-11-01,DHL,Paris-CDG Hub,Rennes,,343.6,Retardé,petit_camion,132.79,b4b018a4be786430,d7366cb084e3edf9,48.20356,-1.6442,1.0,0.0,ÉLEVÉ
FR-577266,2024-08-27,2024-09-04,DB Schenker,Marseille Port Depot,Metz,5803.1,69.8,Livré,train,231.15,4761f7fa3a69433b,177e9a7debacfa6e,49.11155,6.21074,8.0,11.3416,FAIBLE
FR-987516,2024-12-13,2024-12-14,UPS,Lyon Distribution Center,Paris,18.2,780.9,Retardé,fourgonnette,9.93,45466476afe9982a,10e31f798ccfb952,48.94663,2.41415,1.0,1.137,ÉLEVÉ
FR-100159,2024-05-10,2024-05-14,Kuehne+Nagel,Bordeaux Logistics Park,Lille,1571.6,932.7,Retardé,train,232.52,ba4df4a50d5ef322,64c18116a0c54cb3,50.59789,3.05807,4.0,41.0433,ÉLEVÉ
FR-913349,2024-11-21,,UPS,Bordeaux Logistics Park,Bordeaux,6056.8,386.4,En transit,train,276.02,6ab1a44406435c4c,250452eede9114fa,44.88073,-0.57163,,65.5297,MOYEN
FR-191218,2024-10-20,2024-11-01,Kuehne+Nagel,Lyon Distribution Center,Lyon,3171.4,1116.9,Livré,gros_camion,563.04,6b16b395ec3a9551,df0ed39a096a5e48,45.75557,4.84567,12.0,743.8487,FAIBLE
FR-985258,2025-07-22,,UPS,Lyon Distribution Center,Strasbourg,32.4,67.3,En attente,fourgonnette,10.56,2debffb0c60c520e,06627edb9ebbe692,48.55074,7.82472,,0.1744,AUCUN
FR-126654,2025-10-06,,Chronopost,Marseille Port Depot,Caen,647.2,907.3,En transit,petit_camion,128.49,964fb47ecc48fb44,57ff9538bbd75e2f,49.18981,-0.3877,,70.4645,MOYEN
FR-416480,2025-04-17,2025-04-20,Chronopost,Bordeaux Logistics Park,Brest,3084.0,128.8,Livré,gros_camion,364.2,50b6dd7a25a72160,a402e904b3a07111,48.37897,-4.53582,3.0,83.416,AUCUN
FR-807173,2024-05-13,,Unknown,Bordeaux Logistics Park,Vannes,3482.4,917.1,En transit,train,313.79,737b27ae09a06d30,496869808d2ee35e,47.64631,-2.79488,,89.4239,MOYEN
FR-523332,2024-09-07,2024-09-12,Unknown,Paris-CDG Hub,Angers,5313.9,689.1,Livré,train,353.73,9f825829469aca3d,16e36ec1e41bd22d,47.5415,-0.55421,5.0,102.5306,AUCUN
FR-652439,2025-07-26,2025-07-30,UPS,Paris-CDG Hub,Clermont-Ferrand,62.4,586.1,Livré,avion,322.69,6b16b395ec3a9551,b11cad76815f5bcf,45.77824,3.09854,4.0,34.744,AUCUN
FR-811195,2025-01-29,2025-02-08,Chronopost,Marseille Port Depot,Marseille,4358.2,385.0,Livré,gros_camion,419.7,dcc4a7b2cb980dd1,ada6db4e31d05aa3,43.32843,5.35796,10.0,352.3605,FAIBLE
FR-175451,2025-11-16,2025-11-18,Unknown,Paris-CDG Hub,La Rochelle,5231.9,542.7,Livré,train,277.24,b3ede2357f536e0a,ffbe887aa52513b8,46.16568,-1.13051,2.0,79.5019,AUCUN
FR-581725,2024-11-22,2024-12-05,DHL,Marseille Port Depot,Nantes,7232.6,812.5,Livré,train,363.31,b3ede2357f536e0a,5b5231f668ad8874,47.24573,-1.55923,13.0,164.5417,FAIBLE
FR-629739,2024-09-12,2024-09-15,XPO Logistics,Marseille Port Depot,Toulouse,4920.9,236.2,Livré,gros_camion,476.42,abb3d464b81216db,eadf8e6bf66271d9,43.57263,1.46859,3.0,244.0865,AUCUN
FR-398335,2025-09-03,,FedEx,Paris-CDG Hub,Marseille,4040.8,603.7,En transit,gros_camion,407.27,be6b5843204f29e6,bb39602dd63e69d7,43.26172,5.31559,,512.2805,MOYEN
FR-536679,2025-12-20,2025-12-29,DHL,Lyon Distribution Center,Lille,47.8,598.7,Livré,fourgonnette,16.26,98c6fa9a1549ec58,58e4a573dacec830,50.62497,3.02369,9.0,2.2894,FAIBLE
FR-939953,2026-03-12,2026-03-17,DB Schenker,Lyon Distribution Center,Orléans,193.7,1102.7,Livré,petit_camion,85.44,3275c62b4a30ee93,905625033ca66560,47.88255,1.94362,5.0,25.6312,AUCUN
FR-440676,2025-01-07,,Kuehne+Nagel,Paris-CDG Hub,Bordeaux,14.5,430.1,En transit,fourgonnette,17.82,6b16b395ec3a9551,63fb4d4c21fe2427,44.83142,-0.50364,,0.4989,MOYEN
FR-487699,2024-08-13,2024-08-16,GLS,Marseille Port Depot,Paris,323.3,361.3,Livré,petit_camion,118.59,6ab1a44406435c4c,6bbc806e4f2c12f5,48.91839,2.29865,3.0,14.017,AUCUN
FR-571017,2024-04-30,2024-05-01,XPO Logistics,Lyon Distribution Center,Lille,10.4,162.2,Livré,avion,239.0,4e3a294f61cb834d,66394e62ff6d3e4d,50.57484,3.00301,1.0,1.6025,AUCUN
FR-226479,2025-09-12,2025-09-17,UPS,Paris-CDG Hub,Bordeaux,3779.1,209.1,Livré,gros_camion,418.88,2c7e84ab9c91b547,84a5969ea815b5cd,44.75838,-0.53955,5.0,165.9441,AUCUN
FR-242180,2024-08-06,2024-08-15,Kuehne+Nagel,Lyon Distribution Center,Annecy,3728.3,860.0,Livré,gros_camion,493.78,45466476afe9982a,f6201dda350470dd,45.8724,6.1564,9.0,673.331,FAIBLE
FR-792485,2025-04-01,2025-04-02,DB Schenker,Marseille Port Depot,Nice,335.4,204.0,Livré,petit_camion,107.13,d21c62bed959dcf6,906c25930884f7c7,43.63431,7.24415,1.0,8.2106,AUCUN
FR-694821,2024-10-11,2024-10-16,GLS,Marseille Port Depot,Lyon,47.6,279.8,Livré,fourgonnette,18.44,dc995e4ea96bebf0,b3f483999be74ce3,45.78283,4.87619,5.0,1.0655,AUCUN
FR-611181,2025-05-06,2025-05-13,Kuehne+Nagel,Paris-CDG Hub,Paris,1901.9,33.6,Retourné,train,180.08,afdb5de261053424,a36fc708af559731,48.82234,2.34462,7.0,1.7893,AUCUN
FR-588765,2024-06-15,2024-06-21,FedEx,Paris-CDG Hub,Toulouse,7865.4,944.0,Livré,train,486.73,176085ab92f665ad,c56e4563550b08d1,43.62592,1.4358,6.0,207.8983,FAIBLE
FR-125991,2024-11-30,2024-12-01,DHL,Marseille Port Depot,Nice,3527.0,888.1,Livré,train,348.01,2c7e84ab9c91b547,f42cc4d317a7f232,43.70603,7.18952,1.0,87.7052,AUCUN
FR-564507,2025-12-03,,Chronopost,Marseille Port Depot,Lyon,231.5,91.3,En attente,avion,317.31,b1a521ada32f8bf9,ca7a9f4150e54cac,45.80457,4.77829,,20.0792,AUCUN
FR-719055,2025-03-18,2025-03-29,DHL,Lyon Distribution Center,Calais,2686.2,738.6,Livré,gros_camion,381.7,7334ee7ff8765e16,9f3de2b983e6a1f3,50.88218,1.93574,11.0,416.6457,FAIBLE
FR-353091,2024-07-18,2024-07-27,Chronopost,Marseille Port Depot,Ajaccio,,894.0,Livré,petit_camion,120.96,a9bc7e3c6079a06c,9aa034bf86974f3d,42.00307,8.71398,9.0,0.0,FAIBLE
FR-523159,2024-06-08,,DB Schenker,Lyon Distribution Center,Toulouse,663.8,69.5,En transit,petit_camion,133.61,420ccf90b5c7ed29,4437999ababd29c3,43.60134,1.40841,,5.5361,MOYEN
FR-281561,2024-10-04,,GLS,Marseille Port Depot,Metz,24.9,347.1,En transit,fourgonnette,16.56,2210da77fef00168,665dc54a0c213179,49.12699,6.21402,,0.6914,MOYEN
FR-334864,2026-03-21,,Unknown,Lyon Distribution Center,Nantes,,849.5,En transit,gros_camion,379.68,d21c62bed959dcf6,4f161a3e3be81548,47.19445,-1.64228,,0.0,MOYEN
FR-188835,2024-11-26,2024-12-07,XPO Logistics,Bordeaux Logistics Park,La Rochelle,623.3,497.5,Livré,petit_camion,142.79,b5d62e25e9a7adb6,cf7e5b39650a8f29,46.2031,-1.10321,11.0,37.211,FAIBLE
FR-771314,2024-07-04,2024-07-16,Unknown,Marseille Port Depot,Toulouse,89.1,996.0,Livré,avion,407.24,176085ab92f665ad,f07495b4c32f6058,43.59321,1.40163,12.0,84.3064,FAIBLE
FR-970946,2024-06-04,2024-06-09,UPS,Marseille Port Depot,Metz,21.0,25.8,Livré,fourgonnette,9.13,6dcb5f2757af7881,557114e23674d7cb,49.19904,6.15237,5.0,0.0433,AUCUN
FR-747652,2026-02-01,2026-02-07,XPO Logistics,Paris-CDG Hub,Bordeaux,36.8,1059.2,Livré,fourgonnette,12.32,213616dfc61bfad5,adc5c48ea17154db,44.76892,-0.60744,6.0,3.1183,FAIBLE
FR-727099,2026-02-19,,UPS,Paris-CDG Hub,Nantes,34.1,500.1,En attente,fourgonnette,17.8,abbd60b0df7fec89,79f300244aae4c30,47.22506,-1.53853,,1.3643,AUCUN
FR-193500,2025-02-15,,DB Schenker,Marseille Port Depot,Lyon,4561.8,253.1,En attente,gros_camion,431.75,afdb5de261053424,ee018f07b63a3ec6,45.71867,4.92117,,242.4642,AUCUN
FR-766015,2025-05-11,2025-05-23,UPS,Bordeaux Logistics Park,Le Mans,205.5,1013.6,Livré,avion,446.11,46b06486d10dd744,478aec886fc3b319,47.98801,0.26037,12.0,197.8801,FAIBLE
FR-890666,2026-03-20,2026-03-28,DB Schenker,Paris-CDG Hub,Lille,1081.3,1054.0,Livré,gros_camion,354.56,964fb47ecc48fb44,8ae275c56b0a7af0,50.6195,3.02413,8.0,239.3349,FAIBLE
FR-626670,2025-10-10,,UPS,Paris-CDG Hub,Toulouse,35.5,455.6,En attente,fourgonnette,12.85,0a09e9b5dbb0d8ab,a7b1878fbc5c7d01,43.63464,1.47762,,1.2939,AUCUN
FR-345144,2024-09-09,,FedEx,Marseille Port Depot,Rouen,1552.4,808.7,En transit,train,271.17,2debffb0c60c520e,73cd18354dc5c7af,49.47516,1.02659,,35.1519,MOYEN
FR-670201,2025-08-29,2025-09-08,Chronopost,Marseille Port Depot,Bordeaux,9.7,723.7,Livré,fourgonnette,19.2,649f91ae50effe2e,7f1400f0823b1a79,44.89322,-0.54936,10.0,0.5616,FAIBLE
FR-307352,2024-12-21,,DHL,Lyon Distribution Center,Tours,164.0,990.3,En attente,avion,310.8,9f825829469aca3d,e4e4e75b5a692b51,47.43107,0.72562,,154.2887,AUCUN
FR-915495,2026-03-04,2026-03-17,Kuehne+Nagel,Paris-CDG Hub,Brest,792.3,803.5,Livré,train,207.67,7762a147989c85a8,c5de8aa8d04ce1b5,48.36694,-4.45387,13.0,17.8252,FAIBLE
FR-603551,2025-10-28,2025-11-09,Chronopost,Paris-CDG Hub,Auxerre,28.8,371.8,Retardé,fourgonnette,11.41,213616dfc61bfad5,ecc4ff190984eb7e,47.7073,3.60343,12.0,0.8566,ÉLEVÉ
FR-463298,2025-12-15,2025-12-23,DB Schenker,Paris-CDG Hub,Reims,0.8,1126.7,Livré,fourgonnette,14.36,ddd94bb935d6fc90,b6660d9b548ddba4,49.24073,3.35757,8.0,0.0721,FAIBLE
FR-401994,2026-02-20,,XPO Logistics,Bordeaux Logistics Park,Bordeaux,2236.0,637.9,En transit,gros_camion,343.72,7334ee7ff8765e16,5ac601c35f8c60b9,44.87239,-0.49933,,299.5323,MOYEN
FR-910421,2025-10-16,,UPS,Marseille Port Depot,Clermont-Ferrand,106.4,110.6,En transit,avion,268.96,57305694cae2b1d0,21b45d8da979e8cc,45.79929,3.08707,,11.1794,MOYEN
FR-945978,2024-10-24,2024-11-02,DHL,Paris-CDG Hub,Paris,3703.1,727.6,Livré,gros_camion,491.0,9f825829469aca3d,b160b33e2b859d85,48.84631,2.31487,9.0,565.8189,FAIBLE
FR-528395,2025-11-17,2025-11-19,FedEx,Bordeaux Logistics Park,Lyon,3788.4,640.6,Livré,train,362.16,964fb47ecc48fb44,ffd492c8a11e7376,45.73337,4.88829,2.0,67.9518,AUCUN
FR-461309,2025-11-15,2025-11-27,DB Schenker,Lyon Distribution Center,Grenoble,2078.8,972.7,Retardé,train,232.27,c0fdb3ce997f47fa,f077f6bf32bb6a83,45.21716,5.63521,12.0,56.6174,ÉLEVÉ
FR-897124,2024-11-04,2024-11-12,DHL,Marseille Port Depot,Lyon,4254.0,77.8,Retardé,gros_camion,376.1,d1d9c071e6672d29,228d2af9eaf36a57,45.82047,4.86978,8.0,69.5019,ÉLEVÉ
FR-764846,2025-09-11,,UPS,Bordeaux Logistics Park,Bordeaux,26.4,570.3,En transit,fourgonnette,16.55,b4b018a4be786430,d9a58fd8e8a241e2,44.85647,-0.61464,,1.2045,MOYEN
FR-868223,2025-08-27,2025-08-28,FedEx,Marseille Port Depot,Nice,434.7,1044.8,Retourné,petit_camion,133.82,e99e31c1b5468d2d,9be130bea5d5b4a8,43.72104,7.20713,1.0,54.5009,AUCUN
FR-437629,2025-07-21,2025-07-27,DHL,Marseille Port Depot,Rennes,639.2,310.8,Livré,petit_camion,148.34,89b72f42de629ac1,bbdc1b746acdedfd,48.12407,-1.76122,6.0,23.8396,FAIBLE
FR-383006,2025-06-06,2025-06-16,DB Schenker,Paris-CDG Hub,Rennes,58.8,325.8,Livré,avion,254.01,737b27ae09a06d30,a3e4256b403dc974,48.15236,-1.66872,10.0,18.1992,FAIBLE
FR-547244,2024-12-11,2024-12-24,GLS,Marseille Port Depot,Strasbourg,2954.3,847.9,Retardé,gros_camion,515.03,abbd60b0df7fec89,4fc3a75a72f88ce8,48.57997,7.73173,13.0,526.0397,ÉLEVÉ
FR-575278,2024-11-13,2024-11-18,XPO Logistics,Lyon Distribution Center,Lille,378.6,1008.6,Livré,petit_camion,109.09,94f32f590e70c04a,810bae4889062235,50.70579,3.04769,5.0,45.8227,AUCUN
FR-848423,2024-07-07,2024-07-08,Chronopost,Bordeaux Logistics Park,Toulouse,,159.3,Livré,fourgonnette,15.78,2e77fde05867cb62,bec3aabf3edddcdf,43.5727,1.43589,1.0,0.0,AUCUN
FR-952159,2025-09-07,2025-09-08,DHL,Paris-CDG Hub,Bordeaux,299.2,359.6,Livré,petit_camion,71.74,98c6fa9a1549ec58,333cbab05bc8b1a1,44.85437,-0.55253,1.0,12.9111,AUCUN
FR-623562,2026-03-03,2026-03-13,DB Schenker,Bordeaux Logistics Park,Bordeaux,7925.8,381.1,Livré,train,348.25,7762a147989c85a8,ce9c8d40c099005c,44.83876,-0.56771,10.0,84.5746,FAIBLE
FR-235639,2026-04-16,,Chronopost,Bordeaux Logistics Park,Toulouse,2547.1,416.3,En attente,train,236.58,5bb1ecc8ac6edde3,7b555fb2dac86bdf,43.62803,1.52025,,29.69,AUCUN
FR-207524,2024-11-07,,DB Schenker,Paris-CDG Hub,Toulouse,63.1,863.4,En attente,avion,381.23,60d3bd00a0e40db3,97bd511517a59b83,43.57328,1.42812,,51.7565,AUCUN
FR-366909,2025-05-09,2025-05-10,Kuehne+Nagel,Marseille Port Depot,Marseille,133.3,352.7,Livré,avion,298.68,be6b5843204f29e6,c01713344ecdca66,43.20622,5.43849,1.0,44.6642,AUCUN
FR-457226,2024-08-16,2024-08-20,DB Schenker,Lyon Distribution Center,Brest,20.8,677.1,Retardé,fourgonnette,20.7,4d783fa3092cb304,5848ba70908f413f,48.35382,-4.49852,4.0,1.1267,ÉLEVÉ
FR-963428,2025-12-02,,DHL,Bordeaux Logistics Park,Paris,26.8,132.9,En transit,fourgonnette,8.6,cca89aaad52adbdd,755a64c2a973b5bd,48.83506,2.3449,,0.2849,MOYEN
FR-303117,2025-10-04,2025-10-10,Chronopost,Paris-CDG Hub,Lille,1.3,818.2,Livré,fourgonnette,8.22,2debffb0c60c520e,3259f1391d00c010,50.57452,3.01618,6.0,0.0851,FAIBLE
FR-522641,2024-09-19,,GLS,Marseille Port Depot,Nantes,38.8,62.4,En transit,fourgonnette,14.31,b6a35244625ccc34,bd0fd7991e4c7510,47.21258,-1.56822,,0.1937,MOYEN
FR-488422,2025-04-24,2025-04-28,Chronopost,Marseille Port Depot,Rouen,18.5,480.4,Livré,avion,171.6,286f327fca2fc8f0,bf3e89d52fd2b8d3,49.44391,1.02108,4.0,8.443,AUCUN
FR-573288,2025-08-26,2025-09-02,Unknown,Paris-CDG Hub,Bordeaux,,489.8,Retardé,avion,382.86,abbd60b0df7fec89,b37bf1c71547e32c,44.85292,-0.54156,7.0,0.0,ÉLEVÉ
FR-355927,2026-01-20,2026-01-24,XPO Logistics,Marseille Port Depot,Toulouse,1847.9,661.5,Livré,gros_camion,334.49,be6b5843204f29e6,4d97982e80e45ea6,43.65482,1.49844,4.0,256.701,AUCUN
FR-143856,2025-06-16,2025-06-19,XPO Logistics,Paris-CDG Hub,Nantes,23.0,938.4,Retardé,fourgonnette,23.69,98c6fa9a1549ec58,000989f485b5a1b2,47.15374,-1.52498,3.0,1.7267,ÉLEVÉ
FR-408479,2026-04-23,2026-04-25,Chronopost,Bordeaux Logistics Park,Nantes,647.9,871.8,Retardé,petit_camion,169.29,2debffb0c60c520e,ad4c761100727460,47.19972,-1.57896,2.0,67.7807,ÉLEVÉ
FR-934379,2024-08-25,,Chronopost,Paris-CDG Hub,Paris,1.9,704.1,En attente,fourgonnette,7.04,be6b5843204f29e6,26b041d41fccf16c,48.93481,2.37275,,0.107,AUCUN
FR-374349,2025-11-22,2025-12-05,Chronopost,Paris-CDG Hub,Toulouse,219.6,982.6,Livré,petit_camion,140.83,2bfcfe607c0a5f31,9d9375277059f539,43.63857,1.40545,13.0,25.8935,FAIBLE
FR-545563,2025-05-12,2025-05-16,GLS,Lyon Distribution Center,Marseille,1676.1,362.7,Retardé,gros_camion,364.0,5544f6afe2c2fa55,e6a24eefde4a2f60,43.3814,5.32655,4.0,127.6635,ÉLEVÉ
FR-120323,2024-05-26,2024-05-28,Chronopost,Marseille Port Depot,Lille,7217.7,363.8,Livré,train,315.98,46b06486d10dd744,ab1c2d3c619634f4,50.67812,3.08341,2.0,73.5224,AUCUN
FR-387635,2026-01-24,2026-02-03,DHL,Paris-CDG Hub,Paris,167.2,1186.2,Livré,petit_camion,147.13,a7343d238975093d,44ba5661109eb51f,48.77236,2.24897,10.0,23.7999,FAIBLE
FR-452215,2024-09-17,2024-09-22,Chronopost,Bordeaux Logistics Park,Brest,195.1,29.3,Livré,avion,344.8,1e3f6890d2ddffa6,c9c84aa908a455b2,48.35177,-4.44459,5.0,5.4306,AUCUN
FR-355083,2025-10-09,2025-10-11,Chronopost,Paris-CDG Hub,Lille,4536.2,1133.3,Livré,gros_camion,639.24,b3ede2357f536e0a,8b0f987d17dd4ffa,50.59243,3.09337,2.0,1079.5838,AUCUN
FR-866759,2025-04-22,2025-04-27,XPO Logistics,Marseille Port Depot,Lyon,989.0,883.6,Livré,gros_camion,322.52,3275c62b4a30ee93,32a3b317b7bf7a38,45.74816,4.83457,5.0,183.5149,AUCUN
FR-300417,2026-03-15,2026-03-17,DHL,Paris-CDG Hub,Nice,31.9,968.6,Livré,fourgonnette,15.69,9f825829469aca3d,6195332f0eaefcf3,43.72902,7.27756,2.0,2.4719,AUCUN
FR-236645,2024-06-01,2024-06-14,DHL,Bordeaux Logistics Park,Saint-Étienne,678.1,741.2,Livré,petit_camion,158.17,ac1dabffaec6f025,04721702b0ec2ee7,45.39447,4.44584,13.0,60.3129,FAIBLE
FR-881453,2025-03-09,2025-03-21,DB Schenker,Bordeaux Logistics Park,Strasbourg,5373.4,133.1,Livré,train,264.15,3714a4bb9c0df2e3,25656801c7d5504a,48.57956,7.79832,12.0,20.0256,FAIBLE
FR-140542,2025-09-16,2025-09-23,DHL,Lyon Distribution Center,Marseille,41.6,1172.4,Livré,fourgonnette,17.65,867749e4b7692143,467164e03acb0a32,43.2684,5.42053,7.0,3.9017,FAIBLE
FR-597488,2026-04-02,2026-04-10,GLS,Paris-CDG Hub,Bordeaux,1462.4,698.4,Retourné,train,267.94,5544f6afe2c2fa55,55c6786c7118cca1,44.87178,-0.52436,8.0,28.5975,AUCUN
FR-773243,2024-06-17,,XPO Logistics,Paris-CDG Hub,Toulouse,2999.0,345.9,En transit,gros_camion,351.61,dc995e4ea96bebf0,02814f6702b380d4,43.66372,1.55812,,217.8444,MOYEN
FR-438585,2024-06-07,,DHL,Paris-CDG Hub,Tours,2808.3,740.2,En attente,train,336.99,7762a147989c85a8,e92092cefcf19291,47.36814,0.793,,58.2037,AUCUN
FR-435513,2026-02-07,,FedEx,Lyon Distribution Center,Lille,781.4,1001.5,En attente,petit_camion,166.81,2bfcfe607c0a5f31,c15b73237ff708e1,50.51639,2.99838,,93.9087,AUCUN
FR-195790,2024-10-24,2024-11-03,FedEx,Marseille Port Depot,Nantes,765.9,190.2,Livré,petit_camion,128.95,ba4df4a50d5ef322,c7878e3e02d3beeb,47.20828,-1.54975,10.0,17.4809,FAIBLE
FR-960661,2026-04-26,,DB Schenker,Bordeaux Logistics Park,Lyon,64.3,361.6,En transit,avion,257.5,144818883fd1fd2e,efd0404fafeafeaa,45.74779,4.8824,,22.0883,MOYEN
FR-595919,2024-06-04,2024-06-10,Chronopost,Paris-CDG Hub,Rennes,6376.0,339.7,Retardé,train,376.23,1f5f2617ee232079,e29ee541f1b64bcc,48.11223,-1.70244,6.0,60.646,ÉLEVÉ
FR-438526,2025-04-18,,DHL,Lyon Distribution Center,Saint-Étienne,17.4,1049.9,En transit,fourgonnette,9.15,89b72f42de629ac1,8d4978062ad1934a,45.44628,4.35772,,1.4615,MOYEN
FR-781707,2025-06-22,,Chronopost,Lyon Distribution Center,Toulouse,3148.3,961.7,En attente,train,323.47,867749e4b7692143,8ca362814166d0bf,43.63282,1.42481,,84.7762,AUCUN
FR-468863,2024-12-02,,UPS,Marseille Port Depot,Paris,191.2,632.8,En transit,avion,327.44,6b16b395ec3a9551,41984254099dab99,48.83074,2.32479,,114.9418,MOYEN
FR-636069,2025-05-27,2025-06-09,Kuehne+Nagel,Paris-CDG Hub,Bordeaux,1410.4,611.8,Retourné,gros_camion,277.66,4d783fa3092cb304,f77d2ca9ea25e872,44.86515,-0.57576,13.0,181.2054,AUCUN
FR-560814,2025-12-31,2026-01-08,DB Schenker,Lyon Distribution Center,Nantes,4773.1,1012.2,Livré,gros_camion,558.14,144818883fd1fd2e,06cf2bd2ea64a3bf,47.22101,-1.60663,8.0,1014.5797,FAIBLE
FR-202166,2024-10-14,,Chronopost,Bordeaux Logistics Park,Marseille,23.7,350.2,En transit,avion,252.74,6e21cb30cd3271a9,35660890f8b1b630,43.27843,5.36659,,7.8848,MOYEN
FR-955754,2024-09-20,2024-09-30,GLS,Marseille Port Depot,Angers,523.0,890.2,Livré,petit_camion,150.86,cca89aaad52adbdd,5e934577cf2c9da2,47.52532,-0.60926,10.0,55.869,FAIBLE
FR-769211,2026-03-19,2026-03-24,Unknown,Paris-CDG Hub,Marseille,23.3,814.2,Livré,fourgonnette,17.38,d0443b3d89fde63f,f50757ea752657ac,43.32193,5.45133,5.0,1.5177,AUCUN
FR-653044,2025-08-28,2025-08-31,XPO Logistics,Marseille Port Depot,Rennes,148.9,695.0,Livré,avion,287.77,184fcccb030ef7f7,a23d906f9b805086,48.10813,-1.76129,3.0,98.3112,AUCUN
FR-618490,2026-02-01,,Chronopost,Bordeaux Logistics Park,Toulon,2955.3,165.3,En transit,gros_camion,338.07,a9bc7e3c6079a06c,26dffce9e5848534,43.0322,5.92639,,102.5873,MOYEN
FR-187980,2024-07-10,2024-07-13,XPO Logistics,Lyon Distribution Center,Strasbourg,31.5,665.1,Livré,fourgonnette,14.19,577bd3cc79f49864,77bf910e087f415f,48.62438,7.67825,3.0,1.6761,AUCUN
FR-418488,2025-10-06,,DHL,Paris-CDG Hub,Marseille,6430.2,467.8,En attente,train,335.87,93141cbfc2990e76,6561baaba039ec0f,43.30006,5.30512,,84.2253,AUCUN
FR-449115,2025-12-17,2025-12-21,UPS,Bordeaux Logistics Park,Lille,,34.0,Livré,gros_camion,360.1,a9bc7e3c6079a06c,901e8db5b78b8f8e,50.63226,3.06104,4.0,0.0,AUCUN
FR-435468,2025-03-22,2025-03-30,DHL,Bordeaux Logistics Park,Marseille,11.4,174.4,Livré,fourgonnette,15.4,4dc658302b612f5c,66a29e3f6afae484,43.25616,5.28517,8.0,0.1591,FAIBLE
FR-290271,2025-08-26,,GLS,Paris-CDG Hub,Perpignan,163.9,401.0,En attente,petit_camion,60.7,2e49ed8efc869923,cfb3232e61e89dd9,42.66996,2.87227,,7.8869,AUCUN
FR-452580,2026-04-22,2026-04-30,UPS,Lyon Distribution Center,Toulon,7227.5,1016.9,Livré,train,396.47,80c6e1b004c4d98c,40e55e413a683b77,43.12305,5.89157,8.0,205.7901,FAIBLE
FR-120039,2026-04-18,,Kuehne+Nagel,Paris-CDG Hub,Lille,218.0,944.2,En transit,avion,400.2,c0fdb3ce997f47fa,d3f8e873bf724116,50.60948,3.04971,,195.5438,MOYEN
FR-438250,2025-10-16,2025-10-18,DHL,Marseille Port Depot,Paris,47.6,401.3,Livré,fourgonnette,16.81,64be089ea6398de1,f458cef8a63acb8a,48.8767,2.3161,2.0,1.5282,AUCUN
FR-566933,2026-04-04,2026-04-10,Chronopost,Bordeaux Logistics Park,Mulhouse,406.6,1020.4,Retourné,petit_camion,128.04,d23122a5cb6fdbb4,7d123a3c6aefcea5,47.87506,7.34914,6.0,49.7874,AUCUN
FR-511012,2025-11-07,,GLS,Paris-CDG Hub,Metz,230.6,179.0,En attente,avion,309.41,57305694cae2b1d0,d47847ca7a92f557,49.10911,6.14658,,39.2135,AUCUN
FR-798614,2025-12-08,,Chronopost,Bordeaux Logistics Park,Marseille,35.7,22.8,En transit,avion,205.37,4f34261f7c38ba0c,838fa56103fef995,43.34713,5.36189,,0.7733,MOYEN
FR-913820,2025-10-28,,XPO Logistics,Paris-CDG Hub,Lyon,496.5,504.0,En attente,petit_camion,117.34,50b6dd7a25a72160,de3287af093f8c26,45.68123,4.82142,,30.0283,AUCUN
FR-870644,2025-08-21,,FedEx,Bordeaux Logistics Park,Nantes,512.3,457.9,En transit,train,205.63,588860b1c06a5a7a,d62a6bbe6d9e40ed,47.25318,-1.40939,,6.5683,MOYEN
FR-987457,2025-07-09,2025-07-10,DB Schenker,Marseille Port Depot,La Rochelle,579.2,376.2,Livré,petit_camion,109.58,1f5f2617ee232079,7105325aebe638d8,46.22294,-1.17351,1.0,26.1474,AUCUN
FR-493444,2024-10-14,2024-10-15,GLS,Paris-CDG Hub,Mulhouse,2.1,646.6,Retardé,fourgonnette,7.25,e99e31c1b5468d2d,3b9b5331bf2c348d,47.76321,7.25462,1.0,0.1086,ÉLEVÉ
FR-566995,2025-04-24,2025-05-03,GLS,Paris-CDG Hub,Lyon,6706.4,10.7,Retardé,train,266.33,1e3f6890d2ddffa6,195066aa8a5e3fd9,45.73012,4.83015,9.0,2.0092,ÉLEVÉ
FR-778173,2025-10-12,,Kuehne+Nagel,Bordeaux Logistics Park,Nice,765.1,81.7,En attente,petit_camion,114.08,b5d62e25e9a7adb6,77395cfa969cc890,43.69096,7.27643,,7.501,AUCUN
FR-386610,2025-11-16,2025-11-18,DHL,Lyon Distribution Center,Mulhouse,43.8,577.1,Livré,avion,305.34,c0fdb3ce997f47fa,9b9792f1c8b0b2da,47.73372,7.33599,2.0,24.0131,AUCUN
FR-447526,2026-03-20,2026-03-22,GLS,Lyon Distribution Center,Reims,35.2,241.2,Livré,fourgonnette,12.59,d0443b3d89fde63f,30b7ac6ba307205a,49.24612,3.23221,2.0,0.6792,AUCUN
FR-313893,2024-06-10,2024-06-20,Chronopost,Marseille Port Depot,Lille,17.9,61.3,Livré,fourgonnette,7.92,588860b1c06a5a7a,8e62cd41f353205b,50.62696,3.06643,10.0,0.0878,FAIBLE
FR-365369,2025-10-25,,DHL,Paris-CDG Hub,Valence,41.4,838.9,En transit,fourgonnette,23.15,2c7e84ab9c91b547,858fe80998ae2bc2,44.88489,4.87252,,2.7784,MOYEN
FR-851331,2024-08-30,2024-09-09,Kuehne+Nagel,Paris-CDG Hub,Rennes,,913.6,Livré,petit_camion,149.52,4937b40c2b9fb3af,6497803c1af5741d,48.1821,-1.73316,10.0,0.0,FAIBLE
FR-553054,2026-04-11,2026-04-22,Kuehne+Nagel,Marseille Port Depot,Toulouse,117.3,1093.9,Retardé,petit_camion,69.08,964fb47ecc48fb44,0d59177a0e2346f1,43.63784,1.40384,11.0,15.3977,ÉLEVÉ
FR-964950,2024-09-25,2024-09-27,UPS,Lyon Distribution Center,Besançon,1645.3,1069.4,Livré,gros_camion,348.84,d21c62bed959dcf6,074486af7d1bb804,47.22578,5.94061,2.0,369.4916,AUCUN
FR-137394,2025-10-16,,GLS,Paris-CDG Hub,Nantes,48.4,1101.5,En transit,avion,328.87,1e3f6890d2ddffa6,8377b27cc8d32d5b,47.19875,-1.50352,,50.647,MOYEN
FR-419348,2026-01-16,2026-01-20,GLS,Bordeaux Logistics Park,Orléans,88.4,488.2,Livré,petit_camion,90.06,c3c93bf263ad82fc,6851fdcd22645db5,47.9322,1.87246,4.0,5.1788,AUCUN
FR-988921,2025-03-26,2025-04-04,Chronopost,Lyon Distribution Center,Toulouse,4485.2,481.0,Livré,train,311.39,1f5f2617ee232079,b7b18a050878a8c7,43.58738,1.36362,9.0,60.4067,FAIBLE
FR-827963,2025-11-25,,GLS,Marseille Port Depot,Bordeaux,6036.3,1029.8,En attente,train,476.58,e99e31c1b5468d2d,a72db7823bf79892,44.90028,-0.64584,,174.0531,AUCUN
FR-875359,2025-04-17,2025-04-21,XPO Logistics,Lyon Distribution Center,Nantes,17.3,1044.9,Livré,fourgonnette,10.27,ac1dabffaec6f025,30f5319303b47546,47.24416,-1.59531,4.0,1.4461,AUCUN
FR-398254,2025-05-18,2025-05-28,Kuehne+Nagel,Bordeaux Logistics Park,Lille,35.4,1115.0,Livré,fourgonnette,22.05,176085ab92f665ad,38e4e8d1b4976c4f,50.54473,3.06697,10.0,3.1577,FAIBLE
FR-145689,2026-02-12,2026-02-15,DHL,Marseille Port Depot,Rennes,177.1,857.0,Livré,avion,487.14,f057aa1333d44acb,a1835ce5657d5428,48.07558,-1.64863,3.0,144.186,AUCUN
FR-750506,2025-07-17,,UPS,Paris-CDG Hub,Nice,7.3,876.3,En transit,fourgonnette,19.41,0915a7642195cf8a,16f15253a181d85b,43.69262,7.27677,,0.5118,MOYEN
FR-504499,2024-11-28,2024-11-29,Unknown,Marseille Port Depot,Metz,119.2,410.2,Livré,avion,373.1,75a44226210eb23d,64eafc9dcd93d1ca,49.17837,6.11573,1.0,46.451,AUCUN
FR-771813,2024-06-22,2024-06-23,DB Schenker,Bordeaux Logistics Park,Le Mans,6781.0,295.4,Livré,train,292.8,dc995e4ea96bebf0,d0f8ff50bc9da1c5,48.06498,0.18897,1.0,56.087,AUCUN
FR-451136,2024-12-11,,Kuehne+Nagel,Paris-CDG Hub,Bordeaux,2196.2,385.5,En transit,gros_camion,296.41,dabcb1d63f05e568,d65032392765c613,44.8471,-0.52617,,177.7934,MOYEN
FR-858284,2025-12-18,2025-12-20,FedEx,Paris-CDG Hub,Toulouse,14.5,388.5,Retardé,fourgonnette,17.88,4539984fb9bfe688,54fce99dfca17ef4,43.55152,1.40948,2.0,0.4507,ÉLEVÉ
FR-409945,2025-01-01,2025-01-12,Chronopost,Paris-CDG Hub,Bordeaux,1097.9,822.9,Livré,train,303.76,4d783fa3092cb304,c4026cce5754335b,44.84455,-0.64059,11.0,25.2969,FAIBLE
FR-383816,2026-03-20,2026-03-30,Unknown,Marseille Port Depot,Reims,15.4,229.0,Livré,fourgonnette,14.86,e05e06b51a7aca3c,f6f7be05adb07797,49.25767,3.2857,10.0,0.2821,FAIBLE
FR-969360,2024-12-01,2024-12-08,GLS,Lyon Distribution Center,Metz,80.2,20.4,Livré,avion,207.54,420ccf90b5c7ed29,17ea98bd8843d998,49.07384,6.19023,7.0,1.5543,FAIBLE
FR-803713,2026-01-01,2026-01-11,GLS,Marseille Port Depot,Lille,211.4,756.7,Livré,petit_camion,128.84,2210da77fef00168,73248cd558ef628b,50.62112,3.02606,10.0,19.196,FAIBLE
FR-302123,2024-04-30,,UPS,Lyon Distribution Center,Ajaccio,2292.6,758.4,En transit,train,289.48,bcda6b0629bed55e,93ab31c6ee399e96,41.99714,8.66208,,48.6838,MOYEN
FR-883566,2024-05-24,,Kuehne+Nagel,Lyon Distribution Center,Lille,176.0,432.2,En attente,petit_camion,81.58,64be089ea6398de1,ac5daa85e7f821af,50.68442,3.02722,,9.1281,AUCUN
FR-474842,2024-11-11,2024-11-19,UPS,Marseille Port Depot,Toulon,26.0,1029.6,Livré,fourgonnette,16.62,3275c62b4a30ee93,4adfa04bc7c17889,43.11667,5.94412,8.0,2.1416,FAIBLE
FR-493922,2024-11-26,2024-12-05,DB Schenker,Marseille Port Depot,Nantes,4622.9,506.4,Livré,train,351.19,c8796666bc9acaab,36a1abeeeb6553f8,47.21904,-1.52961,9.0,65.549,FAIBLE
FR-823953,2024-06-02,,Chronopost,Paris-CDG Hub,Marseille,2733.9,938.3,En transit,train,296.53,2debffb0c60c520e,f23ff69a245df988,43.23004,5.36674,,71.8261,MOYEN
FR-745513,2025-09-30,2025-10-03,Kuehne+Nagel,Bordeaux Logistics Park,Lyon,261.4,229.3,Livré,petit_camion,64.3,2c7e84ab9c91b547,6add62ea5f2b3ca3,45.88145,4.7999,3.0,7.1927,AUCUN
FR-130270,2024-09-20,,Chronopost,Bordeaux Logistics Park,Perpignan,198.2,1184.2,En transit,avion,408.45,a411faa4604af305,e1ca1cd64728c4b5,42.73734,2.90069,,222.973,MOYEN
FR-445876,2025-10-08,2025-10-21,Kuehne+Nagel,Paris-CDG Hub,Auxerre,41.1,476.8,Livré,fourgonnette,14.28,d1d9c071e6672d29,6d44f9042aaaa9e2,47.78508,3.5445,13.0,1.5677,FAIBLE
FR-646774,2024-11-10,2024-11-11,XPO Logistics,Bordeaux Logistics Park,Paris,4738.1,818.8,Livré,gros_camion,558.89,ba12f74cff0e9464,508cf174ae156d7f,48.85815,2.33064,1.0,814.7068,AUCUN
FR-801458,2025-10-07,,Kuehne+Nagel,Marseille Port Depot,Nice,712.0,125.4,En attente,petit_camion,100.39,588860b1c06a5a7a,cd77e676a63e7347,43.70638,7.25462,,10.7142,AUCUN
FR-151012,2024-09-19,,Chronopost,Paris-CDG Hub,Bordeaux,8.9,467.6,En attente,fourgonnette,11.0,964fb47ecc48fb44,4d14d75bfc3704fa,44.89146,-0.60654,,0.3329,AUCUN
FR-176208,2024-08-13,2024-08-24,FedEx,Marseille Port Depot,Nantes,35.5,788.7,Livré,fourgonnette,21.61,309f7e2638c05965,68866e8affa544cd,47.21381,-1.59799,11.0,2.2399,FAIBLE
FR-601754,2026-04-09,2026-04-12,DHL,Paris-CDG Hub,Toulouse,5675.9,1006.6,Livré,train,369.54,b3ede2357f536e0a,a35c15a2aafad782,43.58684,1.43197,3.0,159.9741,AUCUN
FR-327544,2024-04-27,2024-05-09,UPS,Lyon Distribution Center,Clermont-Ferrand,,1170.1,Livré,gros_camion,436.05,ba12f74cff0e9464,73b91d9d1e03d112,45.77322,2.96732,12.0,0.0,FAIBLE
FR-738449,2025-08-25,2025-08-27,Chronopost,Marseille Port Depot,Metz,2100.6,1126.0,Retardé,gros_camion,471.62,b6a35244625ccc34,c468653d1f12640a,49.14628,6.15812,2.0,496.7079,ÉLEVÉ
FR-237815,2025-10-07,2025-10-12,UPS,Bordeaux Logistics Park,Toulouse,7.4,1040.8,Livré,fourgonnette,21.42,b6a35244625ccc34,6e10817f3dde16dc,43.53802,1.40361,5.0,0.6162,AUCUN
FR-868460,2025-03-16,2025-03-27,FedEx,Paris-CDG Hub,Marseille,95.7,844.9,Retardé,petit_camion,61.31,d21c62bed959dcf6,525c489b8b0cbcb4,43.30953,5.38473,11.0,9.7028,ÉLEVÉ
FR-425188,2024-07-19,,UPS,Bordeaux Logistics Park,Montpellier,4486.1,555.0,En attente,train,293.06,b4b018a4be786430,54d617cfdb4c8a03,43.62001,3.81271,,69.714,AUCUN
FR-304354,2026-04-08,2026-04-15,Chronopost,Paris-CDG Hub,La Rochelle,2921.1,317.1,Livré,train,237.29,176085ab92f665ad,924f7c20c492f4f9,46.13015,-1.1352,7.0,25.9359,FAIBLE
FR-512289,2024-11-26,2024-12-08,DB Schenker,Bordeaux Logistics Park,Nice,2491.7,970.1,Livré,train,259.91,b3ede2357f536e0a,a3a2854b41912f41,43.73037,7.22341,12.0,67.6815,FAIBLE
FR-204672,2024-05-12,,DHL,Paris-CDG Hub,Nice,250.4,1093.7,En transit,petit_camion,115.45,b8ed8df564cec2ef,65274d125e696d3d,43.69574,7.18856,,32.8635,MOYEN
FR-307397,2025-07-23,2025-07-28,GLS,Paris-CDG Hub,Angers,,213.0,Retardé,avion,325.68,0b9d5daff036d6da,d04984121fbe4fc8,47.39143,-0.61582,5.0,0.0,ÉLEVÉ
FR-366186,2024-08-15,2024-08-18,DHL,Marseille Port Depot,Le Havre,22.2,57.5,Retourné,fourgonnette,10.01,4937b40c2b9fb3af,d03644089bfd07f5,49.53323,0.10509,3.0,0.1021,AUCUN
FR-656107,2026-03-03,,GLS,Marseille Port Depot,Besançon,24.2,432.8,En attente,fourgonnette,15.86,75a44226210eb23d,c538d935769b98b7,47.2217,6.02954,,0.8379,AUCUN
FR-387667,2024-06-12,,GLS,Marseille Port Depot,Strasbourg,3617.2,987.3,En attente,gros_camion,476.7,a411faa4604af305,e4a1aa730a003710,48.56277,7.81105,,749.9649,AUCUN
FR-485007,2025-01-22,2025-02-04,XPO Logistics,Lyon Distribution Center,Marseille,15.2,709.5,Retardé,avion,318.6,d0443b3d89fde63f,2f1602457db957a3,43.29338,5.39435,13.0,10.2452,ÉLEVÉ
FR-189051,2024-12-02,2024-12-07,UPS,Marseille Port Depot,Tours,144.6,164.5,Retardé,petit_camion,83.33,afdb5de261053424,76ef7454f596dcfc,47.32947,0.62572,5.0,2.8544,ÉLEVÉ
FR-354265,2025-03-18,2025-03-28,DB Schenker,Marseille Port Depot,Aix-en-Provence,124.8,1140.9,Retardé,avion,345.3,1e3f6890d2ddffa6,348b8a414b0ac541,43.50301,5.41471,10.0,135.2651,ÉLEVÉ
FR-271929,2025-07-19,2025-07-22,Unknown,Lyon Distribution Center,Limoges,32.5,287.1,Livré,fourgonnette,9.37,144818883fd1fd2e,fbd58abed531f2a1,45.72512,1.20139,3.0,0.7465,AUCUN
FR-154225,2025-08-21,,DB Schenker,Marseille Port Depot,Metz,13.3,1055.7,En attente,fourgonnette,11.66,2e49ed8efc869923,7f2811650f654263,49.15219,6.17222,,1.1233,AUCUN
FR-414368,2024-10-31,2024-11-06,DHL,Bordeaux Logistics Park,Nice,2955.7,137.6,Livré,gros_camion,331.94,0915a7642195cf8a,4079a15f4eb790fe,43.67874,7.23729,6.0,85.4079,FAIBLE
FR-858673,2025-10-12,,Chronopost,Marseille Port Depot,Paris,10.7,552.1,En transit,avion,306.34,a7343d238975093d,8678f85ec477db04,48.89372,2.32032,,5.6121,MOYEN
FR-880498,2024-08-27,2024-08-31,Chronopost,Marseille Port Depot,Toulouse,2827.8,916.9,Retardé,train,364.87,649f91ae50effe2e,f270172cae1898d3,43.59968,1.44133,4.0,72.5987,ÉLEVÉ
FR-524632,2024-05-25,2024-06-03,GLS,Marseille Port Depot,Dijon,170.5,366.5,Livré,avion,320.62,45466476afe9982a,c1e21fd782438dbc,47.40345,4.96111,9.0,59.3638,FAIBLE
FR-388172,2026-04-18,2026-04-28,GLS,Bordeaux Logistics Park,Aix-en-Provence,67.0,798.8,Livré,avion,398.85,dcc4a7b2cb980dd1,7b351cde06fda7b7,43.50434,5.43839,10.0,50.8436,FAIBLE
FR-121058,2025-10-20,2025-10-23,Unknown,Bordeaux Logistics Park,Lille,306.7,1177.8,Livré,petit_camion,139.62,6e21cb30cd3271a9,9b9d87b623a8f180,50.64942,3.01169,3.0,43.3478,AUCUN
FR-782171,2026-03-25,2026-03-26,DHL,Paris-CDG Hub,Toulouse,2553.0,181.7,Retourné,gros_camion,285.23,93141cbfc2990e76,719399eae3f3ce72,43.65168,1.50635,1.0,97.4148,AUCUN
FR-341535,2025-03-20,2025-03-28,Unknown,Paris-CDG Hub,Strasbourg,3952.3,898.2,Livré,gros_camion,467.54,b5eaeda6f050b47c,d72e57df78a4e421,48.54889,7.69885,8.0,745.4907,FAIBLE
FR-553572,2026-03-16,,GLS,Paris-CDG Hub,Nice,415.9,253.1,En transit,petit_camion,108.69,98c6fa9a1549ec58,8b9f897a5c8eac50,43.74552,7.24199,,12.6317,MOYEN
FR-165641,2024-11-28,,UPS,Paris-CDG Hub,Strasbourg,63.3,999.8,En transit,avion,311.17,c8796666bc9acaab,aa646306d356611c,48.55764,7.70505,,60.123,MOYEN
FR-749868,2026-04-21,2026-04-28,UPS,Lyon Distribution Center,Nantes,233.5,1119.8,Livré,avion,403.83,2210da77fef00168,30a8a7330a204c28,47.17222,-1.54345,7.0,248.3996,FAIBLE
FR-334955,2024-09-06,2024-09-10,FedEx,Paris-CDG Hub,Grenoble,223.2,103.6,Livré,avion,298.25,64be089ea6398de1,a2d26fb428dc82e0,45.20839,5.77533,4.0,21.9673,AUCUN
FR-145406,2025-11-01,2025-11-11,DB Schenker,Paris-CDG Hub,Bordeaux,3657.1,992.3,Livré,gros_camion,465.22,2210da77fef00168,a3eaa329dcb88153,44.85337,-0.62348,10.0,762.0775,FAIBLE
FR-995781,2025-12-16,2025-12-21,UPS,Marseille Port Depot,Nice,4129.1,1078.1,Retardé,train,420.71,77a37e0c1eabf2ac,e4f9cec616f0a95c,43.73852,7.23424,5.0,124.6443,ÉLEVÉ
FR-477224,2024-07-20,2024-07-31,DB Schenker,Paris-CDG Hub,Nice,255.2,485.6,Livré,petit_camion,123.84,2debffb0c60c520e,9cb32fd5311932a2,43.72919,7.25537,11.0,14.871,FAIBLE
FR-457395,2025-01-06,2025-01-08,Unknown,Paris-CDG Hub,Reims,2838.2,187.8,Livré,gros_camion,359.19,7334ee7ff8765e16,8f2d6c33ec5ec1fc,49.21876,3.2811,2.0,111.9329,AUCUN
FR-207724,2026-03-24,2026-04-05,Kuehne+Nagel,Lyon Distribution Center,Strasbourg,149.4,660.8,Livré,petit_camion,95.17,60d3bd00a0e40db3,376eddc7b8c48451,48.60263,7.73359,12.0,11.8468,FAIBLE
FR-212113,2025-08-10,,DB Schenker,Lyon Distribution Center,Lyon,59.7,859.3,En transit,avion,381.53,4f34261f7c38ba0c,aa4d797a2de4a022,45.7434,4.74654,,48.7352,MOYEN
FR-711868,2026-02-18,2026-02-19,DHL,Bordeaux Logistics Park,Marseille,321.1,436.9,Livré,petit_camion,102.97,7334ee7ff8765e16,e0a4646621377021,43.27433,5.36175,1.0,16.8346,AUCUN
FR-150248,2026-03-28,,FedEx,Paris-CDG Hub,Rennes,2203.0,137.1,En transit,gros_camion,279.96,dabcb1d63f05e568,3b969e650cc5a175,48.09868,-1.64428,,63.4266,MOYEN
FR-758210,2024-05-17,2024-05-18,UPS,Marseille Port Depot,Strasbourg,5982.6,101.2,Livré,train,300.53,b4b018a4be786430,1ae4d44c72c34c66,48.52009,7.87105,1.0,16.9523,AUCUN
FR-660309,2026-04-07,2026-04-15,UPS,Paris-CDG Hub,Strasbourg,1114.5,243.2,Retardé,train,243.01,a411faa4604af305,ec960d05351d54b7,48.57273,7.79533,8.0,7.5893,ÉLEVÉ
FR-990695,2024-10-25,2024-10-30,DHL,Paris-CDG Hub,Saint-Étienne,5956.5,147.0,Livré,train,298.37,ff07dd0896d16f31,c1e4c50dfc01a046,45.51518,4.45297,5.0,24.517,AUCUN
FR-938821,2024-06-24,2024-07-06,Unknown,Paris-CDG Hub,Lyon,30.4,910.3,Livré,avion,192.85,867749e4b7692143,4b8110ddb81b54e3,45.79131,4.79603,12.0,26.2895,FAIBLE
FR-272106,2025-02-15,2025-02-26,GLS,Paris-CDG Hub,Grenoble,39.5,368.4,Retardé,avion,190.71,9f825829469aca3d,9ece9433d6206aee,45.19585,5.69839,11.0,13.8242,ÉLEVÉ
FR-159946,2024-07-30,2024-08-02,Chronopost,Lyon Distribution Center,Nice,2139.0,716.3,Retourné,gros_camion,348.46,98c6fa9a1549ec58,592f8aabf843f309,43.69056,7.25028,3.0,321.7548,AUCUN
FR-257541,2025-02-10,,Chronopost,Marseille Port Depot,Marseille,740.5,121.4,En attente,petit_camion,145.55,4d783fa3092cb304,bb185c77cdf1d0e2,43.26183,5.38252,,10.7876,AUCUN
FR-153019,2025-05-10,2025-05-22,Unknown,Bordeaux Logistics Park,Strasbourg,173.4,299.8,Livré,avion,395.32,1e3f6890d2ddffa6,94637a53d9b2a37c,48.51475,7.66537,12.0,49.3861,FAIBLE
FR-671238,2025-08-15,,DB Schenker,Marseille Port Depot,Colmar,2290.7,608.8,En transit,gros_camion,379.52,b5eaeda6f050b47c,946e18290907b271,48.15963,7.30292,,292.8614,MOYEN
FR-633793,2025-06-03,2025-06-06,DB Schenker,Bordeaux Logistics Park,Marseille,844.3,118.8,Livré,gros_camion,253.68,176085ab92f665ad,e3ccf62288bec78f,43.35133,5.26024,3.0,21.0636,AUCUN
FR-870759,2025-07-14,2025-07-26,UPS,Paris-CDG Hub,Strasbourg,585.2,256.9,Retardé,petit_camion,121.21,afdb5de261053424,6e9afcaea8ee5c1f,48.55746,7.70061,12.0,18.0405,ÉLEVÉ
FR-704596,2025-03-02,,DHL,Marseille Port Depot,Clermont-Ferrand,2108.4,941.7,En transit,gros_camion,409.78,577bd3cc79f49864,49a3487d9458345b,45.76066,3.08713,,416.9509,MOYEN
FR-172782,2025-01-24,2025-01-28,XPO Logistics,Bordeaux Logistics Park,Bordeaux,592.7,696.9,Livré,petit_camion,150.44,75a44226210eb23d,ae657592aca1c5bf,44.75803,-0.68115,4.0,49.5663,AUCUN
FR-135010,2024-05-08,2024-05-09,Unknown,Marseille Port Depot,Lille,61.5,896.3,Livré,avion,234.8,cca89aaad52adbdd,e007978cd26db539,50.69642,3.12196,1.0,52.3663,AUCUN
FR-329171,2024-07-15,2024-07-26,Unknown,Paris-CDG Hub,Lille,9.2,22.0,Livré,fourgonnette,7.02,6b16b395ec3a9551,2d2ab42a8f795b48,50.65306,3.03738,11.0,0.0162,FAIBLE
FR-499489,2024-09-14,2024-09-26,GLS,Bordeaux Logistics Park,Strasbourg,7369.5,742.4,Livré,train,365.64,184fcccb030ef7f7,13034d32011627e9,48.60007,7.70634,12.0,153.1913,FAIBLE
FR-602394,2025-01-05,,GLS,Paris-CDG Hub,Montpellier,75.5,900.2,En transit,avion,256.0,98c6fa9a1549ec58,7d8a5416ef6e36ea,43.62425,3.89558,,64.5668,MOYEN
FR-661669,2026-01-20,2026-01-23,DHL,Marseille Port Depot,Rennes,167.7,1137.6,Livré,petit_camion,130.09,be6b5843204f29e6,ba003ed3cfe39d5f,48.07687,-1.67868,3.0,22.8931,AUCUN
FR-470579,2024-09-06,2024-09-17,GLS,Marseille Port Depot,Lille,33.0,245.9,Livré,fourgonnette,9.08,b3ede2357f536e0a,656363365d14edd4,50.53816,3.02201,11.0,0.6492,FAIBLE
FR-443686,2024-08-22,2024-09-02,FedEx,Lyon Distribution Center,Bordeaux,5683.3,1061.0,Retardé,train,472.14,213616dfc61bfad5,5885bb4686a0d1ff,44.88924,-0.55412,11.0,168.8395,ÉLEVÉ
FR-934938,2025-08-28,,DHL,Lyon Distribution Center,Rennes,1451.5,715.1,En transit,train,240.67,b6a35244625ccc34,6781ccdcd40b8efe,48.11442,-1.76547,,29.0631,MOYEN
FR-535711,2026-03-16,,UPS,Marseille Port Depot,Nantes,341.5,538.0,En transit,petit_camion,129.98,2debffb0c60c520e,6a47a603e844bd5b,47.20471,-1.55431,,22.0472,MOYEN
FR-137310,2025-07-22,,Chronopost,Marseille Port Depot,Bordeaux,14.0,941.6,En transit,avion,345.97,ba4df4a50d5ef322,af33316ae3aab173,44.80318,-0.61215,,12.5233,MOYEN
FR-700079,2025-06-23,,Kuehne+Nagel,Paris-CDG Hub,Lyon,214.7,286.8,En attente,avion,281.44,867749e4b7692143,4cdf5e89a66e6218,45.77076,4.82189,,58.4972,AUCUN
FR-510949,2026-01-11,,FedEx,Bordeaux Logistics Park,Lyon,,181.9,En attente,petit_camion,97.16,1e3f6890d2ddffa6,a236765561175a6b,45.78599,4.74818,,0.0,AUCUN
FR-168515,2026-02-12,,DHL,Marseille Port Depot,Rouen,3171.5,839.4,En transit,train,311.54,6dcb5f2757af7881,de4e4a77361d1d9e,49.4662,1.11123,,74.5404,MOYEN
FR-658811,2025-09-28,2025-10-01,DHL,Paris-CDG Hub,Angers,4263.7,530.8,Livré,train,277.43,89b72f42de629ac1,e1cf000405f42205,47.52386,-0.48688,3.0,63.3688,AUCUN
FR-912002,2025-11-07,2025-11-19,Chronopost,Paris-CDG Hub,Nantes,149.5,445.6,Livré,avion,380.0,144818883fd1fd2e,1a5091524637a32e,47.18674,-1.5243,12.0,63.2863,FAIBLE
FR-141708,2024-09-07,2024-09-13,UPS,Bordeaux Logistics Park,Rennes,1643.7,373.8,Livré,gros_camion,318.32,d0443b3d89fde63f,e19176c1ecb6180b,48.09894,-1.68697,6.0,129.0272,FAIBLE
FR-660113,2025-10-29,2025-11-02,DHL,Paris-CDG Hub,Calais,730.1,709.0,Livré,petit_camion,131.73,b3ede2357f536e0a,01188f329013562c,50.92352,1.8721,4.0,62.1169,AUCUN
FR-703756,2026-01-14,2026-01-23,DB Schenker,Paris-CDG Hub,Lyon,2639.7,496.4,Retourné,gros_camion,372.56,d21c62bed959dcf6,a64c30bf7d45204f,45.7702,4.82397,9.0,275.1729,AUCUN
FR-589847,2025-08-06,2025-08-19,XPO Logistics,Lyon Distribution Center,Reims,6083.3,190.9,Livré,train,257.1,737b27ae09a06d30,32cf5649a26e98ca,49.27635,3.32781,13.0,32.5165,FAIBLE
FR-615609,2026-04-02,2026-04-03,DB Schenker,Paris-CDG Hub,Paris,173.8,29.2,Livré,avion,263.98,213616dfc61bfad5,b33068ee86f22e70,48.90794,2.38218,1.0,4.8212,AUCUN
FR-789567,2024-05-22,2024-06-04,Unknown,Paris-CDG Hub,Lille,2204.1,493.6,Livré,train,285.78,420ccf90b5c7ed29,e88f2406dda49131,50.62801,2.95079,13.0,30.4624,FAIBLE
FR-149297,2026-04-12,2026-04-21,FedEx,Paris-CDG Hub,Clermont-Ferrand,148.2,1065.3,Retourné,avion,493.89,93141cbfc2990e76,1bad2dfbcbbcb7fc,45.77897,3.06979,9.0,149.9836,AUCUN
FR-787635,2026-03-27,2026-04-06,Unknown,Bordeaux Logistics Park,Marseille,5816.0,221.7,Livré,train,339.0,4761f7fa3a69433b,4672203654ec3079,43.32525,5.42966,10.0,36.1034,FAIBLE
FR-393257,2024-06-07,2024-06-10,Unknown,Lyon Distribution Center,Lille,490.5,217.3,Livré,petit_camion,130.34,d1d9c071e6672d29,786cfaf678be49bf,50.63649,3.02487,3.0,12.7903,AUCUN
FR-304580,2025-02-07,2025-02-20,Unknown,Lyon Distribution Center,Toulouse,2006.4,618.5,Retardé,gros_camion,407.08,b4b018a4be786430,3ac5950c947c92bc,43.59677,1.41985,13.0,260.6013,ÉLEVÉ
FR-975584,2024-10-31,2024-11-07,UPS,Paris-CDG Hub,Toulon,462.9,992.8,Livré,petit_camion,128.23,1e3f6890d2ddffa6,b2347b973b7bb1e0,43.12189,5.93371,7.0,55.1481,FAIBLE
FR-984080,2026-02-06,2026-02-09,DB Schenker,Bordeaux Logistics Park,Nantes,141.6,223.8,Livré,avion,222.3,e05e06b51a7aca3c,aaeb90820ae9d172,47.22107,-1.58707,3.0,30.1056,AUCUN
FR-963618,2025-01-16,2025-01-26,DHL,Marseille Port Depot,Toulouse,1051.7,625.9,Livré,gros_camion,268.51,89b72f42de629ac1,b8bf6885be86310c,43.52599,1.39417,10.0,138.2344,FAIBLE
FR-277476,2024-08-18,2024-08-29,Chronopost,Lyon Distribution Center,Lille,7360.6,208.7,Livré,train,286.39,3275c62b4a30ee93,cd3cfc8feed90f33,50.59423,3.06538,11.0,43.0124,FAIBLE
FR-503311,2025-04-20,,Kuehne+Nagel,Paris-CDG Hub,Lyon,157.4,337.5,En transit,avion,386.71,6b16b395ec3a9551,b4de51e55ae002f5,45.73559,4.86929,,50.4664,MOYEN
FR-309966,2025-10-03,2025-10-12,Chronopost,Paris-CDG Hub,Nantes,84.7,401.0,Livré,avion,232.37,b3ede2357f536e0a,3cfcda746718cea6,47.18293,-1.52137,9.0,32.2665,FAIBLE
FR-765442,2025-05-13,2025-05-19,Chronopost,Paris-CDG Hub,Marseille,3569.3,617.7,Livré,gros_camion,445.63,d21c62bed959dcf6,bb6e5705648cc687,43.30582,5.35791,6.0,462.9989,FAIBLE
FR-717752,2025-01-04,2025-01-12,DHL,Paris-CDG Hub,Reims,255.6,963.4,Retourné,petit_camion,107.31,ff07dd0896d16f31,213e97fbb930b5e8,49.21577,3.25235,8.0,29.5494,AUCUN
FR-914746,2026-03-11,2026-03-23,GLS,Lyon Distribution Center,Orléans,5116.6,57.1,Livré,train,249.56,d23122a5cb6fdbb4,14ea5c27e14e63ad,47.89897,1.87702,12.0,8.1804,FAIBLE
FR-402138,2024-10-20,2024-10-21,Kuehne+Nagel,Marseille Port Depot,Nantes,46.7,1046.1,Livré,fourgonnette,17.6,98c6fa9a1549ec58,667393022d5e4109,47.31177,-1.50315,1.0,3.9082,AUCUN
FR-248395,2025-12-04,2025-12-13,Kuehne+Nagel,Marseille Port Depot,Marseille,10.1,648.6,Retardé,fourgonnette,19.67,144818883fd1fd2e,452a80bfce1df5d6,43.3461,5.35148,9.0,0.5241,ÉLEVÉ
FR-651616,2026-02-17,2026-02-21,DB Schenker,Bordeaux Logistics Park,Strasbourg,2251.6,749.6,Livré,gros_camion,335.37,89b72f42de629ac1,be040fb428a57cb3,48.5361,7.71902,4.0,354.4379,AUCUN
FR-169672,2024-10-10,2024-10-17,Kuehne+Nagel,Bordeaux Logistics Park,Amiens,18.1,899.7,Livré,fourgonnette,16.55,4f34261f7c38ba0c,7fe56e1725f06350,49.88608,2.42075,7.0,1.3028,FAIBLE
FR-920845,2024-11-08,2024-11-11,UPS,Lyon Distribution Center,Rennes,390.7,1037.5,Livré,petit_camion,163.29,9f825829469aca3d,217755971f99dd83,48.09818,-1.67757,3.0,48.6422,AUCUN
FR-967838,2024-07-24,2024-07-25,GLS,Paris-CDG Hub,Marseille,44.0,637.4,Retardé,fourgonnette,21.76,2debffb0c60c520e,6b3ec22040fb347e,43.31641,5.35719,1.0,2.2436,ÉLEVÉ
FR-937007,2024-11-19,2024-12-02,Unknown,Marseille Port Depot,Bordeaux,,1110.1,Livré,gros_camion,427.45,4d783fa3092cb304,14a1c26a6401c59c,44.84752,-0.52801,13.0,0.0,FAIBLE
FR-462355,2026-04-15,2026-04-27,Kuehne+Nagel,Bordeaux Logistics Park,Rennes,31.1,378.7,Livré,fourgonnette,8.82,dc995e4ea96bebf0,8dad00b672d58f06,48.06208,-1.73624,12.0,0.9422,FAIBLE
FR-861262,2025-02-14,2025-02-22,Chronopost,Lyon Distribution Center,Auxerre,1603.1,382.2,Retourné,gros_camion,312.94,d23122a5cb6fdbb4,372a542f3e4ccae9,47.78571,3.56251,8.0,128.668,AUCUN
FR-122228,2024-08-05,2024-08-14,FedEx,Marseille Port Depot,Amiens,123.5,943.3,Livré,avion,385.11,649f91ae50effe2e,b2a3650d13fddc19,49.92068,2.26118,9.0,110.6727,FAIBLE
FR-834791,2024-05-26,2024-06-01,UPS,Bordeaux Logistics Park,Toulouse,144.7,1135.5,Retardé,petit_camion,82.37,d21c62bed959dcf6,1a82c79151c62b4b,43.67137,1.47329,6.0,19.7168,ÉLEVÉ
FR-989566,2024-08-22,2024-08-25,Chronopost,Marseille Port Depot,Lille,184.5,93.4,Livré,avion,356.28,97c134953eabb671,7ee55e11a857708b,50.54511,3.04252,3.0,16.3707,AUCUN
FR-489913,2026-04-08,2026-04-10,XPO Logistics,Paris-CDG Hub,Marseille,27.3,166.0,Livré,fourgonnette,15.19,cca89aaad52adbdd,8207cfc0fdce83f6,43.29227,5.27595,2.0,0.3625,AUCUN
FR-348018,2025-02-07,2025-02-15,DHL,Bordeaux Logistics Park,Caen,127.8,185.5,Retardé,avion,293.33,4539984fb9bfe688,8ce40fe96f22e5b3,49.15573,-0.38953,8.0,22.5216,ÉLEVÉ
FR-381941,2024-12-03,2024-12-04,GLS,Bordeaux Logistics Park,Nantes,381.8,64.8,Livré,petit_camion,92.94,6e21cb30cd3271a9,95c4a7c1a47b510b,47.28241,-1.56682,1.0,2.9689,AUCUN
FR-536421,2024-11-17,2024-11-23,FedEx,Paris-CDG Hub,Nantes,2147.0,1157.1,Retardé,gros_camion,473.62,6b16b395ec3a9551,b1225c00d71026ff,47.29385,-1.57318,6.0,521.7017,ÉLEVÉ
FR-525760,2024-06-03,2024-06-14,DHL,Lyon Distribution Center,Toulouse,458.7,347.4,Livré,petit_camion,134.24,89b72f42de629ac1,00ef8078b57e2c37,43.54246,1.44288,11.0,19.1223,FAIBLE
FR-413392,2026-02-14,2026-02-16,DHL,Bordeaux Logistics Park,Lyon,2696.9,454.5,Livré,train,271.14,d21c62bed959dcf6,b5fbedc3ce222263,45.76547,4.86153,2.0,34.3207,AUCUN
FR-247702,2024-09-21,,XPO Logistics,Paris-CDG Hub,Nantes,234.5,643.2,En transit,petit_camion,99.74,46b06486d10dd744,3ecb7101645b8ca2,47.2338,-1.61874,,18.0996,MOYEN
FR-326280,2024-12-19,2024-12-24,UPS,Marseille Port Depot,Pau,5406.8,645.0,Livré,train,400.11,2bfcfe607c0a5f31,887826c72b8f2315,43.30973,-0.41694,5.0,97.6468,AUCUN
FR-277946,2025-10-27,2025-10-31,GLS,Lyon Distribution Center,Marseille,5590.9,219.5,Livré,train,314.6,6b16b395ec3a9551,cec256b1c89a0ae4,43.35536,5.37664,4.0,34.3617,AUCUN
FR-789317,2025-12-14,2025-12-25,GLS,Paris-CDG Hub,Strasbourg,21.4,365.0,Retourné,fourgonnette,10.29,64be089ea6398de1,09ab6181e4ba2e84,48.56632,7.70995,11.0,0.6249,AUCUN
FR-269809,2025-11-20,,DB Schenker,Paris-CDG Hub,Perpignan,14.7,514.3,En transit,fourgonnette,15.38,b5eaeda6f050b47c,c3d098140412008f,42.69792,2.8738,,0.6048,MOYEN
FR-229789,2024-12-17,2024-12-20,Unknown,Bordeaux Logistics Park,Marseille,117.1,526.2,Livré,petit_camion,76.26,89b72f42de629ac1,daac57e124e67a34,43.27573,5.40738,3.0,7.3942,AUCUN
FR-133545,2024-12-14,,Unknown,Lyon Distribution Center,Marseille,92.6,129.7,En transit,avion,215.1,c3c93bf263ad82fc,b31899c78df570b3,43.2826,5.30539,,11.4097,MOYEN
FR-858272,2026-01-29,2026-02-11,Unknown,Paris-CDG Hub,Paris,160.2,99.4,Livré,avion,227.0,b5d62e25e9a7adb6,926aaca4f2f57695,48.82419,2.37766,13.0,15.1277,FAIBLE
FR-273790,2024-11-25,2024-11-28,FedEx,Bordeaux Logistics Park,Strasbourg,249.7,733.2,Livré,avion,424.36,b4b018a4be786430,902eaafae369c1cb,48.55053,7.75762,3.0,173.926,AUCUN
FR-152635,2025-08-06,2025-08-19,DHL,Paris-CDG Hub,Nantes,239.5,1061.7,Retardé,avion,587.39,076d9a82acb00f0c,07814640f0a70a79,47.22278,-1.42823,13.0,241.5633,ÉLEVÉ
FR-255260,2025-07-26,2025-07-28,FedEx,Paris-CDG Hub,Lille,1746.0,820.9,Livré,gros_camion,345.84,649f91ae50effe2e,a2ee16c30aa17d68,50.64189,3.01244,2.0,300.9912,AUCUN
FR-478355,2024-06-07,2024-06-16,DHL,Paris-CDG Hub,Dijon,3153.5,877.1,Retardé,gros_camion,448.29,94f32f590e70c04a,7e737a9150f116d0,47.30451,5.03137,9.0,580.8463,ÉLEVÉ
FR-940597,2024-11-15,2024-11-20,FedEx,Lyon Distribution Center,Brest,99.0,238.3,Retardé,avion,188.67,286f327fca2fc8f0,bce2f7e5e6130778,48.41694,-4.44319,5.0,22.4121,ÉLEVÉ
FR-497751,2025-01-15,,Chronopost,Bordeaux Logistics Park,Marseille,59.0,692.6,En transit,avion,348.19,7334ee7ff8765e16,b64e0f2e4348cd0f,43.21538,5.31465,,38.8202,MOYEN
FR-699608,2024-10-09,2024-10-12,Kuehne+Nagel,Lyon Distribution Center,Rennes,609.7,19.9,Livré,petit_camion,92.27,ae8ce543547ae3d4,0a0ae83e69155958,48.17682,-1.62687,3.0,1.456,AUCUN
FR-636364,2024-05-04,2024-05-15,DHL,Paris-CDG Hub,Nantes,680.0,872.6,Retardé,petit_camion,186.24,abb3d464b81216db,4e15bd59791b633f,47.26534,-1.61476,11.0,71.2042,ÉLEVÉ
FR-746004,2024-07-30,,Unknown,Marseille Port Depot,Marseille,208.4,382.7,En attente,petit_camion,71.15,d1d9c071e6672d29,9813391f734d6bb0,43.3535,5.32795,,9.5706,AUCUN
FR-294904,2025-01-20,,Chronopost,Bordeaux Logistics Park,Angers,435.1,784.2,En transit,petit_camion,152.91,144818883fd1fd2e,6d79d71aa760bb94,47.39662,-0.5148,,40.9447,MOYEN
FR-593197,2024-05-19,2024-06-01,XPO Logistics,Marseille Port Depot,Perpignan,83.8,531.6,Livré,avion,240.1,ccd16f4072984dcc,5bdb1582ca3d30c9,42.65298,2.90247,13.0,42.3207,FAIBLE
FR-114677,2024-10-14,2024-10-15,DB Schenker,Lyon Distribution Center,Lyon,40.0,1021.4,Retardé,avion,351.88,ff07dd0896d16f31,4f59761cf7217c8e,45.8071,4.76853,1.0,38.8132,ÉLEVÉ
FR-395761,2025-03-23,2025-03-29,UPS,Paris-CDG Hub,Nice,7108.3,315.4,Livré,train,349.01,420ccf90b5c7ed29,fe993536febb9029,43.64337,7.32883,6.0,62.7748,FAIBLE
FR-319123,2025-03-31,2025-04-03,UPS,Lyon Distribution Center,Bordeaux,,702.4,Livré,train,212.75,6dd72298f13e566b,bed74397713f9372,44.87507,-0.57452,3.0,0.0,AUCUN
FR-796343,2026-01-10,2026-01-20,Unknown,Paris-CDG Hub,Strasbourg,383.6,65.3,Livré,petit_camion,68.47,649f91ae50effe2e,81c4b93c7535abe0,48.56305,7.70055,10.0,3.0059,FAIBLE
FR-461788,2024-10-17,,DB Schenker,Marseille Port Depot,Nice,98.5,858.9,En attente,avion,368.82,4f34261f7c38ba0c,9a2e99b8c45b8428,43.64325,7.32346,,80.3716,AUCUN
FR-129717,2025-11-07,2025-11-14,UPS,Paris-CDG Hub,Rennes,22.1,1119.8,Livré,fourgonnette,19.39,5544f6afe2c2fa55,a97172ec5a7fd37a,48.07869,-1.75715,7.0,1.9798,FAIBLE
FR-330796,2025-01-04,,Kuehne+Nagel,Paris-CDG Hub,Nantes,46.7,252.1,En transit,fourgonnette,9.91,076d9a82acb00f0c,f0a77e5bb72bb0ed,47.31686,-1.58023,,0.9418,MOYEN
FR-643044,2026-02-26,2026-02-28,Chronopost,Paris-CDG Hub,Toulouse,511.3,582.6,Livré,petit_camion,124.72,bcda6b0629bed55e,eef69682a9189219,43.53897,1.35557,2.0,35.746,AUCUN
FR-118402,2024-07-11,2024-07-23,Unknown,Lyon Distribution Center,Lyon,3601.0,255.4,Livré,train,292.84,6ab1a44406435c4c,03d985fb4db30619,45.64085,4.79562,12.0,25.7515,FAIBLE
FR-468350,2025-12-09,2025-12-21,Unknown,Marseille Port Depot,Bordeaux,1952.9,421.5,Livré,train,211.69,ba4df4a50d5ef322,5c4804a2c8e8a6f7,44.88926,-0.65868,12.0,23.0481,FAIBLE
FR-385916,2025-05-01,2025-05-05,Unknown,Lyon Distribution Center,Nantes,2720.4,664.1,Livré,gros_camion,463.02,b4b018a4be786430,bacc160a19020422,47.21901,-1.61343,4.0,379.3897,AUCUN
FR-648723,2024-10-16,2024-10-23,FedEx,Bordeaux Logistics Park,Nantes,221.3,696.7,Livré,avion,358.6,176085ab92f665ad,ac0fa50c0934d6f2,47.2632,-1.58351,7.0,146.4707,FAIBLE
FR-148591,2024-12-17,2024-12-20,GLS,Paris-CDG Hub,Rouen,233.6,819.9,Livré,petit_camion,83.39,2bfcfe607c0a5f31,a86a725d83506a69,49.38599,1.04327,3.0,22.9834,AUCUN
FR-475665,2026-02-22,2026-02-23,Kuehne+Nagel,Lyon Distribution Center,Le Havre,244.4,54.4,Retardé,avion,321.93,46b06486d10dd744,f7aab8a9330f8c9e,49.59232,0.1498,1.0,12.6306,ÉLEVÉ
FR-469552,2025-09-05,2025-09-17,GLS,Marseille Port Depot,Grenoble,4790.9,85.3,Livré,gros_camion,419.08,cca89aaad52adbdd,ce21daa4e8ae36d5,45.17038,5.76159,12.0,85.8194,FAIBLE
FR-956899,2026-01-26,2026-02-02,Unknown,Paris-CDG Hub,Perpignan,4.7,318.5,Livré,fourgonnette,6.29,c8796666bc9acaab,4df1766dd4f6693d,42.64279,2.92685,7.0,0.1198,FAIBLE
FR-360186,2025-06-11,2025-06-21,Chronopost,Paris-CDG Hub,Lille,35.1,827.4,Livré,avion,364.81,abbd60b0df7fec89,b3cf4b6cba42804d,50.58519,3.00632,10.0,27.5897,FAIBLE
FR-465208,2026-02-25,,DB Schenker,Bordeaux Logistics Park,Nice,6174.0,316.3,En transit,train,339.14,2e49ed8efc869923,8fc594eeb41c6784,43.58677,7.28974,,54.6794,MOYEN
FR-274981,2025-10-21,2025-10-26,UPS,Marseille Port Depot,Metz,4918.7,550.8,Livré,train,348.04,f057aa1333d44acb,525e8244fa09dff1,49.09242,6.23185,5.0,75.8582,AUCUN
FR-212105,2024-12-03,2024-12-06,DB Schenker,Bordeaux Logistics Park,Orléans,3040.6,72.8,Retardé,gros_camion,328.87,0a09e9b5dbb0d8ab,9d96c0ce2c886708,47.8718,1.95089,3.0,46.4847,ÉLEVÉ
FR-316651,2025-09-10,2025-09-19,Chronopost,Paris-CDG Hub,Bordeaux,5320.8,400.0,Livré,train,350.91,bebe00cf88981ebb,7a0b7f3e0a076ce2,44.83713,-0.59634,9.0,59.593,FAIBLE
FR-739120,2025-04-01,2025-04-12,DHL,Paris-CDG Hub,Angers,83.5,346.2,Livré,avion,273.77,ba12f74cff0e9464,df717d15e885121d,47.46545,-0.57259,11.0,27.4623,FAIBLE
FR-455887,2024-08-01,2024-08-11,GLS,Lyon Distribution Center,Toulouse,111.4,707.2,Retardé,avion,424.02,64be089ea6398de1,ef00f844e46fafbe,43.66756,1.46105,10.0,74.843,ÉLEVÉ
FR-871469,2025-04-06,,FedEx,Paris-CDG Hub,Nantes,6067.3,926.8,En attente,train,397.03,867749e4b7692143,c01e66eb1ee7b4d9,47.17514,-1.49807,,157.4489,AUCUN
FR-309304,2024-08-16,,Kuehne+Nagel,Marseille Port Depot,Montpellier,303.6,138.3,En attente,petit_camion,76.01,dc995e4ea96bebf0,d91b35a49b69552a,43.55749,4.00867,,5.0385,AUCUN
FR-354084,2025-07-13,,XPO Logistics,Paris-CDG Hub,Paris,581.5,146.2,En transit,petit_camion,102.23,6e21cb30cd3271a9,89a176720d8e7d40,48.82907,2.37768,,10.2018,MOYEN
FR-929347,2025-11-29,,Kuehne+Nagel,Paris-CDG Hub,Lyon,410.7,457.8,En transit,petit_camion,103.47,97c134953eabb671,d51319927a9a9540,45.7078,4.86386,,22.5622,MOYEN
FR-832790,2026-02-01,2026-02-04,Chronopost,Lyon Distribution Center,Paris,51.4,276.3,Livré,petit_camion,61.95,737b27ae09a06d30,e51f569be91ce504,48.82126,2.37036,3.0,1.7042,AUCUN
FR-750101,2025-08-03,,Unknown,Marseille Port Depot,Paris,752.7,458.9,En transit,petit_camion,153.8,1e3f6890d2ddffa6,128107ee1705604a,48.81717,2.42087,,41.4497,MOYEN
FR-823666,2025-05-09,2025-05-19,Unknown,Marseille Port Depot,Marseille,224.6,426.4,Livré,avion,385.14,75a44226210eb23d,f47acd90638e3749,43.36686,5.3584,10.0,90.981,FAIBLE
FR-692735,2025-03-01,,DHL,Marseille Port Depot,Marseille,296.1,795.9,En attente,petit_camion,127.99,93141cbfc2990e76,03ad7ba67dc5158e,43.34977,5.3569,,28.2799,AUCUN
FR-411207,2026-02-02,2026-02-07,Unknown,Paris-CDG Hub,Paris,3238.2,737.7,Livré,train,320.81,867749e4b7692143,07fd23985b984ad1,48.8861,2.47922,5.0,66.887,AUCUN
FR-969559,2024-07-30,2024-07-31,DHL,Bordeaux Logistics Park,Ajaccio,16.8,709.5,Livré,fourgonnette,19.39,ba12f74cff0e9464,2b005cb10628b26b,41.99093,8.72271,1.0,0.9536,AUCUN
FR-624324,2024-09-13,,UPS,Marseille Port Depot,Paris,65.2,580.5,En transit,petit_camion,81.71,93141cbfc2990e76,779ece2c27a390d6,48.83077,2.30104,,4.5418,MOYEN
FR-994287,2026-02-19,,UPS,Marseille Port Depot,Lyon,201.0,523.8,En transit,avion,427.12,232c9d11c882ea2c,dc2aba9500e3007c,45.79312,4.86151,,100.0196,MOYEN
FR-573818,2025-08-03,2025-08-04,GLS,Marseille Port Depot,Paris,3515.8,997.7,Livré,gros_camion,443.0,d23122a5cb6fdbb4,21090e45e99563dd,48.86929,2.26255,1.0,736.6199,AUCUN
FR-481784,2026-03-31,2026-04-04,GLS,Marseille Port Depot,Rennes,6227.1,542.3,Livré,train,385.83,6dd72298f13e566b,d3184fea2a5ddf54,48.15785,-1.56327,4.0,94.5548,AUCUN
FR-360705,2025-11-01,2025-11-04,FedEx,Bordeaux Logistics Park,Bordeaux,43.5,798.9,Livré,avion,355.43,a411faa4604af305,9f6c3ad8d0393056,44.87189,-0.53107,3.0,33.0145,AUCUN
FR-983706,2024-12-03,2024-12-08,Kuehne+Nagel,Marseille Port Depot,Bayonne,211.7,434.1,Retardé,avion,428.27,076d9a82acb00f0c,afefa1f3426496ab,43.49351,-1.47986,5.0,87.304,ÉLEVÉ
FR-364491,2025-10-25,2025-11-04,Kuehne+Nagel,Bordeaux Logistics Park,Nice,162.4,690.5,Retardé,petit_camion,79.92,75a44226210eb23d,284c5bc28bcd8a20,43.57496,7.25727,10.0,13.4565,ÉLEVÉ
FR-420739,2026-01-26,,GLS,Lyon Distribution Center,Paris,3621.6,223.8,En transit,train,268.35,3714a4bb9c0df2e3,515aef777a8b4493,48.87393,2.31794,,22.6944,MOYEN
FR-495252,2025-02-23,2025-03-08,UPS,Bordeaux Logistics Park,Bayonne,9.9,172.7,Livré,avion,239.59,d23122a5cb6fdbb4,13269bff65408295,43.52906,-1.47786,13.0,1.6242,FAIBLE
FR-440641,2024-07-03,,FedEx,Paris-CDG Hub,Lille,4656.0,734.4,En transit,train,390.77,d0443b3d89fde63f,00ef66d76b746a32,50.62294,3.10751,,95.7423,MOYEN
FR-340678,2024-07-04,2024-07-13,Kuehne+Nagel,Paris-CDG Hub,Lille,41.5,592.1,Livré,avion,316.21,50b6dd7a25a72160,29c89c669b8cd179,50.51142,3.0898,9.0,23.3435,FAIBLE
FR-670392,2026-02-10,2026-02-21,UPS,Lyon Distribution Center,Nice,1521.9,1066.2,Livré,train,272.15,737b27ae09a06d30,a8ffd3182c47245c,43.657,7.34505,11.0,45.4342,FAIBLE
FR-387795,2026-02-10,2026-02-23,Chronopost,Paris-CDG Hub,Nantes,3654.1,89.8,Retardé,gros_camion,371.5,2debffb0c60c520e,9f206942fba969ea,47.25899,-1.537,13.0,68.909,ÉLEVÉ
FR-276774,2025-01-11,2025-01-20,GLS,Bordeaux Logistics Park,Bordeaux,1989.9,344.0,Livré,train,280.96,93141cbfc2990e76,de389ea79dc39b16,44.81136,-0.60121,9.0,19.1667,FAIBLE
FR-971011,2025-01-07,2025-01-14,XPO Logistics,Paris-CDG Hub,Reims,134.9,378.5,Livré,avion,241.05,80c6e1b004c4d98c,3eb8056e4329f404,49.24915,3.2496,7.0,48.5067,FAIBLE
FR-679054,2026-03-20,2026-03-30,UPS,Bordeaux Logistics Park,Nantes,12.9,771.9,Retardé,fourgonnette,19.99,ac1dabffaec6f025,2a432dfd42ec3f24,47.20757,-1.51224,10.0,0.7966,ÉLEVÉ
FR-319162,2024-05-25,,DHL,Bordeaux Logistics Park,Colmar,885.7,729.3,En transit,gros_camion,290.85,c8796666bc9acaab,109615bcff4d179c,48.09935,7.35757,,135.6476,MOYEN
FR-275231,2026-04-03,2026-04-14,GLS,Bordeaux Logistics Park,Nantes,137.1,668.7,Livré,avion,342.55,4dc658302b612f5c,430d4e244ffb0a1f,47.30536,-1.60667,11.0,87.0948,FAIBLE
FR-249177,2026-01-06,,DHL,Bordeaux Logistics Park,Nantes,2026.5,195.3,En transit,train,250.89,b6a35244625ccc34,57a02f2bc4c4698c,47.36735,-1.55916,,11.0817,MOYEN
FR-400572,2024-07-22,2024-07-25,Unknown,Lyon Distribution Center,Nice,3.5,397.3,Livré,fourgonnette,7.93,6ab1a44406435c4c,37cb21236f7db5b0,43.79036,7.21674,3.0,0.1112,AUCUN
FR-484533,2024-08-05,2024-08-17,UPS,Bordeaux Logistics Park,Saint-Étienne,850.7,627.5,Livré,gros_camion,321.35,fb9a24e0a82c372f,7fe7ad30603cde00,45.38368,4.34946,12.0,112.101,FAIBLE
FR-213828,2025-12-20,2025-12-31,UPS,Lyon Distribution Center,Aix-en-Provence,5879.1,1001.2,Livré,train,437.96,0b9d5daff036d6da,2ebd7c9473b70ef7,43.55647,5.49482,11.0,164.8123,FAIBLE
FR-563723,2025-02-06,2025-02-09,Unknown,Paris-CDG Hub,Toulouse,1993.2,219.5,Retardé,gros_camion,337.43,0915a7642195cf8a,e1a073570f817053,43.56825,1.43475,3.0,91.8766,ÉLEVÉ
FR-862580,2026-01-09,2026-01-11,Kuehne+Nagel,Bordeaux Logistics Park,Marseille,24.3,1118.6,Livré,fourgonnette,20.73,50b6dd7a25a72160,3f31200ecb341045,43.27593,5.39687,2.0,2.1746,AUCUN
FR-856120,2025-02-24,2025-03-01,Unknown,Lyon Distribution Center,Marseille,198.2,161.3,Livré,avion,301.18,89b72f42de629ac1,2a59614a34c00df0,43.38884,5.3857,5.0,30.3712,AUCUN
FR-829672,2026-03-13,2026-03-23,Kuehne+Nagel,Lyon Distribution Center,Lille,109.5,548.2,Retardé,avion,214.2,ddd94bb935d6fc90,60eca84bfd115052,50.60439,3.14301,10.0,57.0265,ÉLEVÉ
FR-836427,2025-02-09,2025-02-14,GLS,Lyon Distribution Center,Lille,12.2,756.5,Retardé,fourgonnette,11.89,7762a147989c85a8,8face6393b092440,50.53837,2.99126,5.0,0.7383,ÉLEVÉ
FR-674679,2025-08-20,2025-09-01,Unknown,Marseille Port Depot,Strasbourg,11.4,608.7,Livré,avion,253.66,afdb5de261053424,51ddc1550cb77420,48.576,7.68413,12.0,6.5922,FAIBLE
FR-209599,2026-02-16,,XPO Logistics,Marseille Port Depot,Marseille,3805.7,1193.5,En attente,train,348.29,184fcccb030ef7f7,0df63b45e22176cc,43.2606,5.45526,,127.1789,AUCUN
FR-764956,2024-09-30,,Chronopost,Paris-CDG Hub,Paris,28.2,193.1,En transit,fourgonnette,15.73,1f5f2617ee232079,275370fd5bc06ec3,48.886,2.40032,,0.4356,MOYEN
FR-610571,2024-11-29,2024-12-03,DHL,Bordeaux Logistics Park,Strasbourg,1550.3,393.3,Livré,train,226.0,ac1dabffaec6f025,1ee6d7ce89a870d9,48.57602,7.75595,4.0,17.0725,AUCUN
FR-229394,2025-11-07,2025-11-20,UPS,Bordeaux Logistics Park,Marseille,3875.6,934.6,Retourné,gros_camion,575.58,c3c93bf263ad82fc,a41a8bc0857a67bf,43.39894,5.28853,13.0,760.6485,AUCUN
FR-601854,2025-02-13,2025-02-19,Chronopost,Paris-CDG Hub,Paris,142.6,1176.3,Retardé,petit_camion,101.84,57305694cae2b1d0,7e0bae8793042139,48.82174,2.36435,6.0,20.1288,ÉLEVÉ
FR-662345,2025-12-15,2025-12-25,XPO Logistics,Marseille Port Depot,Lille,22.8,23.9,Livré,fourgonnette,11.85,89b72f42de629ac1,39b3704e4c4f3aab,50.64101,3.01034,10.0,0.0436,FAIBLE
FR-337469,2025-10-10,,DHL,Marseille Port Depot,Rouen,2468.1,914.1,En transit,train,330.35,ddd94bb935d6fc90,997e88897c5eb965,49.40423,1.06731,,63.1705,MOYEN
FR-123382,2025-03-11,,Chronopost,Paris-CDG Hub,Bordeaux,7489.6,1097.2,En attente,train,468.19,420ccf90b5c7ed29,eab818d84d21db3b,44.71834,-0.53991,,230.0925,AUCUN
FR-916196,2026-04-23,2026-04-24,Unknown,Paris-CDG Hub,Paris,23.4,926.9,Livré,avion,302.29,fb9a24e0a82c372f,c7a5a8b76c579689,48.86093,2.30218,1.0,20.605,AUCUN
FR-166266,2024-06-22,,FedEx,Marseille Port Depot,Lyon,1982.3,300.6,En transit,gros_camion,328.21,286f327fca2fc8f0,3bcf979141c20603,45.72198,4.87006,,125.1347,MOYEN
FR-659367,2026-02-16,2026-02-28,UPS,Paris-CDG Hub,Strasbourg,143.3,1144.2,Livré,avion,414.23,c8796666bc9acaab,88b5482599ca1382,48.53764,7.71739,12.0,155.7657,FAIBLE
FR-682438,2024-06-18,2024-06-30,GLS,Bordeaux Logistics Park,Strasbourg,1959.7,1117.1,Retardé,gros_camion,412.79,abb3d464b81216db,fd9cc61e1ef68a05,48.62243,7.77546,12.0,459.728,ÉLEVÉ
FR-379819,2024-09-24,2024-10-03,Chronopost,Marseille Port Depot,Le Mans,83.4,908.4,Retardé,avion,290.03,4539984fb9bfe688,21f8205e5f07ed08,47.98694,0.19461,9.0,71.9725,ÉLEVÉ
FR-496681,2026-02-19,2026-02-28,Kuehne+Nagel,Bordeaux Logistics Park,Lyon,6286.8,632.0,Livré,train,317.87,6b16b395ec3a9551,461496d4c77dcf1d,45.7495,4.69496,9.0,111.2512,FAIBLE
FR-131153,2024-07-28,2024-07-31,GLS,Paris-CDG Hub,Rennes,7894.9,1125.9,Livré,train,537.83,abb3d464b81216db,9aaf51a114528f8a,48.13311,-1.64945,3.0,248.8883,AUCUN
FR-326137,2025-11-14,2025-11-18,FedEx,Marseille Port Depot,Rouen,4061.7,667.1,Livré,gros_camion,504.84,abbd60b0df7fec89,ad0df8aed9f457a1,49.53018,1.10416,4.0,569.0076,AUCUN
FR-749822,2025-07-16,2025-07-18,DHL,Marseille Port Depot,Nice,5257.5,983.8,Livré,train,401.67,2e77fde05867cb62,60ef3aae10d5fca8,43.72246,7.29834,2.0,144.8252,AUCUN
FR-762567,2025-01-24,2025-02-03,DB Schenker,Bordeaux Logistics Park,Lille,,531.7,Livré,avion,183.38,89b72f42de629ac1,9464062be388fd30,50.64379,3.12618,10.0,0.0,FAIBLE
FR-630624,2025-12-02,2025-12-12,DB Schenker,Bordeaux Logistics Park,Clermont-Ferrand,11.7,379.9,Livré,fourgonnette,18.36,bebe00cf88981ebb,554fd200282bb67f,45.70462,3.0823,10.0,0.3556,FAIBLE
FR-850909,2025-07-06,,DHL,Marseille Port Depot,Lyon,20.5,202.7,En transit,fourgonnette,14.35,b4b018a4be786430,952defd528c6f75b,45.74776,4.83237,,0.3324,MOYEN
FR-112823,2025-02-11,2025-02-17,Chronopost,Paris-CDG Hub,Nantes,67.3,1080.3,Livré,avion,430.45,a411faa4604af305,39257bd3948a9d33,47.21427,-1.5151,6.0,69.069,FAIBLE
FR-138311,2024-09-07,2024-09-19,Kuehne+Nagel,Paris-CDG Hub,Tours,25.9,175.6,Livré,fourgonnette,9.43,ff07dd0896d16f31,02b1f714af7a4d32,47.35287,0.63186,12.0,0.3638,FAIBLE
FR-412434,2024-07-25,2024-08-05,Unknown,Bordeaux Logistics Park,Lyon,127.2,828.0,Livré,avion,383.64,6ab1a44406435c4c,a16d70106227a03b,45.74149,4.7979,11.0,100.0555,FAIBLE
FR-769764,2025-05-22,2025-05-27,Unknown,Bordeaux Logistics Park,Ajaccio,67.8,104.9,Livré,petit_camion,62.34,93141cbfc2990e76,0b1fb257bef43ef7,41.98031,8.81893,5.0,0.8535,AUCUN
FR-288511,2025-05-15,2025-05-21,DB Schenker,Marseille Port Depot,Bordeaux,88.1,852.9,Livré,avion,296.75,232c9d11c882ea2c,27864576b4b36ae1,44.8302,-0.5556,6.0,71.3835,FAIBLE
FR-127738,2025-01-23,,DHL,Marseille Port Depot,Avignon,10.8,411.9,En attente,fourgonnette,16.45,420ccf90b5c7ed29,abe8053fd1eadc6f,43.89731,4.87052,,0.3559,AUCUN
FR-847962,2025-12-18,2025-12-28,GLS,Lyon Distribution Center,Caen,538.4,1029.0,Retardé,petit_camion,125.9,c3c93bf263ad82fc,84242f37ea87e231,49.20948,-0.34787,10.0,66.4816,ÉLEVÉ
FR-520615,2026-04-19,2026-04-27,Unknown,Paris-CDG Hub,Toulon,4183.4,951.7,Livré,gros_camion,554.14,e99e31c1b5468d2d,181b2a8054af9b8e,43.26647,5.91254,8.0,836.0818,FAIBLE
FR-167546,2024-11-22,2024-11-23,Kuehne+Nagel,Bordeaux Logistics Park,Nice,511.0,66.0,Livré,petit_camion,119.25,2210da77fef00168,a61ed3b09b79cc10,43.72262,7.22434,1.0,4.0471,AUCUN
FR-461085,2025-09-24,2025-09-27,UPS,Paris-CDG Hub,Lille,582.7,381.4,Livré,train,134.45,89b72f42de629ac1,386680d6683094d6,50.61673,3.06292,3.0,6.2228,AUCUN
FR-744742,2025-10-19,2025-10-22,DHL,Marseille Port Depot,Metz,54.1,743.1,Livré,avion,258.88,588860b1c06a5a7a,940dfde1a700b73a,49.08526,6.18024,3.0,38.1916,AUCUN
FR-538715,2025-06-27,,XPO Logistics,Paris-CDG Hub,Lille,174.4,205.9,En transit,avion,250.3,6a5796584ab1ac8a,8ba369e099ec82aa,50.69218,3.15918,,34.1135,MOYEN
FR-259245,2024-10-23,2024-10-31,XPO Logistics,Marseille Port Depot,Nantes,1044.1,811.1,Livré,train,285.89,1e3f6890d2ddffa6,3bd3f952e1749fdb,47.13067,-1.6642,8.0,23.7123,FAIBLE
FR-131346,2025-02-21,2025-03-06,XPO Logistics,Marseille Port Depot,Dijon,205.2,1102.6,Livré,petit_camion,136.67,97c134953eabb671,575710821a2178bf,47.37714,5.10237,13.0,27.1504,FAIBLE
FR-620140,2024-10-06,,DB Schenker,Marseille Port Depot,Nantes,91.5,606.6,En transit,avion,210.37,50b6dd7a25a72160,3d88ea851a8c4449,47.21513,-1.59309,,52.7287,MOYEN
FR-425370,2025-12-11,,Chronopost,Paris-CDG Hub,Bordeaux,965.5,709.1,En transit,gros_camion,263.84,abb3d464b81216db,c5a64dda77b17e4e,44.92695,-0.59157,,143.7736,MOYEN
FR-217363,2025-08-29,,FedEx,Marseille Port Depot,Lyon,3983.8,1174.9,En transit,train,312.59,4e3a294f61cb834d,809c587e7a1ecde6,45.8148,4.81553,,131.0559,MOYEN
FR-878610,2025-12-04,,UPS,Marseille Port Depot,Lyon,47.5,421.7,En transit,avion,218.79,f057aa1333d44acb,095755f35521309a,45.77857,4.80699,,19.0292,MOYEN
FR-811601,2025-05-13,2025-05-14,UPS,Lyon Distribution Center,Strasbourg,196.8,1059.2,Livré,avion,526.01,89b72f42de629ac1,848f7d9346347a1d,48.47489,7.74666,1.0,198.028,AUCUN
FR-611030,2024-06-30,,XPO Logistics,Marseille Port Depot,Clermont-Ferrand,239.2,196.4,En transit,petit_camion,106.54,b4b018a4be786430,9803b9250121fa4c,45.75928,3.02575,,5.6375,MOYEN
FR-678668,2024-07-09,2024-07-11,DB Schenker,Marseille Port Depot,Lille,,75.5,Livré,gros_camion,219.54,dc995e4ea96bebf0,a8bffc1af643b6b6,50.68244,3.03428,2.0,0.0,AUCUN
FR-917715,2026-01-20,2026-01-21,Chronopost,Bordeaux Logistics Park,Nantes,48.6,1021.8,Retardé,fourgonnette,21.9,867749e4b7692143,488f6795e0f52528,47.26038,-1.55652,1.0,3.9728,ÉLEVÉ
FR-705599,2024-10-06,,XPO Logistics,Paris-CDG Hub,Paris,239.2,1013.7,En transit,avion,522.54,de6c9169a9ba75a9,6631061dd3f8b011,48.86583,2.38969,,230.3532,MOYEN
FR-921154,2025-01-31,2025-02-10,DHL,Marseille Port Depot,Bordeaux,104.7,1001.2,Livré,avion,466.53,ff07dd0896d16f31,7d51e3d657254433,44.84324,-0.65614,10.0,99.5844,FAIBLE
FR-629129,2025-02-15,,FedEx,Lyon Distribution Center,Nantes,2469.1,56.7,En attente,train,185.03,649f91ae50effe2e,cc0e3806bcb78ac8,47.31743,-1.54556,,3.9199,AUCUN
FR-844917,2024-05-17,,GLS,Marseille Port Depot,Strasbourg,7.0,382.5,En transit,avion,270.63,2210da77fef00168,ca7c2b37b062094f,48.58899,7.71399,,2.5436,MOYEN
FR-484333,2026-04-21,,UPS,Lyon Distribution Center,Le Mans,20.3,256.0,En transit,fourgonnette,9.04,bebe00cf88981ebb,5e971f43f26c641c,48.0061,0.25568,,0.4157,MOYEN
FR-662773,2026-02-04,2026-02-12,Unknown,Paris-CDG Hub,Strasbourg,183.7,97.6,Livré,avion,319.45,0a09e9b5dbb0d8ab,faac57cbfe32d18a,48.6783,7.82832,8.0,17.0327,FAIBLE
FR-311811,2024-07-10,2024-07-15,FedEx,Paris-CDG Hub,Rennes,1.4,381.0,Retardé,fourgonnette,13.63,cca89aaad52adbdd,66134a3dc94cf859,48.14126,-1.62792,5.0,0.0427,ÉLEVÉ
FR-759789,2025-09-19,2025-09-26,Chronopost,Lyon Distribution Center,Rennes,,924.5,Livré,gros_camion,419.37,2210da77fef00168,5109559132e428d6,48.14444,-1.66915,7.0,0.0,FAIBLE
FR-895016,2026-02-07,,DHL,Bordeaux Logistics Park,Rennes,246.5,224.7,En attente,avion,403.56,2e49ed8efc869923,77fc57e85083963d,48.12556,-1.67717,,52.6191,AUCUN
FR-814618,2024-11-21,2024-12-01,Kuehne+Nagel,Bordeaux Logistics Park,Nice,5441.5,780.1,Livré,train,294.88,1e3f6890d2ddffa6,82a9532e3866f12b,43.70948,7.23391,10.0,118.8576,FAIBLE
FR-335835,2024-04-27,,DHL,Lyon Distribution Center,Toulouse,200.0,165.7,En transit,petit_camion,88.16,5544f6afe2c2fa55,9ddc8ed9776ba167,43.59521,1.44747,,3.9768,MOYEN
FR-887071,2024-08-10,,Chronopost,Bordeaux Logistics Park,Strasbourg,2560.2,781.9,En transit,train,310.68,50b6dd7a25a72160,0c9f0cbd3a5f03a3,48.70334,7.6659,,56.051,MOYEN
FR-669071,2024-06-21,2024-06-22,FedEx,Marseille Port Depot,Lyon,222.6,301.5,Retourné,avion,394.72,2210da77fef00168,825ee1f702c47f0f,45.79295,4.86234,1.0,63.7582,AUCUN
FR-830806,2026-03-24,2026-04-02,XPO Logistics,Lyon Distribution Center,Angers,20.6,677.0,Livré,avion,217.07,93141cbfc2990e76,600e076d00da52ea,47.46791,-0.56692,9.0,13.2489,FAIBLE
FR-689930,2025-10-08,2025-10-14,DHL,Marseille Port Depot,Paris,4070.0,883.9,Livré,gros_camion,533.89,4761f7fa3a69433b,a5e9036ce120b3c2,48.81345,2.42325,6.0,755.4693,FAIBLE
FR-972510,2025-11-07,2025-11-19,GLS,Bordeaux Logistics Park,Aix-en-Provence,6112.1,954.9,Livré,train,471.5,d23122a5cb6fdbb4,9ecc548556703bb7,43.4789,5.42903,12.0,163.4204,FAIBLE
FR-583512,2024-05-28,,Unknown,Marseille Port Depot,Rennes,3275.7,31.8,En attente,train,181.11,64be089ea6398de1,77ba5bb5beffd857,48.10988,-1.6528,,2.9167,AUCUN
FR-926671,2026-02-27,2026-03-07,DHL,Bordeaux Logistics Park,Nice,29.2,780.1,Retourné,fourgonnette,18.53,ae8ce543547ae3d4,f9ac5e695c3481b1,43.67767,7.24567,8.0,1.8223,AUCUN
FR-639180,2024-07-15,2024-07-16,Chronopost,Bordeaux Logistics Park,Metz,73.0,311.7,Retardé,avion,223.58,6a5796584ab1ac8a,0892004f7c2fe0a9,49.0117,6.19794,1.0,21.6164,ÉLEVÉ
FR-567667,2025-12-04,2025-12-11,FedEx,Bordeaux Logistics Park,Toulouse,196.9,926.2,Retardé,avion,507.35,cca89aaad52adbdd,abc85ef7eb2c7239,43.55227,1.38115,7.0,173.2503,ÉLEVÉ
FR-337626,2025-05-17,2025-05-22,FedEx,Lyon Distribution Center,Strasbourg,4286.7,1141.2,Livré,gros_camion,604.51,232c9d11c882ea2c,51175e74ba4966f2,48.57957,7.77795,5.0,1027.3162,AUCUN
FR-859277,2025-11-06,2025-11-13,Unknown,Paris-CDG Hub,Bordeaux,2837.3,1088.3,Livré,gros_camion,535.81,2a457c97836df9d7,af112f553e84ce62,44.76341,-0.63546,7.0,648.4451,FAIBLE
FR-481965,2026-01-21,2026-01-30,FedEx,Paris-CDG Hub,Bordeaux,6196.1,1064.4,Retourné,train,454.8,4761f7fa3a69433b,6f7ab6ba2d8b1fa6,44.81934,-0.59122,9.0,184.6636,AUCUN
FR-277561,2026-02-03,,UPS,Marseille Port Depot,Angers,259.3,699.5,En attente,petit_camion,87.53,2c7e84ab9c91b547,1b0f7507a3ee324c,47.51641,-0.57819,,21.7656,AUCUN
FR-378252,2024-05-04,,Chronopost,Paris-CDG Hub,Toulouse,3417.3,568.5,En attente,gros_camion,383.16,fb9a24e0a82c372f,c3d0585c3e48de4c,43.65019,1.43972,,407.9744,AUCUN
FR-236343,2024-10-07,2024-10-13,DHL,Paris-CDG Hub,Lille,595.8,154.5,Livré,petit_camion,118.55,80c6e1b004c4d98c,815c5c00dff9e80e,50.58723,3.03886,6.0,11.0461,FAIBLE
FR-586160,2025-09-05,2025-09-07,Kuehne+Nagel,Marseille Port Depot,Rennes,102.6,261.4,Livré,avion,264.51,57305694cae2b1d0,1f340fa46a00a5eb,48.23493,-1.75652,2.0,25.4787,AUCUN
FR-402094,2026-01-19,2026-01-20,DB Schenker,Marseille Port Depot,Besançon,188.8,34.4,Livré,avion,255.0,6dd72298f13e566b,677f4e000b35431d,47.25371,6.07888,1.0,6.17,AUCUN
FR-500966,2026-04-18,2026-04-25,DHL,Bordeaux Logistics Park,Paris,5189.1,994.6,Livré,train,406.74,4d783fa3092cb304,c5995ac93c04e345,48.84001,2.39919,7.0,144.5102,FAIBLE
FR-978219,2025-12-12,2025-12-20,DB Schenker,Lyon Distribution Center,Nantes,2892.2,554.6,Livré,gros_camion,405.64,a7343d238975093d,3ee16cc71380d44b,47.22498,-1.49735,8.0,336.843,FAIBLE
FR-465130,2024-08-08,2024-08-11,GLS,Marseille Port Depot,Nice,332.0,771.7,Retardé,petit_camion,116.17,213616dfc61bfad5,1af1af3759e57e93,43.71107,7.24119,3.0,30.7445,ÉLEVÉ
FR-347795,2025-11-02,2025-11-07,Kuehne+Nagel,Marseille Port Depot,Toulouse,30.1,262.0,Retardé,fourgonnette,16.98,9f825829469aca3d,ccaca728a1a6b2c6,43.61595,1.44726,5.0,0.6309,ÉLEVÉ
FR-114407,2025-01-14,2025-01-21,FedEx,Lyon Distribution Center,Marseille,23.7,817.9,Retourné,avion,314.17,7762a147989c85a8,e56c7fab6c3b199d,43.26558,5.33006,7.0,18.415,AUCUN
FR-247748,2025-12-01,,DHL,Marseille Port Depot,Chambéry,6298.2,405.9,En transit,train,371.84,6b16b395ec3a9551,996c7f45459e972d,45.58662,5.89175,,71.5803,MOYEN
FR-641567,2025-09-06,2025-09-11,Chronopost,Paris-CDG Hub,Valence,1789.7,1074.5,Livré,gros_camion,368.96,98c6fa9a1549ec58,2d2c2f2bd0f14ca7,44.93156,4.86319,5.0,403.8369,AUCUN
FR-480665,2025-05-27,2025-06-07,UPS,Paris-CDG Hub,Bastia,124.7,59.0,Retardé,avion,270.2,1f5f2617ee232079,0edcf773fcd56171,42.77834,9.43587,11.0,6.9894,ÉLEVÉ
FR-461799,2024-05-19,,XPO Logistics,Marseille Port Depot,Nice,16.2,815.9,En transit,fourgonnette,15.0,fb9a24e0a82c372f,db2022e6c1f9a0b0,43.75237,7.21797,,1.0574,MOYEN
FR-186978,2025-02-06,2025-02-19,GLS,Bordeaux Logistics Park,Amiens,532.6,777.9,Livré,train,211.66,2e49ed8efc869923,ae6c33afe9916118,49.90816,2.38733,13.0,11.6007,FAIBLE
FR-553739,2024-12-27,2025-01-09,XPO Logistics,Lyon Distribution Center,Toulouse,639.9,1168.9,Retardé,petit_camion,140.82,420ccf90b5c7ed29,7d98db41c0c13823,43.56335,1.45224,13.0,89.7575,ÉLEVÉ
FR-763662,2026-01-06,,GLS,Marseille Port Depot,Saint-Étienne,3175.7,179.1,En attente,gros_camion,378.63,4f34261f7c38ba0c,c973b80d98edd1ff,45.35129,4.53684,,119.4413,AUCUN
FR-189142,2025-05-10,2025-05-22,Unknown,Paris-CDG Hub,Rennes,4031.5,196.5,Retardé,gros_camion,423.28,64be089ea6398de1,ce3706c018adc013,48.17536,-1.69963,12.0,166.3598,ÉLEVÉ
FR-597275,2024-07-27,,UPS,Paris-CDG Hub,Rennes,9.3,620.6,En attente,fourgonnette,17.83,abb3d464b81216db,5c7978c4bc1b8a34,48.11376,-1.67324,,0.4617,AUCUN
FR-181748,2024-11-25,,XPO Logistics,Lyon Distribution Center,Strasbourg,162.0,659.0,En transit,avion,272.39,ddd94bb935d6fc90,d7d578aaeb0de302,48.53526,7.72736,,101.4201,MOYEN
FR-430657,2025-04-12,2025-04-18,Chronopost,Paris-CDG Hub,Marseille,645.3,944.4,Livré,petit_camion,143.25,bebe00cf88981ebb,69f2b34b0b4072d6,43.24278,5.35143,6.0,73.1306,FAIBLE
FR-811045,2025-04-20,2025-04-30,Kuehne+Nagel,Bordeaux Logistics Park,Lille,81.6,1008.0,Livré,avion,247.4,9f825829469aca3d,43b3ea6e77895511,50.67395,3.05422,10.0,78.1402,FAIBLE
FR-902377,2025-09-02,2025-09-08,UPS,Bordeaux Logistics Park,Nantes,131.8,1169.1,Livré,avion,500.4,b4b018a4be786430,76866013d8586bf9,47.34861,-1.51019,6.0,146.383,FAIBLE
FR-185687,2024-10-28,2024-11-03,Unknown,Paris-CDG Hub,Bordeaux,24.6,433.0,Livré,fourgonnette,10.64,fb9a24e0a82c372f,8a69286dcfc0b7a9,44.85749,-0.55818,6.0,0.8521,FAIBLE
FR-326577,2025-02-18,2025-02-22,GLS,Lyon Distribution Center,Clermont-Ferrand,8.7,639.1,Livré,fourgonnette,14.96,4d783fa3092cb304,cb478495aab2e7fc,45.73399,3.14378,4.0,0.4448,AUCUN
FR-495991,2025-08-08,2025-08-13,GLS,Bordeaux Logistics Park,Toulouse,467.0,399.1,Retourné,petit_camion,110.69,98c6fa9a1549ec58,e1d6012a04ebada6,43.68804,1.45956,5.0,22.3656,AUCUN
FR-143815,2026-02-01,2026-02-12,Kuehne+Nagel,Paris-CDG Hub,Mulhouse,5855.5,1042.4,Retourné,train,336.83,c0fdb3ce997f47fa,9c03ddcbdc20e752,47.67959,7.43148,11.0,170.9056,AUCUN
FR-529201,2025-07-11,2025-07-17,Chronopost,Lyon Distribution Center,Marseille,729.0,497.3,Livré,petit_camion,170.08,2debffb0c60c520e,c34e329584b0d732,43.31393,5.32635,6.0,43.5038,FAIBLE
FR-189590,2024-05-23,2024-06-04,DB Schenker,Lyon Distribution Center,Paris,4752.0,630.2,Retourné,gros_camion,578.38,5544f6afe2c2fa55,c90ffa5dd0212a75,48.94468,2.41338,12.0,628.8892,AUCUN
FR-827333,2025-12-27,2026-01-04,GLS,Bordeaux Logistics Park,Montpellier,1455.3,990.2,Livré,train,254.3,e99e31c1b5468d2d,8dc61ae0a1ba9794,43.5113,3.89332,8.0,40.3491,FAIBLE
FR-715973,2025-05-11,2025-05-17,DHL,Paris-CDG Hub,Rennes,1866.9,1033.1,Livré,gros_camion,446.92,bebe00cf88981ebb,7a0f012b4ddf480a,48.08909,-1.70744,6.0,405.0258,FAIBLE
FR-629740,2025-11-09,,Chronopost,Marseille Port Depot,Le Mans,222.8,315.1,En attente,avion,432.06,9f825829469aca3d,48f4808f2fa14ab8,47.99467,0.19954,,66.6941,AUCUN
FR-228471,2024-11-20,,Unknown,Paris-CDG Hub,Metz,4435.2,670.5,En attente,train,351.1,ff07dd0896d16f31,35b922421dbbd919,49.07743,6.22049,,83.2664,AUCUN
FR-167804,2025-09-21,2025-10-01,XPO Logistics,Paris-CDG Hub,Rouen,6857.6,1191.2,Livré,train,486.8,de6c9169a9ba75a9,6bebaf0d2e7b0a5f,49.51082,0.98166,10.0,228.7256,FAIBLE
FR-619897,2025-04-07,2025-04-12,GLS,Paris-CDG Hub,Clermont-Ferrand,7.4,14.0,Livré,fourgonnette,7.88,d1d9c071e6672d29,3abd9fabecfc8d69,45.76101,3.09565,5.0,0.0083,AUCUN
FR-226951,2024-07-27,2024-08-08,FedEx,Bordeaux Logistics Park,Lille,61.2,429.9,Retardé,petit_camion,56.29,1e3f6890d2ddffa6,78cd283d284af0ee,50.59736,3.09435,12.0,3.1572,ÉLEVÉ
FR-542113,2026-04-02,2026-04-09,Kuehne+Nagel,Lyon Distribution Center,Lyon,6084.2,168.7,Livré,train,254.8,d21c62bed959dcf6,d74b63b343fe4a73,45.75507,4.80607,7.0,28.7393,FAIBLE
FR-737293,2024-10-05,,UPS,Paris-CDG Hub,Nice,37.6,172.1,En transit,fourgonnette,17.22,2a457c97836df9d7,b7a008d32c6f526f,43.65514,7.29861,,0.5177,MOYEN
FR-627433,2024-05-06,2024-05-19,UPS,Paris-CDG Hub,Marseille,4646.2,39.8,Retourné,train,258.35,ba4df4a50d5ef322,10dfd95621a27ff8,43.29272,5.44668,13.0,5.1777,AUCUN
FR-556356,2024-05-09,,DHL,Bordeaux Logistics Park,Lyon,1.4,999.9,En transit,fourgonnette,10.23,4539984fb9bfe688,ef65d34a69240a91,45.71634,4.88546,,0.112,MOYEN
FR-477625,2025-07-07,2025-07-12,Kuehne+Nagel,Paris-CDG Hub,Marseille,102.6,849.0,Retardé,avion,278.62,fb9a24e0a82c372f,329e38b60824da94,43.42177,5.34722,5.0,82.752,ÉLEVÉ
FR-405525,2024-11-16,2024-11-22,GLS,Lyon Distribution Center,Toulon,2874.1,381.4,Livré,gros_camion,372.86,4e3a294f61cb834d,2748b0b8f140fb2e,43.18165,5.89682,6.0,230.1982,FAIBLE
FR-456554,2026-01-27,2026-02-06,XPO Logistics,Marseille Port Depot,Paris,25.1,427.9,Livré,avion,292.13,c8796666bc9acaab,ee98ac2c2203f858,48.93213,2.36295,10.0,10.2033,FAIBLE
FR-878520,2026-03-02,2026-03-09,Chronopost,Paris-CDG Hub,Marseille,51.2,521.4,Livré,avion,258.22,5bb1ecc8ac6edde3,eb9bec11187ea668,43.30151,5.4778,7.0,25.3609,FAIBLE
FR-819148,2025-10-31,2025-11-05,GLS,Paris-CDG Hub,Vannes,2928.1,1160.0,Livré,gros_camion,512.9,93141cbfc2990e76,79d4599f3cea2de9,47.72051,-2.78154,5.0,713.2852,AUCUN
FR-748413,2024-11-26,2024-12-03,DB Schenker,Paris-CDG Hub,Valence,2871.6,1030.2,Livré,gros_camion,417.12,ff07dd0896d16f31,c0257977e4336022,44.88118,4.77556,7.0,621.2477,FAIBLE
FR-384599,2024-05-13,2024-05-22,DB Schenker,Paris-CDG Hub,Toulouse,1076.5,750.4,Livré,gros_camion,345.98,4937b40c2b9fb3af,a6399d4f9167084f,43.58815,1.50238,9.0,169.6392,FAIBLE
FR-653452,2025-09-07,2025-09-11,FedEx,Lyon Distribution Center,Strasbourg,6169.4,777.4,Livré,train,342.78,0a09e9b5dbb0d8ab,285faecad78907cf,48.4788,7.76716,4.0,134.2906,AUCUN
FR-731633,2024-07-06,2024-07-15,UPS,Marseille Port Depot,Saint-Étienne,5065.7,500.0,Retardé,train,310.87,4dc658302b612f5c,ea970416e8538ad5,45.50636,4.37278,9.0,70.9198,ÉLEVÉ
FR-128669,2025-08-05,2025-08-07,UPS,Marseille Port Depot,Lyon,2561.8,863.0,Livré,train,301.66,60d3bd00a0e40db3,943e9162c3f766e2,45.6814,4.92401,2.0,61.9033,AUCUN
FR-838561,2024-12-02,2024-12-15,UPS,Lyon Distribution Center,Montpellier,48.3,1095.0,Livré,fourgonnette,26.16,5bb1ecc8ac6edde3,ad2bcbcfc388eacd,43.57479,3.91205,13.0,4.2311,FAIBLE
FR-862186,2025-08-06,,FedEx,Paris-CDG Hub,Orléans,2458.1,895.6,En attente,gros_camion,489.4,0a09e9b5dbb0d8ab,992ef4109c746d21,47.88721,1.85831,,462.3096,AUCUN
FR-385648,2025-06-20,2025-06-30,GLS,Lyon Distribution Center,Lille,1861.8,912.9,Livré,gros_camion,408.66,c3c93bf263ad82fc,9c41bdb2b71cc5a1,50.55071,3.08005,10.0,356.9238,FAIBLE
FR-825618,2024-05-04,2024-05-13,UPS,Marseille Port Depot,Bordeaux,35.1,316.0,Livré,fourgonnette,14.35,a7343d238975093d,48d15a02f53428bc,44.78145,-0.57218,9.0,0.8873,FAIBLE
FR-575197,2025-05-18,2025-05-22,Unknown,Marseille Port Depot,Quimper,4414.7,631.0,Livré,gros_camion,455.08,c8796666bc9acaab,e18467ac1eb75e44,48.11328,-4.1699,4.0,584.9919,AUCUN
FR-838360,2024-08-01,2024-08-13,DHL,Marseille Port Depot,Paris,3858.9,960.5,Retardé,gros_camion,590.43,80c6e1b004c4d98c,0a46fa0e81b67521,48.82862,2.33436,12.0,778.3594,ÉLEVÉ
FR-810373,2024-08-29,2024-08-31,DB Schenker,Bordeaux Logistics Park,Lyon,3035.9,328.5,Livré,gros_camion,422.15,94f32f590e70c04a,af96baa8327983f0,45.68553,4.80386,2.0,209.4316,AUCUN
FR-412282,2025-06-19,2025-06-27,UPS,Marseille Port Depot,Nantes,226.3,676.4,Livré,avion,405.93,3714a4bb9c0df2e3,5de22f2018eaf47c,47.22767,-1.62661,8.0,145.4159,FAIBLE
FR-730381,2024-05-04,2024-05-08,GLS,Lyon Distribution Center,Paris,777.0,389.2,Retardé,petit_camion,138.1,2210da77fef00168,afe417272b94a6b0,48.85338,2.32944,4.0,36.289,ÉLEVÉ
FR-703148,2026-02-19,2026-03-04,FedEx,Bordeaux Logistics Park,Le Mans,3283.0,764.7,Livré,train,231.51,50b6dd7a25a72160,49128fda5cd39bd5,47.87566,0.21177,13.0,70.2943,FAIBLE
FR-106402,2025-06-26,,Kuehne+Nagel,Lyon Distribution Center,Lille,3690.3,1183.3,En attente,gros_camion,595.78,98c6fa9a1549ec58,704b1841e2f20b4c,50.61099,3.15855,,917.0137,AUCUN
FR-528053,2025-02-07,2025-02-11,Chronopost,Paris-CDG Hub,Toulouse,235.8,223.8,Retardé,avion,379.03,e05e06b51a7aca3c,88de6f9d7353a85f,43.60465,1.42868,4.0,50.1334,ÉLEVÉ
FR-142637,2026-04-21,2026-05-01,GLS,Paris-CDG Hub,Dijon,5701.0,1129.1,Livré,train,421.6,a411faa4604af305,71340dbc30acf4c2,47.37224,5.13885,10.0,180.236,FAIBLE
FR-728887,2025-05-23,2025-06-02,XPO Logistics,Marseille Port Depot,Rennes,4304.4,428.4,Livré,gros_camion,398.82,3714a4bb9c0df2e3,0807f55ea63cba6b,48.15263,-1.67876,10.0,387.241,FAIBLE
FR-721828,2025-02-06,2025-02-11,FedEx,Bordeaux Logistics Park,Toulouse,3378.3,178.4,Retardé,train,259.89,de6c9169a9ba75a9,2ba5709a0ad42b15,43.64062,1.43816,5.0,16.8753,ÉLEVÉ
FR-768860,2025-02-26,2025-03-04,UPS,Marseille Port Depot,Nantes,210.7,22.3,Retardé,avion,325.48,649f91ae50effe2e,f8b1f1f9c991d44f,47.22063,-1.62191,6.0,4.4637,ÉLEVÉ
FR-518005,2025-12-11,2025-12-14,FedEx,Bordeaux Logistics Park,Marseille,33.6,281.5,Livré,fourgonnette,11.24,ff07dd0896d16f31,1d3a37417cadb0b5,43.3834,5.39125,3.0,0.7567,AUCUN
FR-659863,2025-02-15,,Kuehne+Nagel,Paris-CDG Hub,Bordeaux,44.8,336.8,En attente,fourgonnette,11.65,6ab1a44406435c4c,98285fbd87c225bb,44.77123,-0.55781,,1.2071,AUCUN
FR-339204,2025-07-08,2025-07-21,Unknown,Marseille Port Depot,Lyon,15.4,345.2,Livré,fourgonnette,13.85,fb9a24e0a82c372f,ececb0a9a38ec578,45.77794,4.87663,13.0,0.4253,FAIBLE
FR-920793,2025-06-23,2025-06-27,XPO Logistics,Paris-CDG Hub,Rennes,119.3,276.5,Livré,avion,340.96,4e3a294f61cb834d,abce305a1bf3e1da,48.0766,-1.69396,4.0,31.3371,AUCUN
FR-853511,2025-09-06,2025-09-10,Unknown,Paris-CDG Hub,Marseille,200.8,886.7,Livré,avion,382.6,77a37e0c1eabf2ac,5f6c458d18f53b12,43.19199,5.33707,4.0,169.1469,AUCUN
FR-639457,2025-04-30,2025-05-05,UPS,Bordeaux Logistics Park,Clermont-Ferrand,22.4,146.4,Livré,fourgonnette,15.55,b4b018a4be786430,eb82c139001ebd7d,45.77913,2.98033,5.0,0.2623,AUCUN
FR-704065,2024-05-14,2024-05-24,UPS,Bordeaux Logistics Park,Strasbourg,,597.3,Retardé,train,313.83,588860b1c06a5a7a,b501c3b806b6d0ba,48.65888,7.69873,10.0,0.0,ÉLEVÉ
FR-623990,2024-07-14,,GLS,Bordeaux Logistics Park,Rennes,2601.2,912.6,En attente,gros_camion,424.12,46b06486d10dd744,bb0b43e1395b90f1,48.14858,-1.68896,,498.5096,AUCUN
FR-760261,2025-02-18,2025-03-02,Kuehne+Nagel,Paris-CDG Hub,Marseille,23.6,281.1,Livré,fourgonnette,9.32,abb3d464b81216db,9f6d5d614b82960c,43.25291,5.435,12.0,0.5307,FAIBLE
FR-742531,2026-02-26,2026-03-01,Kuehne+Nagel,Marseille Port Depot,Rennes,3689.5,394.1,Livré,gros_camion,421.52,184fcccb030ef7f7,5fcfd3ddff8b8d9b,48.10722,-1.56218,3.0,305.3467,AUCUN
FR-625608,2024-05-06,2024-05-12,Unknown,Bordeaux Logistics Park,Rouen,77.0,1111.4,Retardé,avion,315.12,2e77fde05867cb62,67284bf7b59d4b3e,49.42519,1.01838,6.0,81.2989,ÉLEVÉ
FR-213436,2026-01-17,2026-01-21,DHL,Lyon Distribution Center,Nantes,5205.3,1175.5,Livré,train,397.8,2c7e84ab9c91b547,a01b12d4b5a3a138,47.22923,-1.53882,4.0,171.3272,AUCUN
FR-471698,2025-05-20,,DB Schenker,Bordeaux Logistics Park,Metz,105.0,912.1,En attente,avion,323.22,4937b40c2b9fb3af,b2cdec34cebf7fa8,49.12781,6.17394,,90.982,AUCUN
FR-568883,2025-10-18,2025-10-31,DHL,Lyon Distribution Center,Nice,344.3,342.4,Livré,petit_camion,122.34,6dcb5f2757af7881,e1d375548f1bc923,43.69478,7.31665,13.0,14.1466,FAIBLE
FR-607099,2025-01-04,2025-01-17,UPS,Lyon Distribution Center,Nantes,594.6,384.2,Livré,petit_camion,142.9,a9bc7e3c6079a06c,2d656178e79fb359,47.24115,-1.63098,13.0,27.4134,FAIBLE
FR-162969,2024-09-30,,Kuehne+Nagel,Bordeaux Logistics Park,Nice,122.9,142.8,En attente,avion,259.85,afdb5de261053424,3f68093c8e1b7673,43.67016,7.24717,,16.6726,AUCUN
FR-785305,2025-01-30,2025-02-01,FedEx,Marseille Port Depot,Bordeaux,1805.8,460.0,Livré,train,266.31,ac1dabffaec6f025,21bf054b5c57589e,44.84376,-0.61565,2.0,23.2587,AUCUN
FR-104522,2026-03-23,,DB Schenker,Paris-CDG Hub,Annecy,1395.5,941.9,En transit,train,239.65,46b06486d10dd744,4d5170e4da8b257f,45.94091,6.15549,,36.8038,MOYEN
FR-146025,2024-10-29,2024-11-02,DB Schenker,Bordeaux Logistics Park,Strasbourg,6.5,1039.6,Livré,fourgonnette,16.7,176085ab92f665ad,906bacf181afce26,48.49716,7.75886,4.0,0.5406,AUCUN
FR-598515,2024-07-07,2024-07-16,UPS,Paris-CDG Hub,Lyon,1332.2,419.0,Retardé,train,225.0,ac1dabffaec6f025,499ada87eaf6f7c6,45.7516,4.8117,9.0,15.6294,ÉLEVÉ
FR-563609,2025-06-13,,XPO Logistics,Paris-CDG Hub,Lyon,4557.1,861.0,En transit,gros_camion,566.82,bebe00cf88981ebb,b57df80ef9f7fc40,45.7495,4.87107,,823.9693,MOYEN
FR-629087,2025-09-24,2025-09-25,GLS,Marseille Port Depot,Montpellier,762.5,968.7,Livré,petit_camion,167.72,588860b1c06a5a7a,681f3f3c3dc1a53e,43.65113,3.86528,1.0,88.636,AUCUN
FR-687453,2024-11-29,2024-12-07,FedEx,Marseille Port Depot,Paris,3738.1,359.1,Livré,gros_camion,449.92,dc995e4ea96bebf0,b3fd6f831d10de46,48.74965,2.34237,8.0,281.8939,FAIBLE
FR-444199,2025-08-03,2025-08-09,DHL,Bordeaux Logistics Park,Rennes,209.2,156.0,Livré,avion,376.1,7762a147989c85a8,a4de2c786ea2f86f,48.10574,-1.68012,6.0,31.0034,FAIBLE
FR-368617,2025-03-31,2025-04-02,DHL,Lyon Distribution Center,Rennes,799.1,452.5,Livré,petit_camion,137.8,dabcb1d63f05e568,bf90d409e858c9bf,48.17197,-1.73213,2.0,43.3911,AUCUN
FR-648482,2025-09-17,2025-09-26,DHL,Bordeaux Logistics Park,Amiens,2547.4,215.1,Livré,gros_camion,291.82,94f32f590e70c04a,205c98e5811bd646,49.89487,2.2156,9.0,115.0686,FAIBLE
FR-498300,2025-04-19,2025-04-28,FedEx,Bordeaux Logistics Park,Marseille,193.3,1114.3,Retardé,avion,397.31,97c134953eabb671,66b647c1c91e4027,43.29582,5.31446,9.0,204.6245,ÉLEVÉ
FR-623518,2025-12-16,2025-12-29,DHL,Paris-CDG Hub,Lyon,499.3,1029.0,Livré,petit_camion,121.51,2e49ed8efc869923,7beb608c868d49a3,45.72746,4.81751,13.0,61.6536,FAIBLE
FR-698552,2026-04-19,2026-04-22,Kuehne+Nagel,Paris-CDG Hub,Paris,2.4,60.9,Livré,avion,142.25,e05e06b51a7aca3c,7d65bcc22b36ae91,48.89054,2.35867,3.0,0.1389,AUCUN
FR-650197,2024-08-31,,UPS,Lyon Distribution Center,Tours,28.5,305.9,En attente,fourgonnette,12.39,577bd3cc79f49864,db56786fed09faeb,47.46576,0.68824,,0.6975,AUCUN
FR-616641,2025-02-24,,UPS,Lyon Distribution Center,Paris,214.6,816.9,En attente,avion,384.75,2c7e84ab9c91b547,15a03dfcd57ee946,48.89786,2.41402,,166.5414,AUCUN
FR-892904,2026-02-12,,FedEx,Paris-CDG Hub,Nantes,24.1,167.8,En attente,fourgonnette,11.01,737b27ae09a06d30,453570b816aa5914,47.2629,-1.42702,,0.3235,AUCUN
FR-636567,2025-08-23,2025-09-03,XPO Logistics,Marseille Port Depot,Reims,1712.5,296.2,Livré,train,213.32,2a457c97836df9d7,dbd90cadec5c4275,49.26956,3.30974,11.0,14.2028,FAIBLE
FR-602870,2024-10-26,2024-11-05,UPS,Marseille Port Depot,Toulouse,4105.2,559.5,Retardé,gros_camion,529.97,c8796666bc9acaab,980d173d4129b9f9,43.59479,1.45099,10.0,482.3405,ÉLEVÉ
FR-459175,2024-07-09,2024-07-18,GLS,Bordeaux Logistics Park,Rennes,48.5,1110.4,Livré,fourgonnette,26.09,be6b5843204f29e6,e4fd850420a3bd0c,48.00923,-1.65367,9.0,4.3084,FAIBLE
FR-411671,2024-07-24,2024-07-26,Chronopost,Paris-CDG Hub,Saint-Étienne,4.5,34.8,Retardé,fourgonnette,11.71,be6b5843204f29e6,bd3fa0c7dfc600d5,45.49581,4.40864,2.0,0.0125,ÉLEVÉ
FR-725536,2025-05-30,,DB Schenker,Lyon Distribution Center,Strasbourg,545.6,570.9,En transit,train,157.85,184fcccb030ef7f7,72192d8eab129878,48.67362,7.71185,,8.7215,MOYEN
FR-896247,2025-08-02,2025-08-09,UPS,Paris-CDG Hub,Toulouse,17.7,1075.9,Livré,avion,329.73,c3c93bf263ad82fc,aa057ec332d8ef73,43.56037,1.4817,7.0,18.0913,FAIBLE
FR-286571,2026-02-16,2026-02-26,DB Schenker,Lyon Distribution Center,Auxerre,2321.6,883.9,Livré,train,310.1,4539984fb9bfe688,1573a7d43ae4ab34,47.70146,3.54432,10.0,57.4577,FAIBLE
FR-561110,2025-01-25,2025-02-02,Unknown,Marseille Port Depot,Nantes,9.7,952.7,Retardé,fourgonnette,14.24,ba12f74cff0e9464,270fca2ca1d571e3,47.16324,-1.57554,8.0,0.7393,ÉLEVÉ
FR-807597,2026-01-02,2026-01-15,Chronopost,Paris-CDG Hub,Orléans,42.4,817.4,Livré,fourgonnette,23.47,f057aa1333d44acb,2e8a66585e884086,47.91381,1.84045,13.0,2.7726,FAIBLE
FR-412670,2024-08-12,,Kuehne+Nagel,Paris-CDG Hub,Lyon,4467.6,453.7,En transit,gros_camion,506.51,4f34261f7c38ba0c,4a081fbb81bee41e,45.67609,4.82314,,425.6595,MOYEN
FR-456423,2024-12-05,,XPO Logistics,Lyon Distribution Center,Nantes,9.2,931.9,En transit,fourgonnette,21.88,bcda6b0629bed55e,f1755937c01c385d,47.21992,-1.53865,,0.6859,MOYEN
FR-963387,2026-01-16,2026-01-21,DHL,Paris-CDG Hub,Lyon,371.6,1045.1,Livré,petit_camion,129.31,577bd3cc79f49864,ac19947e17459944,45.74373,4.86005,5.0,46.6031,AUCUN
FR-841119,2025-06-07,,DHL,Marseille Port Depot,Nantes,3638.1,969.8,En attente,gros_camion,482.85,b4b018a4be786430,29f68253acbfe76e,47.21963,-1.65176,,740.9282,AUCUN
FR-855584,2025-10-05,2025-10-16,Chronopost,Paris-CDG Hub,Le Mans,1626.5,774.7,Retourné,gros_camion,361.92,213616dfc61bfad5,e1c6da8faa65e12c,47.95979,0.13913,11.0,264.6104,AUCUN
FR-782121,2025-07-27,2025-08-07,DHL,Lyon Distribution Center,Lyon,1692.1,257.9,Livré,gros_camion,259.91,b6a35244625ccc34,357a49962eca220d,45.74377,4.73684,11.0,91.6424,FAIBLE
FR-829714,2026-03-06,2026-03-13,Chronopost,Lyon Distribution Center,Marseille,2653.2,808.6,Livré,gros_camion,364.23,45466476afe9982a,d87a41b120a7db46,43.29137,5.33266,7.0,450.5293,FAIBLE
FR-491212,2024-12-16,2024-12-21,Kuehne+Nagel,Lyon Distribution Center,Marseille,4579.8,69.3,Retardé,gros_camion,380.97,abbd60b0df7fec89,9d0039246fe0d202,43.33751,5.34641,5.0,66.6498,ÉLEVÉ
FR-982816,2025-04-02,2025-04-06,XPO Logistics,Lyon Distribution Center,Lille,227.4,421.1,Livré,petit_camion,105.41,be6b5843204f29e6,949f03ea429cb89e,50.60692,3.01085,4.0,11.491,AUCUN
FR-638611,2025-04-24,,Unknown,Bordeaux Logistics Park,Toulon,2883.2,286.3,En transit,train,280.69,867749e4b7692143,6f926ef58a763cf9,43.1477,5.93317,,23.1129,MOYEN
FR-641332,2025-06-05,2025-06-14,Unknown,Paris-CDG Hub,Le Havre,238.7,521.2,Livré,petit_camion,95.84,176085ab92f665ad,0dd9080197835bcf,49.4403,0.09097,9.0,14.9293,FAIBLE
FR-137664,2024-09-04,2024-09-17,DHL,Marseille Port Depot,Le Mans,257.5,134.2,Livré,petit_camion,62.94,2a457c97836df9d7,3c958adda0e32a15,47.95746,0.19772,13.0,4.1468,FAIBLE
FR-863389,2026-04-22,,FedEx,Paris-CDG Hub,Brest,577.1,740.7,En transit,petit_camion,142.69,ac1dabffaec6f025,76aa4f424e08ac44,48.38685,-4.42596,,51.295,MOYEN
FR-355623,2026-03-07,2026-03-12,Kuehne+Nagel,Bordeaux Logistics Park,Caen,233.5,1073.8,Livré,avion,547.97,45466476afe9982a,a04d54e39139bbb2,49.16039,-0.51585,5.0,238.1957,AUCUN
FR-151712,2025-07-11,2025-07-20,FedEx,Paris-CDG Hub,Lyon,19.3,564.1,Livré,fourgonnette,13.63,3714a4bb9c0df2e3,984953395d11690b,45.73241,4.80935,9.0,0.871,FAIBLE
FR-830456,2025-04-10,,GLS,Marseille Port Depot,Nice,,132.4,En attente,gros_camion,377.39,4e3a294f61cb834d,b3e1e2900b82758c,43.72035,7.22568,,0.0,AUCUN
FR-715358,2024-11-07,2024-11-12,Chronopost,Paris-CDG Hub,Rennes,4501.3,989.9,Livré,train,430.84,dabcb1d63f05e568,b815e60ab22b1b1c,48.14065,-1.70436,5.0,124.7634,AUCUN
FR-105397,2025-12-15,2025-12-20,Kuehne+Nagel,Marseille Port Depot,Nantes,661.7,745.3,Livré,petit_camion,179.08,94f32f590e70c04a,783973ff2071de24,47.24136,-1.6207,5.0,59.1798,AUCUN
FR-597821,2026-01-08,2026-01-18,Unknown,Lyon Distribution Center,Perpignan,1877.0,1070.6,Retourné,gros_camion,420.96,5bb1ecc8ac6edde3,ddb10f21f1dbdd45,42.6949,2.92555,10.0,421.9984,AUCUN
FR-868378,2025-06-28,2025-07-07,DHL,Lyon Distribution Center,Dijon,4495.2,1030.1,Retourné,gros_camion,556.5,b5eaeda6f050b47c,4b57a151a6885452,47.31473,5.0277,9.0,972.4062,AUCUN
FR-848886,2025-12-11,2025-12-18,DHL,Lyon Distribution Center,Lyon,1836.8,829.3,Livré,train,310.97,4d783fa3092cb304,58564f28fb862693,45.70013,4.89353,7.0,42.6512,FAIBLE
FR-325440,2025-01-06,2025-01-07,FedEx,Bordeaux Logistics Park,Paris,3555.8,1027.4,Livré,gros_camion,480.6,0a09e9b5dbb0d8ab,51938110f553bffb,48.88522,2.38475,1.0,767.1781,AUCUN
FR-987687,2026-04-26,2026-04-30,Kuehne+Nagel,Bordeaux Logistics Park,Rennes,4288.4,433.0,Livré,gros_camion,425.4,4dc658302b612f5c,254104ec0b490a2f,48.14132,-1.69035,4.0,389.9442,AUCUN
FR-969565,2025-06-19,2025-06-26,DHL,Bordeaux Logistics Park,Strasbourg,2715.6,254.7,Livré,gros_camion,376.75,bebe00cf88981ebb,623c6278a639b453,48.58204,7.7754,7.0,145.2493,FAIBLE
FR-479590,2024-11-04,,UPS,Paris-CDG Hub,Paris,3060.4,644.1,En transit,gros_camion,444.44,abbd60b0df7fec89,c6ec3fe820eb56f0,48.84318,2.37003,,413.9528,MOYEN
FR-987889,2025-02-19,,DB Schenker,Paris-CDG Hub,Bordeaux,575.7,1123.5,En transit,petit_camion,173.37,ccd16f4072984dcc,8e8b2c18f0b6edbf,44.78333,-0.55263,,77.6159,MOYEN
FR-303508,2026-04-25,2026-05-07,UPS,Bordeaux Logistics Park,Marseille,208.4,741.1,Livré,avion,496.18,420ccf90b5c7ed29,5d3774b51afc9f63,43.3688,5.36012,12.0,146.723,FAIBLE
FR-757003,2024-11-01,2024-11-05,DHL,Paris-CDG Hub,Strasbourg,4458.8,1164.4,Livré,gros_camion,666.13,cca89aaad52adbdd,7ae5244dbed5bdb8,48.55063,7.73441,4.0,1090.2836,AUCUN
FR-854899,2024-07-22,2024-08-04,DB Schenker,Bordeaux Logistics Park,Rouen,3507.0,522.7,Livré,train,221.85,4761f7fa3a69433b,6a1e075fcd06e424,49.44726,1.0925,13.0,51.327,FAIBLE
FR-636630,2025-11-25,2025-12-08,FedEx,Paris-CDG Hub,Toulon,5747.8,121.8,Retardé,train,293.94,d21c62bed959dcf6,64adf15729345c6f,43.12664,5.9944,13.0,19.6023,ÉLEVÉ
FR-881798,2024-11-16,,DHL,Marseille Port Depot,Valence,47.8,249.7,En transit,fourgonnette,18.03,64be089ea6398de1,63438eb6db452ea7,44.9174,4.96194,,0.9549,MOYEN
FR-218833,2024-07-20,,DHL,Marseille Port Depot,Bordeaux,44.9,334.4,En transit,fourgonnette,19.14,ac1dabffaec6f025,20d6491310c3aa80,44.83165,-0.56245,,1.2012,MOYEN
FR-593213,2024-07-20,,Chronopost,Lyon Distribution Center,Lyon,21.6,1135.6,En transit,fourgonnette,12.95,2e77fde05867cb62,5aab77e4311b7e1a,45.81073,4.8542,,1.9623,MOYEN
FR-871784,2025-06-05,2025-06-09,GLS,Marseille Port Depot,Rennes,159.7,1058.8,Livré,avion,433.93,b3ede2357f536e0a,7009b63e8707fd8f,48.10574,-1.63712,4.0,160.6358,AUCUN
FR-872793,2026-03-21,,FedEx,Bordeaux Logistics Park,Nice,25.4,202.5,En attente,fourgonnette,10.97,64be089ea6398de1,cfd4ed69e32d33e7,43.69961,7.22501,,0.4115,AUCUN
FR-779093,2025-01-10,2025-01-18,GLS,Bordeaux Logistics Park,Nice,179.5,1058.9,Livré,avion,464.2,0a09e9b5dbb0d8ab,836a906d7813859c,43.74343,7.29232,8.0,180.5689,FAIBLE
FR-368159,2024-04-29,2024-05-03,UPS,Bordeaux Logistics Park,Nantes,499.1,1123.6,Livré,petit_camion,171.65,0b9d5daff036d6da,4e8ae4d9356fab7a,47.21914,-1.5373,4.0,67.2947,AUCUN
FR-202420,2025-06-08,2025-06-14,Unknown,Bordeaux Logistics Park,Avignon,21.3,124.9,Retardé,fourgonnette,6.87,ccd16f4072984dcc,21b9bef0110880f1,43.92497,4.80499,6.0,0.2128,ÉLEVÉ
FR-774104,2026-01-17,2026-01-21,DB Schenker,Paris-CDG Hub,Orléans,55.9,651.7,Livré,petit_camion,99.69,b6a35244625ccc34,1e445d3673cc8b12,47.95297,1.88643,4.0,4.3716,AUCUN
FR-793278,2026-03-20,2026-03-26,Unknown,Lyon Distribution Center,Mulhouse,3963.4,360.3,Livré,gros_camion,454.2,ff07dd0896d16f31,ed455bff5b02e284,47.68501,7.3126,6.0,299.8827,FAIBLE
FR-146659,2024-05-28,2024-06-09,Chronopost,Paris-CDG Hub,Toulouse,2962.8,978.6,Livré,gros_camion,507.45,dc995e4ea96bebf0,ba7f0e460d74272d,43.64795,1.40323,12.0,608.8732,FAIBLE
FR-168625,2024-06-08,2024-06-19,GLS,Marseille Port Depot,Lille,2633.8,120.0,Livré,gros_camion,367.76,577bd3cc79f49864,0966ef7063793692,50.64298,3.08561,11.0,66.3718,FAIBLE
FR-846178,2025-12-19,2025-12-29,DHL,Bordeaux Logistics Park,Toulouse,28.2,825.1,Livré,fourgonnette,22.67,5bb1ecc8ac6edde3,0fe60954c5193c5f,43.60776,1.4215,10.0,1.8614,FAIBLE
FR-665168,2026-02-12,2026-02-20,UPS,Marseille Port Depot,Marseille,133.0,976.1,Livré,petit_camion,123.45,fb9a24e0a82c372f,58a23c7f58f701e8,43.34239,5.35428,8.0,15.5786,FAIBLE
FR-937991,2024-10-08,2024-10-20,Kuehne+Nagel,Bordeaux Logistics Park,Ajaccio,7514.4,365.9,Livré,train,338.57,98c6fa9a1549ec58,8d78aa02c23fc13c,41.88986,8.6256,12.0,76.9865,FAIBLE
FR-323989,2024-12-16,,XPO Logistics,Lyon Distribution Center,Marseille,34.9,307.9,En transit,avion,233.5,6ab1a44406435c4c,e2b4395a2d176173,43.30723,5.46698,,10.2084,MOYEN
FR-558245,2026-01-15,,DHL,Paris-CDG Hub,Le Mans,120.8,812.1,En attente,avion,334.26,2c7e84ab9c91b547,a2e31f75a1b74fdd,48.02833,0.22129,,93.1966,AUCUN
FR-857861,2024-08-27,2024-09-01,UPS,Paris-CDG Hub,Lyon,916.2,13.0,Livré,train,129.27,9f825829469aca3d,74f1e8f7d092718c,45.72947,4.78826,5.0,0.3335,AUCUN
FR-709451,2026-03-25,2026-03-31,DHL,Marseille Port Depot,Calais,19.0,506.9,Livré,fourgonnette,11.23,b6a35244625ccc34,11186740446cc80c,51.02547,1.72439,6.0,0.7705,FAIBLE
FR-195698,2025-12-02,2025-12-10,DB Schenker,Lyon Distribution Center,Avignon,120.1,649.8,Livré,avion,325.72,98c6fa9a1549ec58,2f42a0874c7ef014,43.91676,4.78777,8.0,74.1389,FAIBLE
FR-988465,2025-11-20,,Unknown,Paris-CDG Hub,Marseille,3499.7,878.6,En attente,train,321.14,2debffb0c60c520e,db3d90c0e4143f06,43.39649,5.31708,,86.0954,AUCUN
FR-278810,2025-09-06,2025-09-18,DHL,Lyon Distribution Center,Paris,50.0,1034.2,Livré,avion,230.59,184fcccb030ef7f7,f9bc9455446c4f12,48.79572,2.41144,12.0,49.1245,FAIBLE
FR-815400,2026-02-05,2026-02-15,DHL,Paris-CDG Hub,Nice,217.9,264.0,Livré,avion,333.6,de6c9169a9ba75a9,f972d5b5da7d6d07,43.74476,7.16895,10.0,54.6493,FAIBLE
FR-523030,2026-02-23,2026-03-07,XPO Logistics,Bordeaux Logistics Park,Nice,1774.1,349.5,Livré,train,192.36,4e3a294f61cb834d,749b1d71907773a9,43.74364,7.34909,12.0,17.3613,FAIBLE
FR-415596,2024-07-05,2024-07-17,Chronopost,Paris-CDG Hub,Nantes,1303.7,873.8,Livré,gros_camion,372.33,a411faa4604af305,724f21b1f37babb6,47.19735,-1.62848,12.0,239.2263,FAIBLE
FR-391836,2025-08-26,,UPS,Marseille Port Depot,Mulhouse,5247.0,866.9,En attente,train,316.83,4539984fb9bfe688,6f1ae44b190ac228,47.75325,7.26831,,127.3615,AUCUN
FR-238621,2025-06-09,,Kuehne+Nagel,Paris-CDG Hub,Paris,684.9,1091.3,En attente,train,255.86,577bd3cc79f49864,6ae84ea55ef0f22c,48.89478,2.37224,,20.9281,AUCUN
FR-103487,2024-09-10,,DHL,Lyon Distribution Center,Aix-en-Provence,1793.9,1053.4,En transit,gros_camion,463.67,d23122a5cb6fdbb4,b825b3516eecea1d,43.55527,5.42644,,396.8358,MOYEN
FR-185227,2025-01-28,,Kuehne+Nagel,Marseille Port Depot,Nice,7828.9,702.7,En transit,train,463.87,b8ed8df564cec2ef,af205de135e4fc8f,43.73591,7.24564,,154.0383,MOYEN
FR-327894,2025-12-03,2025-12-09,FedEx,Paris-CDG Hub,Lille,614.6,445.2,Livré,petit_camion,142.87,e05e06b51a7aca3c,5709b394c0e34c0a,50.72358,3.00904,6.0,32.8344,FAIBLE
FR-393797,2024-10-13,2024-10-23,UPS,Paris-CDG Hub,Nice,2359.0,849.0,Livré,gros_camion,402.93,a9bc7e3c6079a06c,a14c207ba0cc55a8,43.73402,7.22227,10.0,420.5861,FAIBLE
FR-889908,2026-02-13,,Chronopost,Bordeaux Logistics Park,Grenoble,447.2,1060.3,En transit,petit_camion,173.33,60d3bd00a0e40db3,10c3678034dca724,45.23793,5.74687,,56.8999,MOYEN
FR-602009,2024-09-20,2024-10-03,GLS,Paris-CDG Hub,Lyon,5712.3,487.6,Livré,train,290.43,b1a521ada32f8bf9,22188a1905d6fab3,45.74146,4.73561,13.0,77.9889,FAIBLE
FR-767329,2025-12-13,2025-12-14,UPS,Paris-CDG Hub,Bordeaux,40.2,1136.8,Retardé,fourgonnette,11.5,ddd94bb935d6fc90,3e51404205ca34b2,44.73496,-0.56577,1.0,3.6559,ÉLEVÉ
FR-360775,2025-12-28,,UPS,Paris-CDG Hub,Lyon,426.2,440.5,En transit,petit_camion,93.69,309f7e2638c05965,f3bb3507c014e973,45.71322,4.86261,,22.5289,MOYEN
FR-505633,2025-11-28,2025-12-02,FedEx,Marseille Port Depot,Paris,3.8,1144.1,Retardé,fourgonnette,12.59,b8ed8df564cec2ef,4b381c9eb5acff9c,48.82787,2.39774,4.0,0.3478,ÉLEVÉ
FR-760773,2025-05-25,2025-06-04,FedEx,Bordeaux Logistics Park,Lille,5775.4,365.9,Livré,train,344.65,2210da77fef00168,85314ce07d89104b,50.63555,3.02555,10.0,59.1701,FAIBLE
FR-946454,2026-04-11,2026-04-19,Unknown,Bordeaux Logistics Park,Bordeaux,21.3,363.8,Livré,fourgonnette,12.73,d0443b3d89fde63f,7f365f73cc5f7a31,44.81582,-0.55017,8.0,0.6199,FAIBLE
FR-417477,2026-02-09,2026-02-20,UPS,Marseille Port Depot,Lyon,6661.6,106.4,Livré,train,278.97,abb3d464b81216db,f98e80ca8781770c,45.76418,4.82597,11.0,19.8462,FAIBLE
FR-669158,2024-11-30,,Kuehne+Nagel,Marseille Port Depot,Metz,22.3,267.8,En attente,avion,272.19,75a44226210eb23d,3ed4f1dab074dec6,49.06713,6.21491,,5.6733,AUCUN
FR-186728,2024-09-29,2024-10-03,Unknown,Paris-CDG Hub,Toulouse,1936.0,65.5,Livré,gros_camion,279.54,2e49ed8efc869923,d974558a7b91cf8b,43.64338,1.39165,4.0,26.6297,AUCUN
FR-614782,2026-03-16,2026-03-17,DHL,Bordeaux Logistics Park,Bordeaux,43.3,701.1,Livré,avion,268.13,232c9d11c882ea2c,53e0e76035a76bc9,44.77283,-0.59742,1.0,28.8397,AUCUN
FR-661182,2025-12-31,,Chronopost,Paris-CDG Hub,Bordeaux,153.2,508.1,En transit,petit_camion,107.24,0a09e9b5dbb0d8ab,76a00cace1a51a89,44.77092,-0.54859,,9.3409,MOYEN
FR-535213,2024-09-09,2024-09-12,DHL,Marseille Port Depot,Nantes,6.2,663.6,Livré,fourgonnette,7.09,3275c62b4a30ee93,5f804161d0fe8f4e,47.22026,-1.59879,3.0,0.3291,AUCUN
FR-325877,2024-08-17,2024-08-23,GLS,Lyon Distribution Center,Nice,2749.9,33.8,Livré,gros_camion,278.73,ff07dd0896d16f31,7480bb03918a0f04,43.7015,7.21011,6.0,19.5188,FAIBLE
FR-267599,2025-11-01,,Unknown,Lyon Distribution Center,Bordeaux,12.7,785.4,En transit,fourgonnette,19.44,4d783fa3092cb304,88cf1b3202bf6de4,44.81606,-0.53842,,0.798,MOYEN
FR-576356,2024-08-02,2024-08-10,UPS,Bordeaux Logistics Park,Rouen,4260.9,670.4,Livré,gros_camion,467.27,e05e06b51a7aca3c,19b00f74c38ceee5,49.47351,1.08019,8.0,599.8665,FAIBLE
FR-431422,2024-08-25,2024-09-01,DB Schenker,Bordeaux Logistics Park,Rennes,1881.1,463.9,Livré,gros_camion,321.37,60d3bd00a0e40db3,d518f92ca4f30c69,48.17605,-1.68172,7.0,183.2549,FAIBLE
FR-989192,2025-01-25,2025-02-03,DB Schenker,Marseille Port Depot,Annecy,235.2,409.5,Livré,avion,386.25,ba12f74cff0e9464,73602d1018dd1b64,45.83878,6.15,9.0,91.4987,FAIBLE
FR-412601,2024-10-07,,Kuehne+Nagel,Marseille Port Depot,Lyon,108.2,1152.1,En transit,petit_camion,131.14,7334ee7ff8765e16,cf3f7ea5e5d61e5b,45.78898,4.87992,,14.9589,MOYEN
FR-257044,2025-01-17,2025-01-27,GLS,Bordeaux Logistics Park,Nice,727.1,338.4,Livré,petit_camion,131.09,737b27ae09a06d30,2b987db943b1d7b7,43.78516,7.22736,10.0,29.5261,FAIBLE
FR-453784,2024-11-10,2024-11-18,FedEx,Lyon Distribution Center,Aix-en-Provence,,780.6,Livré,gros_camion,440.33,ba4df4a50d5ef322,36e7c920ec89b942,43.56641,5.3669,8.0,0.0,FAIBLE
FR-113181,2024-12-21,2024-12-29,DB Schenker,Paris-CDG Hub,Nice,2262.1,536.5,Livré,train,203.92,184fcccb030ef7f7,d94c7db3d66981ee,43.71993,7.31266,8.0,33.9813,FAIBLE
FR-494823,2025-12-24,,FedEx,Paris-CDG Hub,Saint-Étienne,2114.5,342.5,En attente,train,194.89,a7343d238975093d,8c3c8ae44b9ad975,45.52766,4.36459,,20.2781,AUCUN
FR-388389,2025-12-11,2025-12-14,DHL,Bordeaux Logistics Park,Montpellier,3.3,154.0,Livré,fourgonnette,15.58,b3ede2357f536e0a,13bf1294fd39a84f,43.53009,3.99815,3.0,0.0407,AUCUN
FR-176313,2024-05-24,2024-05-27,UPS,Marseille Port Depot,Avignon,140.0,1035.0,Livré,avion,468.41,b6a35244625ccc34,6671f426b41b76ca,43.86617,4.73065,3.0,137.655,AUCUN
FR-233021,2025-05-20,2025-05-25,XPO Logistics,Marseille Port Depot,Lille,251.0,74.0,Livré,petit_camion,100.25,d23122a5cb6fdbb4,91fa852a03b08942,50.58955,3.04179,5.0,2.2289,AUCUN
FR-485760,2024-07-14,2024-07-21,FedEx,Paris-CDG Hub,Lyon,1068.3,434.1,Retardé,gros_camion,307.72,c8796666bc9acaab,3819a3b4f3512e94,45.79442,4.83274,7.0,97.3873,ÉLEVÉ
FR-471983,2026-03-18,,Chronopost,Marseille Port Depot,Montpellier,2860.2,583.5,En attente,train,328.2,232c9d11c882ea2c,d3a865625237eb05,43.55288,3.79045,,46.7299,AUCUN
FR-257642,2025-08-14,,DHL,Marseille Port Depot,Marseille,3581.7,670.5,En attente,train,261.68,ddd94bb935d6fc90,3d205ad5609893f4,43.3283,5.33049,,67.2428,AUCUN
FR-655284,2025-05-18,2025-05-27,GLS,Bordeaux Logistics Park,Perpignan,49.5,1199.8,Livré,fourgonnette,20.49,e05e06b51a7aca3c,ed3855ad3e87e84a,42.68774,2.86859,9.0,4.7512,FAIBLE
FR-276796,2025-09-01,2025-09-12,Kuehne+Nagel,Paris-CDG Hub,Marseille,2217.7,604.1,Livré,gros_camion,398.66,4dc658302b612f5c,4df86b7ccabc5d54,43.40347,5.45759,11.0,281.3396,FAIBLE
FR-148648,2026-01-13,2026-01-14,DHL,Paris-CDG Hub,Nice,197.6,223.4,Livré,avion,338.56,77a37e0c1eabf2ac,fe73f489990400e9,43.66098,7.38997,1.0,41.9366,AUCUN
FR-526365,2026-03-16,2026-03-20,Chronopost,Lyon Distribution Center,Mulhouse,25.2,574.9,Livré,fourgonnette,9.48,6dd72298f13e566b,71a2d3a32b808ab3,47.69484,7.27981,4.0,1.159,AUCUN
FR-612703,2026-02-03,2026-02-05,DB Schenker,Paris-CDG Hub,Le Mans,55.8,1137.2,Retardé,avion,433.88,4539984fb9bfe688,6ea019ad2891a05b,47.96463,0.22918,2.0,60.283,ÉLEVÉ
FR-292974,2026-02-25,2026-02-27,XPO Logistics,Lyon Distribution Center,Rouen,2329.5,544.9,Retourné,gros_camion,418.93,abbd60b0df7fec89,44925fa5ba6f412d,49.49294,1.07321,2.0,266.5624,AUCUN
FR-217926,2024-08-29,2024-09-07,DHL,Paris-CDG Hub,Bordeaux,2858.5,113.0,Livré,gros_camion,341.87,6dcb5f2757af7881,388ac8407d0d591b,44.85121,-0.56849,9.0,67.8322,FAIBLE
FR-994605,2026-01-12,,FedEx,Bordeaux Logistics Park,Paris,6486.4,161.4,En transit,train,291.06,50b6dd7a25a72160,6852b4075632cbc4,48.73551,2.29557,,29.3133,MOYEN
FR-697040,2025-07-19,2025-07-30,Unknown,Paris-CDG Hub,Toulouse,6.8,619.4,Livré,fourgonnette,10.65,97c134953eabb671,be551c3ecae80dca,43.69131,1.32251,11.0,0.337,FAIBLE
FR-629222,2024-10-08,2024-10-17,Kuehne+Nagel,Marseille Port Depot,Lille,208.0,346.6,Livré,petit_camion,87.49,b1a521ada32f8bf9,c8c34cb8113b27ab,50.64634,3.08677,9.0,8.6511,FAIBLE
FR-809380,2025-09-14,,Chronopost,Marseille Port Depot,Nice,161.2,1059.8,En attente,avion,393.25,9f825829469aca3d,481858842a7cc994,43.70918,7.29401,,162.2978,AUCUN
FR-288059,2025-06-15,2025-06-25,XPO Logistics,Paris-CDG Hub,Paris,874.8,533.8,Retardé,gros_camion,266.41,dc995e4ea96bebf0,f013160daac6a77e,48.78637,2.31248,10.0,98.0633,ÉLEVÉ
FR-802440,2025-06-28,2025-07-03,Unknown,Bordeaux Logistics Park,Nice,77.2,1028.8,Retardé,petit_camion,78.09,076d9a82acb00f0c,028a5abdaf04ff3e,43.65445,7.18573,5.0,9.5308,ÉLEVÉ
FR-625982,2026-02-17,2026-02-19,UPS,Marseille Port Depot,Marseille,16.4,896.1,Livré,avion,164.28,2debffb0c60c520e,10f84d3414117914,43.23759,5.39144,2.0,13.9612,AUCUN
FR-948984,2024-08-04,,Chronopost,Lyon Distribution Center,Lille,18.2,785.7,En attente,fourgonnette,18.58,e99e31c1b5468d2d,e7d1c04ac9bb3e15,50.60635,3.06857,,1.144,AUCUN
FR-584948,2025-12-18,2025-12-29,DHL,Lyon Distribution Center,Bayonne,6269.2,870.0,Livré,train,461.75,46b06486d10dd744,99847f338e080a60,43.57087,-1.46208,11.0,152.7177,FAIBLE
FR-792456,2025-05-02,2025-05-03,Chronopost,Paris-CDG Hub,Metz,3702.0,822.3,Livré,gros_camion,539.4,3714a4bb9c0df2e3,e9fee2b6514c70ad,49.094,6.11905,1.0,639.2725,AUCUN
FR-193375,2025-11-27,,Unknown,Bordeaux Logistics Park,Le Mans,1175.8,785.8,En transit,gros_camion,342.27,649f91ae50effe2e,3de3155d101ef9a8,47.9956,0.21719,,194.0282,MOYEN
FR-496713,2026-02-04,,FedEx,Bordeaux Logistics Park,Nantes,4241.6,338.3,En attente,gros_camion,414.74,46b06486d10dd744,56ea09366f4c7b80,47.21164,-1.61581,,301.336,AUCUN
FR-921993,2025-07-23,2025-08-02,Unknown,Paris-CDG Hub,Le Havre,6975.1,199.4,Livré,train,265.04,420ccf90b5c7ed29,0bc44ebd8d912d2c,49.46481,0.09653,10.0,38.9434,FAIBLE
FR-805722,2025-09-06,2025-09-13,DHL,Marseille Port Depot,Nice,45.8,423.4,Livré,avion,323.75,abb3d464b81216db,58beb8b31b7210b4,43.66468,7.36435,7.0,18.4221,FAIBLE
FR-324215,2026-04-19,2026-05-01,FedEx,Lyon Distribution Center,Lyon,81.0,973.0,Retardé,petit_camion,98.56,e99e31c1b5468d2d,f6b89f99a47f6b1b,45.66412,4.76655,12.0,9.4576,ÉLEVÉ
FR-184225,2026-04-04,2026-04-07,DHL,Marseille Port Depot,Paris,1847.3,982.2,Livré,gros_camion,350.32,9f825829469aca3d,34632a0524242033,48.85364,2.31342,3.0,381.0278,AUCUN
FR-715722,2025-06-15,2025-06-19,XPO Logistics,Lyon Distribution Center,Angers,2727.1,267.4,Livré,gros_camion,349.72,ccd16f4072984dcc,0cce1ce9622a3f1e,47.51932,-0.60297,4.0,153.1376,AUCUN
FR-501365,2025-03-28,2025-04-03,Unknown,Lyon Distribution Center,Perpignan,5788.9,649.5,Livré,train,348.02,b4b018a4be786430,651f49bc53bf3fa0,42.70929,2.84409,6.0,105.2769,FAIBLE
FR-411191,2024-06-23,2024-07-03,UPS,Paris-CDG Hub,Metz,,28.3,Retardé,gros_camion,342.1,4dc658302b612f5c,63b03e8f08e1c191,49.14034,6.16778,10.0,0.0,ÉLEVÉ
FR-982980,2026-03-15,2026-03-22,Chronopost,Lyon Distribution Center,Pau,48.8,267.4,Livré,fourgonnette,10.03,588860b1c06a5a7a,57309a523c0ed0ff,43.28107,-0.4016,7.0,1.0439,FAIBLE
FR-268535,2025-10-07,2025-10-14,Unknown,Paris-CDG Hub,Strasbourg,46.3,38.3,Retardé,fourgonnette,7.98,a411faa4604af305,1a327ab139fd3177,48.54965,7.71949,7.0,0.1419,ÉLEVÉ
FR-451696,2024-06-26,2024-07-03,DHL,Marseille Port Depot,Nice,34.6,828.9,Retardé,fourgonnette,19.49,4dc658302b612f5c,f53564b621211144,43.71399,7.17355,7.0,2.2944,ÉLEVÉ
FR-346150,2025-01-11,,FedEx,Bordeaux Logistics Park,Reims,801.8,906.4,En attente,train,230.44,d23122a5cb6fdbb4,c363f2b582df031f,49.30388,3.2473,,20.349,AUCUN
FR-438295,2025-06-09,2025-06-20,Unknown,Lyon Distribution Center,Dijon,10.9,1139.2,Livré,fourgonnette,9.66,577bd3cc79f49864,49d6b15b5b0153c1,47.29902,4.98834,11.0,0.9934,FAIBLE
FR-224790,2025-05-29,2025-06-09,Unknown,Bordeaux Logistics Park,Toulouse,5274.1,830.3,Livré,train,385.26,abbd60b0df7fec89,5fbfbd823288c767,43.56878,1.48337,11.0,122.6144,FAIBLE
FR-922197,2026-03-14,2026-03-15,GLS,Paris-CDG Hub,Toulouse,53.4,606.5,Livré,petit_camion,92.52,46b06486d10dd744,94f1cb1fe306c07d,43.60085,1.30198,1.0,3.8865,AUCUN
FR-803786,2024-11-14,2024-11-26,UPS,Lyon Distribution Center,Nice,2639.7,933.4,Livré,gros_camion,480.37,b1a521ada32f8bf9,644a713516ed461a,43.70424,7.28305,12.0,517.4182,FAIBLE
FR-273277,2024-08-30,2024-09-07,Unknown,Marseille Port Depot,Rennes,1380.0,167.4,Livré,gros_camion,234.74,2c7e84ab9c91b547,aa21e1d192fa8b0e,48.12827,-1.67604,8.0,48.5125,FAIBLE
FR-559993,2026-04-15,2026-04-22,GLS,Paris-CDG Hub,Clermont-Ferrand,836.8,188.9,Livré,train,174.11,d21c62bed959dcf6,c7b9f9d06750e02a,45.74125,3.07388,7.0,4.426,FAIBLE
FR-543716,2025-02-26,2025-03-09,Unknown,Paris-CDG Hub,Dunkerque,30.6,633.4,Livré,fourgonnette,21.03,6e21cb30cd3271a9,b34b29ab7241ef36,51.05496,2.35566,11.0,1.5506,FAIBLE
FR-115852,2024-07-01,,Kuehne+Nagel,Lyon Distribution Center,Paris,545.7,666.0,En transit,petit_camion,117.25,c3c93bf263ad82fc,569fd6d3e31412cc,48.79121,2.42301,,43.6123,MOYEN
FR-142290,2025-10-22,2025-10-29,Kuehne+Nagel,Bordeaux Logistics Park,Lyon,,47.6,Livré,train,334.11,ae8ce543547ae3d4,6949452b09b54dae,45.77149,4.90897,7.0,0.0,FAIBLE
FR-614136,2026-03-06,,Chronopost,Bordeaux Logistics Park,Rennes,153.6,757.7,En transit,avion,416.79,2e77fde05867cb62,f6f4b6e143fac8ca,48.09689,-1.713,,110.5636,MOYEN
FR-979828,2025-04-04,2025-04-17,Kuehne+Nagel,Marseille Port Depot,Nice,123.5,412.8,Livré,avion,292.39,97c134953eabb671,338b63437c6519c8,43.80867,7.22527,13.0,48.4318,FAIBLE
FR-312465,2025-07-05,2025-07-15,XPO Logistics,Lyon Distribution Center,Colmar,2885.8,657.7,Livré,gros_camion,479.82,89b72f42de629ac1,e0931ea228f47f06,48.08443,7.41244,10.0,398.578,FAIBLE
FR-112420,2025-04-27,2025-05-03,UPS,Paris-CDG Hub,Paris,248.3,981.5,Retardé,avion,561.66,50b6dd7a25a72160,939a62c2a8b278b3,48.85967,2.32077,6.0,231.5211,ÉLEVÉ
FR-649634,2024-10-05,,GLS,Lyon Distribution Center,Lille,21.0,678.5,En attente,avion,153.53,57305694cae2b1d0,317cc8ca314f2cd0,50.59725,3.00329,,13.5361,AUCUN
FR-840079,2025-08-27,2025-09-05,FedEx,Lyon Distribution Center,Rouen,22.5,421.7,Livré,fourgonnette,12.88,ba4df4a50d5ef322,d8fab313b85881cf,49.41743,1.10123,9.0,0.7591,FAIBLE
FR-224221,2025-05-22,2025-05-23,Chronopost,Bordeaux Logistics Park,Metz,97.2,460.2,Livré,petit_camion,100.16,6ab1a44406435c4c,0dfe171e843a5ec9,49.0729,6.23102,1.0,5.3678,AUCUN
FR-567432,2024-10-24,2024-11-06,DHL,Marseille Port Depot,Clermont-Ferrand,131.4,1179.1,Livré,avion,298.58,1e3f6890d2ddffa6,84f9a160fe69c57b,45.80712,3.07522,13.0,147.1871,FAIBLE
FR-544550,2026-02-09,2026-02-15,DHL,Paris-CDG Hub,Nice,28.6,788.5,Livré,fourgonnette,13.26,4f34261f7c38ba0c,de4571ac70ab5939,43.62798,7.36333,6.0,1.8041,FAIBLE
FR-384933,2026-04-24,2026-05-02,UPS,Bordeaux Logistics Park,Bordeaux,2260.6,819.0,Livré,gros_camion,375.95,d1d9c071e6672d29,4d15e3395e1f3373,44.7867,-0.51488,8.0,388.8006,FAIBLE
FR-270110,2025-05-23,2025-06-05,DB Schenker,Paris-CDG Hub,Strasbourg,32.2,1188.6,Livré,fourgonnette,24.56,2210da77fef00168,36ac01ab00cd0288,48.608,7.75954,13.0,3.0618,FAIBLE
FR-239018,2025-12-28,2025-12-30,Kuehne+Nagel,Paris-CDG Hub,Nantes,15.5,1034.0,Retardé,fourgonnette,9.02,45466476afe9982a,33de16b871875b65,47.17819,-1.47672,2.0,1.2822,ÉLEVÉ
FR-908033,2025-01-19,2025-01-23,Chronopost,Bordeaux Logistics Park,Amiens,222.4,422.2,Livré,avion,349.81,94f32f590e70c04a,1ec9a8857d44287f,49.85311,2.31251,4.0,89.2024,AUCUN
FR-745979,2026-04-15,,Kuehne+Nagel,Marseille Port Depot,Strasbourg,69.0,496.7,En transit,avion,307.45,737b27ae09a06d30,9259221abd2756fd,48.6373,7.77834,,32.5587,MOYEN
FR-727108,2024-05-03,,FedEx,Bordeaux Logistics Park,Bordeaux,4068.5,1005.0,En transit,train,374.39,232c9d11c882ea2c,b507d3649516c985,44.83394,-0.66767,,114.4876,MOYEN
FR-458255,2024-07-18,2024-07-28,DHL,Paris-CDG Hub,Lyon,954.2,230.8,Livré,gros_camion,295.22,ae8ce543547ae3d4,597f52c989f997f4,45.7921,4.7446,10.0,46.2482,FAIBLE
FR-298729,2025-09-19,2025-09-24,DHL,Paris-CDG Hub,Bordeaux,4037.4,330.0,Livré,train,217.1,77a37e0c1eabf2ac,88489d6e0763569c,44.89501,-0.65811,5.0,37.3056,AUCUN
FR-424857,2024-12-08,,UPS,Lyon Distribution Center,Nice,1253.7,646.5,En transit,gros_camion,338.35,f057aa1333d44acb,f6ecba61aa7d1201,43.69184,7.26358,,170.2086,MOYEN
FR-705302,2025-05-05,2025-05-07,DB Schenker,Bordeaux Logistics Park,Rennes,231.4,304.8,Livré,avion,423.07,6dcb5f2757af7881,f1e235e980b9633a,48.1053,-1.80797,2.0,67.0042,AUCUN
FR-653402,2025-03-18,2025-03-28,Unknown,Lyon Distribution Center,Paris,713.1,30.7,Livré,petit_camion,111.97,b5eaeda6f050b47c,399dc417da849056,48.85244,2.40703,10.0,2.6271,FAIBLE
FR-585357,2026-04-25,2026-04-27,DB Schenker,Lyon Distribution Center,Mulhouse,4869.7,754.5,Retardé,gros_camion,527.84,64be089ea6398de1,0218177582e31c08,47.75381,7.38552,2.0,771.5796,ÉLEVÉ
FR-847812,2025-06-29,,Kuehne+Nagel,Marseille Port Depot,Strasbourg,3.6,1195.3,En attente,fourgonnette,14.46,4761f7fa3a69433b,ab28f79c62a8209b,48.51819,7.7042,,0.3442,AUCUN
FR-168947,2026-02-21,2026-02-27,Unknown,Bordeaux Logistics Park,Toulon,388.1,807.0,Livré,petit_camion,109.68,bebe00cf88981ebb,453943a92fa716d5,43.17286,5.9361,6.0,37.5836,FAIBLE
FR-545295,2024-06-17,,DHL,Paris-CDG Hub,Saint-Étienne,79.6,266.4,En transit,avion,268.36,6e21cb30cd3271a9,24c09572149421aa,45.43997,4.43635,,20.1452,MOYEN
FR-554500,2025-12-07,,DB Schenker,Paris-CDG Hub,Nantes,31.7,831.4,En transit,avion,323.93,abb3d464b81216db,b813aa3aca0c968a,47.15289,-1.57076,,25.0376,MOYEN
FR-364952,2025-10-18,2025-10-26,Kuehne+Nagel,Lyon Distribution Center,Nantes,3682.2,50.7,Retourné,gros_camion,388.78,588860b1c06a5a7a,4951bbeb23170c00,47.26522,-1.56323,8.0,39.2044,AUCUN
FR-739135,2024-07-11,2024-07-20,GLS,Bordeaux Logistics Park,Lyon,721.8,233.9,Livré,petit_camion,120.24,abbd60b0df7fec89,2071d4181b425646,45.75401,4.80738,9.0,20.2595,FAIBLE
FR-686967,2024-12-28,,FedEx,Bordeaux Logistics Park,Toulouse,2492.6,1123.6,En transit,train,305.56,a411faa4604af305,1634e18e6f72054b,43.61526,1.47385,,78.4192,MOYEN
FR-159668,2025-12-12,2025-12-15,XPO Logistics,Paris-CDG Hub,Quimper,7987.0,68.5,Retardé,train,314.26,c8796666bc9acaab,17ebc16a145ade63,47.95568,-4.01024,3.0,15.3191,ÉLEVÉ
FR-286478,2025-12-12,,GLS,Paris-CDG Hub,Strasbourg,5.6,468.0,En transit,fourgonnette,16.09,97c134953eabb671,ac366f2b792572f1,48.57338,7.75381,,0.2097,MOYEN
FR-120543,2026-01-24,2026-02-03,Chronopost,Lyon Distribution Center,Bordeaux,605.8,318.3,Retourné,petit_camion,114.7,ae8ce543547ae3d4,64ffecda7ae6c5a4,44.87351,-0.52193,10.0,23.1391,AUCUN
FR-140832,2026-01-29,2026-01-30,GLS,Paris-CDG Hub,Reims,28.5,62.8,Livré,fourgonnette,14.84,309f7e2638c05965,4f24cfa4334a81de,49.25277,3.3194,1.0,0.1432,AUCUN
FR-619071,2024-07-02,,Unknown,Paris-CDG Hub,Toulouse,503.0,1188.8,En transit,petit_camion,139.0,232c9d11c882ea2c,f0da857dcaeab569,43.6424,1.45677,,71.756,MOYEN
FR-551127,2025-06-13,2025-06-15,DB Schenker,Marseille Port Depot,Nice,278.2,788.7,Livré,petit_camion,110.42,4539984fb9bfe688,1a8fee36df7cb9e0,43.7419,7.27638,2.0,26.33,AUCUN
FR-602704,2024-10-04,2024-10-06,XPO Logistics,Paris-CDG Hub,Marseille,48.0,830.2,Livré,avion,196.25,abb3d464b81216db,2b687fe345a9bb1b,43.31335,5.39241,2.0,37.8571,AUCUN
FR-499840,2025-07-25,2025-07-30,Chronopost,Marseille Port Depot,Toulouse,1852.2,1082.9,Livré,train,237.3,4e3a294f61cb834d,b00af29c5900b3ff,43.61829,1.37252,5.0,56.1609,AUCUN
FR-953826,2025-04-28,,XPO Logistics,Paris-CDG Hub,Lyon,2480.6,715.5,En transit,gros_camion,405.09,6dcb5f2757af7881,8f08f060eea160d9,45.77668,4.76996,,372.7226,MOYEN
FR-324540,2025-07-20,2025-07-24,DB Schenker,Marseille Port Depot,Nantes,2836.7,568.0,Livré,gros_camion,371.88,93141cbfc2990e76,8eb830561c851173,47.19356,-1.54991,4.0,338.3616,AUCUN
FR-724109,2025-09-18,2025-09-22,DHL,Paris-CDG Hub,Toulouse,306.8,327.3,Livré,petit_camion,120.86,309f7e2638c05965,b5eafe01289efeec,43.52159,1.40048,4.0,12.0499,AUCUN
FR-901537,2025-08-21,,DB Schenker,Bordeaux Logistics Park,Lyon,582.6,916.4,En attente,petit_camion,180.58,50b6dd7a25a72160,ecef8078fe0980e6,45.62543,4.81592,,64.0674,AUCUN
FR-951638,2024-06-18,,UPS,Paris-CDG Hub,Lyon,8.4,66.3,En transit,fourgonnette,7.62,2e49ed8efc869923,75767b0fd99f3816,45.79114,4.86286,,0.0446,MOYEN
FR-865625,2024-11-20,2024-11-27,DHL,Bordeaux Logistics Park,Marseille,6310.4,621.5,Livré,train,297.89,de6c9169a9ba75a9,1a96595d27e307e7,43.2482,5.32919,7.0,109.8136,FAIBLE
FR-290040,2024-10-01,,DHL,Marseille Port Depot,Nice,628.2,495.0,En attente,train,168.88,5544f6afe2c2fa55,ca7b9bb79c1e1de6,43.76734,7.26767,,8.7069,AUCUN
FR-737492,2024-09-15,2024-09-25,DHL,Lyon Distribution Center,Mulhouse,794.5,1151.4,Livré,petit_camion,155.72,232c9d11c882ea2c,1cb1ecc4457a8fca,47.6377,7.40249,10.0,109.7745,FAIBLE
FR-639700,2024-12-14,,DHL,Bordeaux Logistics Park,Toulon,223.2,505.0,En attente,avion,440.42,45466476afe9982a,254af18ae54f3a5b,43.12515,5.90194,,107.0802,AUCUN
FR-245120,2025-12-22,,DHL,Paris-CDG Hub,Toulon,6.9,603.8,En attente,fourgonnette,15.47,dabcb1d63f05e568,747bd43e566b98d9,43.16508,5.96101,,0.3333,AUCUN
FR-521780,2025-07-18,,Unknown,Paris-CDG Hub,Rennes,7207.1,1017.6,En attente,train,404.82,bebe00cf88981ebb,2123c68ae745f447,48.09195,-1.63146,,205.3505,AUCUN
FR-926152,2025-07-23,2025-07-27,GLS,Paris-CDG Hub,Nantes,1084.2,1192.1,Livré,gros_camion,420.15,649f91ae50effe2e,b20e876b627d243b,47.25637,-1.59298,4.0,271.4197,AUCUN
FR-189606,2026-01-11,2026-01-15,Kuehne+Nagel,Paris-CDG Hub,Bastia,5332.2,210.7,Livré,train,336.32,2e49ed8efc869923,0182216375d93087,42.70898,9.54507,4.0,31.4578,AUCUN
FR-849378,2025-08-12,2025-08-24,XPO Logistics,Bordeaux Logistics Park,Bordeaux,14.0,14.0,Livré,fourgonnette,12.99,4d783fa3092cb304,2fc7db40a0144831,44.797,-0.47313,12.0,0.0157,FAIBLE
FR-797996,2026-01-04,,FedEx,Marseille Port Depot,Rennes,2954.3,644.4,En transit,gros_camion,417.79,5544f6afe2c2fa55,0e9d3816a122f22c,48.16256,-1.72498,,399.7877,MOYEN
FR-614738,2026-01-02,2026-01-10,GLS,Lyon Distribution Center,Paris,348.1,513.9,Livré,petit_camion,131.37,bebe00cf88981ebb,8b5fc35990b27bd1,48.89985,2.36128,8.0,21.4666,FAIBLE
FR-252395,2026-02-17,2026-02-22,DHL,Paris-CDG Hub,Brest,37.0,668.1,Livré,avion,220.24,3275c62b4a30ee93,b4150168904ab4d3,48.33825,-4.46765,5.0,23.4837,AUCUN
FR-758166,2024-10-04,2024-10-14,Chronopost,Marseille Port Depot,Lille,87.4,671.5,Retardé,petit_camion,57.34,64be089ea6398de1,4bc1402494640c80,50.5793,3.04386,10.0,7.0427,ÉLEVÉ
FR-718725,2026-04-19,2026-05-02,FedEx,Lyon Distribution Center,Rennes,30.8,92.0,Livré,fourgonnette,15.88,1e3f6890d2ddffa6,a5b7eed61844c37c,48.10273,-1.6283,13.0,0.2267,FAIBLE
FR-412570,2026-03-18,2026-03-22,GLS,Marseille Port Depot,Rennes,294.3,1151.6,Retourné,petit_camion,159.57,d21c62bed959dcf6,9778629f112de9cd,48.25524,-1.69138,4.0,40.6699,AUCUN
FR-308294,2025-07-27,2025-08-06,DHL,Lyon Distribution Center,Marseille,332.8,1091.9,Livré,petit_camion,150.18,c8796666bc9acaab,4d936c6c028f71c9,43.26358,5.3785,10.0,43.6061,FAIBLE
FR-884609,2025-02-28,2025-03-11,Chronopost,Bordeaux Logistics Park,Strasbourg,340.6,122.4,Livré,petit_camion,75.17,77a37e0c1eabf2ac,69de890fe52d8694,48.57736,7.79332,11.0,5.0027,FAIBLE
FR-625334,2025-11-21,2025-11-29,Unknown,Bordeaux Logistics Park,Bordeaux,76.0,831.8,Livré,petit_camion,91.81,3275c62b4a30ee93,a568e2f88925df97,44.86677,-0.53513,8.0,7.586,FAIBLE
FR-157965,2024-09-18,2024-09-20,GLS,Paris-CDG Hub,Colmar,6415.8,553.1,Livré,train,317.68,80c6e1b004c4d98c,54327e1802adc909,48.11942,7.43712,2.0,99.3602,AUCUN
FR-207904,2026-02-24,,DHL,Bordeaux Logistics Park,Marseille,191.9,1127.2,En transit,avion,436.62,e05e06b51a7aca3c,84855a8fb1f7db06,43.26446,5.32093,,205.4942,MOYEN
FR-486221,2025-07-11,,UPS,Lyon Distribution Center,Marseille,37.0,883.9,En transit,fourgonnette,10.92,4dc658302b612f5c,bc426fb7bb71f3d2,43.2382,5.48996,,2.6163,MOYEN
FR-929773,2025-05-11,2025-05-20,FedEx,Paris-CDG Hub,Toulouse,695.2,1180.6,Livré,petit_camion,180.16,309f7e2638c05965,971294d503ff7516,43.66102,1.5243,9.0,98.4904,FAIBLE
FR-258337,2025-10-09,2025-10-18,DHL,Paris-CDG Hub,Le Mans,2741.8,966.7,Livré,gros_camion,401.86,309f7e2638c05965,f76f7fd14903fa6c,48.03368,0.29444,9.0,556.6046,FAIBLE
FR-537239,2024-06-22,,FedEx,Paris-CDG Hub,Lille,23.0,559.9,En transit,fourgonnette,13.35,d23122a5cb6fdbb4,fbd8b586bfdb6b18,50.71931,3.04711,,1.0302,MOYEN
FR-319026,2025-04-09,2025-04-21,DHL,Bordeaux Logistics Park,Lyon,34.1,494.6,Livré,fourgonnette,8.69,2bfcfe607c0a5f31,e1c97d14f5fbe966,45.70913,4.866,12.0,1.3493,FAIBLE
FR-484560,2025-11-06,2025-11-08,FedEx,Paris-CDG Hub,Lille,69.5,292.1,Retardé,petit_camion,86.41,2e49ed8efc869923,871b1db11f19118f,50.59682,3.0408,2.0,2.4361,ÉLEVÉ
FR-222641,2025-06-09,2025-06-11,DB Schenker,Marseille Port Depot,Paris,19.9,489.4,Retourné,fourgonnette,15.56,4e3a294f61cb834d,efdcced2a718b9b8,48.89641,2.36052,2.0,0.7791,AUCUN
FR-974479,2025-12-12,2025-12-18,FedEx,Marseille Port Depot,Saint-Étienne,8.4,354.4,Livré,fourgonnette,13.62,a411faa4604af305,f087adaadaaf549e,45.3744,4.43516,6.0,0.2382,FAIBLE
FR-316879,2025-10-14,2025-10-21,Unknown,Bordeaux Logistics Park,Strasbourg,6.4,496.8,Retardé,fourgonnette,7.0,6a5796584ab1ac8a,518bb82af0ff87a9,48.57862,7.7254,7.0,0.2544,ÉLEVÉ
FR-281171,2025-12-02,2025-12-06,Unknown,Bordeaux Logistics Park,Caen,163.7,214.2,Livré,avion,374.09,ddd94bb935d6fc90,dde6f8a0d09ce770,49.27213,-0.37897,4.0,33.3113,AUCUN
FR-926599,2025-02-02,2025-02-10,XPO Logistics,Bordeaux Logistics Park,Rennes,65.0,903.7,Retardé,avion,275.78,be6b5843204f29e6,620d072c589f88e6,48.12783,-1.68886,8.0,55.8035,ÉLEVÉ
FR-241902,2024-11-28,2024-12-02,Chronopost,Bordeaux Logistics Park,Grenoble,45.5,1005.9,Livré,fourgonnette,20.93,b1a521ada32f8bf9,ca0a7daa257056b4,45.21083,5.63507,4.0,3.6615,AUCUN
FR-742757,2025-09-27,,GLS,Lyon Distribution Center,Nice,1125.9,928.0,En transit,train,186.37,964fb47ecc48fb44,9ab95f4dfa1739dc,43.74334,7.26666,,29.2554,MOYEN
FR-909423,2024-12-22,2024-12-31,GLS,Bordeaux Logistics Park,Toulouse,1875.6,1056.2,Livré,gros_camion,427.67,dc995e4ea96bebf0,a3e84698074b464b,43.62436,1.48133,9.0,416.0118,FAIBLE
FR-815923,2025-02-05,2025-02-11,FedEx,Paris-CDG Hub,Paris,7703.3,217.5,Livré,train,316.21,4dc658302b612f5c,786fd7f9ba21a0af,48.87102,2.37761,6.0,46.9131,FAIBLE
FR-678613,2025-12-26,2026-01-04,DHL,Bordeaux Logistics Park,Toulon,203.6,977.3,Livré,avion,461.78,6dcb5f2757af7881,e73a628b96169f0c,43.16453,5.87371,9.0,189.0294,FAIBLE
FR-860528,2025-05-12,,Kuehne+Nagel,Lyon Distribution Center,Toulouse,81.4,445.1,En attente,avion,190.3,2210da77fef00168,0f1d1d941d670085,43.63024,1.3933,,34.4196,AUCUN
FR-689323,2024-09-09,2024-09-19,UPS,Bordeaux Logistics Park,Rennes,749.6,608.4,Livré,train,190.94,ae8ce543547ae3d4,201b6a23dd21ccb1,48.15559,-1.77469,10.0,12.7696,FAIBLE
FR-628622,2026-01-31,2026-02-02,DB Schenker,Bordeaux Logistics Park,Bordeaux,16.6,287.0,Retardé,fourgonnette,9.7,60d3bd00a0e40db3,a8e862ade36da1ee,44.81998,-0.60065,2.0,0.3811,ÉLEVÉ
FR-759459,2026-01-17,2026-01-21,Unknown,Marseille Port Depot,Bordeaux,111.6,136.0,Livré,avion,277.5,c0fdb3ce997f47fa,93bb153b7551e886,44.82472,-0.58125,4.0,14.4187,AUCUN
FR-233727,2025-06-09,2025-06-18,Chronopost,Lyon Distribution Center,Perpignan,7.2,315.0,Livré,fourgonnette,17.47,9f825829469aca3d,dcd34f9381d36860,42.63519,2.90816,9.0,0.1814,FAIBLE
FR-552645,2025-07-24,2025-07-30,Chronopost,Lyon Distribution Center,Dunkerque,3010.0,390.3,Livré,train,209.53,4937b40c2b9fb3af,1b7f862a1df8e9e7,50.99934,2.3798,6.0,32.8945,FAIBLE
FR-451150,2025-05-17,2025-05-30,Kuehne+Nagel,Lyon Distribution Center,Le Havre,415.7,463.6,Livré,petit_camion,123.93,60d3bd00a0e40db3,defe814f79e61bea,49.48298,0.13105,13.0,23.1262,FAIBLE
FR-198453,2025-09-26,2025-10-02,DB Schenker,Lyon Distribution Center,Toulouse,161.3,635.3,Livré,avion,324.79,6dd72298f13e566b,c67e431d57670dba,43.56496,1.44612,6.0,97.3502,FAIBLE
FR-740477,2025-06-26,2025-06-29,DHL,Paris-CDG Hub,Perpignan,48.3,1152.4,Livré,fourgonnette,15.24,f057aa1333d44acb,bf5f4ea3775a5055,42.73162,2.8737,3.0,4.4529,AUCUN
FR-312056,2026-03-25,,GLS,Paris-CDG Hub,Nice,208.3,750.3,En attente,avion,317.1,076d9a82acb00f0c,08cbba6f7ba81620,43.77264,7.32737,,148.4731,AUCUN
FR-602895,2025-05-20,2025-05-27,GLS,Bordeaux Logistics Park,Caen,666.8,1167.0,Livré,petit_camion,167.49,de6c9169a9ba75a9,d3190fa209194014,49.22652,-0.42437,7.0,93.3787,FAIBLE
FR-102998,2025-07-12,2025-07-14,DHL,Bordeaux Logistics Park,Metz,1.7,217.7,Livré,fourgonnette,16.59,abb3d464b81216db,041245caffdb03f9,49.11256,6.1724,2.0,0.0296,AUCUN
FR-161282,2025-04-15,2025-04-27,XPO Logistics,Paris-CDG Hub,Lille,4.7,748.6,Livré,fourgonnette,19.32,dcc4a7b2cb980dd1,e309d563e938a176,50.58467,3.041,12.0,0.2815,FAIBLE
FR-110272,2024-07-04,2024-07-09,DB Schenker,Marseille Port Depot,Rennes,2610.0,718.4,Livré,train,300.67,ddd94bb935d6fc90,0f3b25c629e64e69,48.17591,-1.68246,5.0,52.5007,AUCUN
FR-506478,2025-02-06,,DHL,Lyon Distribution Center,Bordeaux,995.1,198.7,En transit,gros_camion,252.41,97c134953eabb671,ad885bafdf250b78,44.72354,-0.60796,,41.5225,MOYEN
FR-888944,2024-07-22,2024-08-03,Unknown,Paris-CDG Hub,Paris,19.2,613.0,Livré,fourgonnette,14.69,5544f6afe2c2fa55,8db7d14facc07240,48.72481,2.30773,12.0,0.9416,FAIBLE
FR-653943,2025-10-04,2025-10-05,Kuehne+Nagel,Paris-CDG Hub,Vannes,4098.2,839.6,Livré,gros_camion,496.07,6a5796584ab1ac8a,fbb4658d07269f0c,47.66597,-2.7394,1.0,722.5782,AUCUN
FR-882234,2024-06-16,2024-06-23,UPS,Bordeaux Logistics Park,Nice,5012.5,734.2,Livré,train,326.83,3275c62b4a30ee93,17df8abdb31d22f6,43.71918,7.33198,7.0,103.045,FAIBLE
FR-506599,2024-09-02,,UPS,Marseille Port Depot,Clermont-Ferrand,7901.5,306.9,En attente,train,318.49,213616dfc61bfad5,e882212f81bbd132,45.71987,3.14311,,67.8992,AUCUN
FR-589774,2025-11-23,,UPS,Lyon Distribution Center,Chartres,7256.4,932.1,En transit,train,438.49,45466476afe9982a,566e8e913ff6487b,48.50652,1.43292,,189.3833,MOYEN
FR-751387,2024-06-22,2024-06-30,Chronopost,Marseille Port Depot,Marseille,4286.7,1142.6,Livré,train,401.61,cca89aaad52adbdd,25f01842a2dcf539,43.31575,5.36311,8.0,137.1435,FAIBLE
FR-447161,2025-01-03,2025-01-05,XPO Logistics,Marseille Port Depot,Rennes,5858.7,670.6,Retardé,train,304.52,be6b5843204f29e6,3946c2ddff97f2b6,48.17335,-1.64542,2.0,110.0076,ÉLEVÉ
FR-742453,2025-07-06,,Chronopost,Marseille Port Depot,Nantes,226.9,71.5,En transit,petit_camion,101.49,588860b1c06a5a7a,eda73c77b95aa47e,47.19469,-1.4681,,1.9468,MOYEN
FR-684947,2024-05-13,2024-05-19,DHL,Lyon Distribution Center,Paris,85.0,464.0,Livré,avion,321.8,6e21cb30cd3271a9,c4fde73f87d6ae8b,48.79129,2.35867,6.0,37.468,FAIBLE
FR-741127,2024-08-15,2024-08-22,FedEx,Marseille Port Depot,Marseille,201.1,1175.3,Retardé,avion,539.74,d1d9c071e6672d29,3bcbabed7577dea2,43.3111,5.36007,7.0,224.5352,ÉLEVÉ
FR-933568,2025-11-02,2025-11-04,FedEx,Paris-CDG Hub,Clermont-Ferrand,97.1,414.2,Livré,avion,305.92,fb9a24e0a82c372f,fef78e28bc98db9d,45.86779,3.0273,2.0,38.2079,AUCUN
FR-323293,2025-04-30,2025-05-05,Unknown,Lyon Distribution Center,Paris,231.8,717.5,Livré,petit_camion,126.8,e05e06b51a7aca3c,649109f5715cf4cc,48.91962,2.32411,5.0,19.958,AUCUN
FR-453277,2024-08-14,,DHL,Bordeaux Logistics Park,Nice,7457.1,779.8,En attente,train,481.14,f057aa1333d44acb,769551b97e99b6b5,43.62659,7.21963,,162.8213,AUCUN
FR-433638,2025-05-01,2025-05-14,UPS,Paris-CDG Hub,Lyon,222.7,526.4,Livré,avion,354.04,286f327fca2fc8f0,928449bbc780084d,45.79618,4.81415,13.0,111.3678,FAIBLE
FR-498506,2024-09-03,,DHL,Marseille Port Depot,Marseille,491.1,910.0,En transit,petit_camion,135.15,2e77fde05867cb62,05ea4d3428435be7,43.32893,5.37191,,53.6281,MOYEN
FR-162104,2026-03-11,2026-03-19,UPS,Lyon Distribution Center,Toulouse,2339.1,431.0,Livré,train,256.03,867749e4b7692143,36000741894558eb,43.58869,1.3839,8.0,28.2283,FAIBLE
FR-138131,2026-02-16,2026-02-26,XPO Logistics,Lyon Distribution Center,Paris,3903.8,1056.4,Livré,train,409.05,4761f7fa3a69433b,538658c2dac6b950,48.8339,2.32105,10.0,115.4713,FAIBLE
FR-573354,2025-12-26,2025-12-27,FedEx,Lyon Distribution Center,Angers,611.2,1140.1,Livré,petit_camion,167.0,d21c62bed959dcf6,f9081aff5b242266,47.51109,-0.63956,1.0,83.6195,AUCUN
FR-256587,2024-06-22,2024-06-24,UPS,Bordeaux Logistics Park,Nice,3721.5,847.9,Retardé,gros_camion,522.77,9f825829469aca3d,41131cac9cdba0f2,43.69172,7.30191,2.0,662.6466,ÉLEVÉ
FR-473134,2026-03-27,2026-04-08,Kuehne+Nagel,Marseille Port Depot,Bordeaux,5889.0,195.8,Retourné,train,340.16,232c9d11c882ea2c,e4dcf0d0b09ae236,44.86404,-0.62312,12.0,32.2859,AUCUN
FR-502826,2026-04-08,2026-04-20,FedEx,Bordeaux Logistics Park,Lyon,,980.6,Livré,gros_camion,392.58,577bd3cc79f49864,006d32027e6726cb,45.7166,4.88918,12.0,0.0,FAIBLE
FR-554681,2024-06-13,,DHL,Lyon Distribution Center,Lille,154.7,1142.8,En attente,avion,376.23,2c7e84ab9c91b547,e138e21fc75189ee,50.57977,3.08395,,167.9516,AUCUN
FR-698671,2024-12-05,2024-12-10,GLS,Lyon Distribution Center,Toulouse,4586.1,1110.1,Retardé,train,387.14,de6c9169a9ba75a9,2d65d8a0f91875b4,43.7151,1.40776,5.0,142.5488,ÉLEVÉ
FR-982373,2026-02-03,2026-02-13,Chronopost,Marseille Port Depot,Paris,209.1,658.8,Retardé,avion,410.29,d0443b3d89fde63f,7638bb670aff34ba,48.81178,2.32792,10.0,130.8673,ÉLEVÉ
FR-633210,2025-07-11,,FedEx,Paris-CDG Hub,Lyon,51.9,618.3,En attente,petit_camion,62.64,75a44226210eb23d,dc55cad7d3746bc5,45.71194,4.77598,,3.8508,AUCUN
FR-593869,2024-10-13,2024-10-22,DHL,Lyon Distribution Center,Orléans,443.2,330.4,Livré,petit_camion,125.57,6b16b395ec3a9551,2a65b83efe619695,47.77986,1.84433,9.0,17.572,FAIBLE
FR-757374,2024-08-11,2024-08-16,UPS,Paris-CDG Hub,Paris,49.4,849.0,Retardé,fourgonnette,14.79,45466476afe9982a,f9dbcae7128d9075,48.78755,2.33163,5.0,3.3552,ÉLEVÉ
FR-413894,2025-04-09,2025-04-17,FedEx,Bordeaux Logistics Park,Nice,483.6,316.1,Livré,petit_camion,103.75,d23122a5cb6fdbb4,07f5f41fb2c04b2c,43.67431,7.30313,8.0,18.3439,FAIBLE
FR-956306,2025-10-30,,Unknown,Bordeaux Logistics Park,Angers,2698.6,545.7,En transit,train,225.04,ddd94bb935d6fc90,6f6a949e084f73b1,47.53106,-0.58792,,41.2335,MOYEN
FR-801814,2025-12-21,2025-12-30,DB Schenker,Bordeaux Logistics Park,Mulhouse,3189.0,177.3,Livré,train,213.75,e99e31c1b5468d2d,063e6e7aab3484ab,47.74511,7.33665,9.0,15.8315,FAIBLE
FR-597890,2024-06-28,2024-06-30,Unknown,Paris-CDG Hub,Rennes,26.4,745.8,Retardé,fourgonnette,14.09,c8796666bc9acaab,e38c85e7cd6a0398,48.05404,-1.58351,2.0,1.5751,ÉLEVÉ
FR-371969,2024-09-17,2024-09-24,DHL,Lyon Distribution Center,Rennes,5891.1,110.4,Livré,train,271.52,ae8ce543547ae3d4,e22b51f2f7a573ee,48.15002,-1.62135,7.0,18.2106,FAIBLE
FR-564193,2025-12-24,2026-01-06,GLS,Bordeaux Logistics Park,Paris,435.7,257.9,Livré,petit_camion,109.78,75a44226210eb23d,adb8ad9ac5f626b9,48.81467,2.41117,13.0,13.484,FAIBLE
FR-681539,2025-06-14,,Kuehne+Nagel,Marseille Port Depot,Lille,15.2,535.2,En attente,fourgonnette,11.28,de6c9169a9ba75a9,732a9da3ac075c49,50.62377,3.12765,,0.6508,AUCUN
FR-830379,2026-02-17,,Chronopost,Marseille Port Depot,Mulhouse,46.7,935.7,En transit,avion,232.1,abbd60b0df7fec89,1f6435b5be1b1da8,47.74619,7.34259,,41.5123,MOYEN
FR-903055,2025-08-29,2025-09-09,Kuehne+Nagel,Marseille Port Depot,Toulouse,10.1,573.3,Retourné,fourgonnette,15.86,e99e31c1b5468d2d,8ab3cc898e909dec,43.56825,1.44469,11.0,0.4632,AUCUN
FR-592269,2026-04-05,2026-04-14,GLS,Paris-CDG Hub,Nice,3655.3,697.4,Livré,gros_camion,449.24,b1a521ada32f8bf9,65451560913bfd38,43.70035,7.21732,9.0,535.3333,FAIBLE
FR-806168,2026-01-05,2026-01-12,Unknown,Paris-CDG Hub,Strasbourg,153.7,1055.1,Livré,avion,512.56,bebe00cf88981ebb,596d67f8a28662af,48.58355,7.71076,7.0,154.0604,FAIBLE
FR-771999,2024-06-04,2024-06-13,XPO Logistics,Paris-CDG Hub,Rennes,671.1,951.9,Livré,petit_camion,189.52,6ab1a44406435c4c,0457e3f24243d152,48.18111,-1.67436,9.0,76.6584,FAIBLE
FR-186923,2026-02-04,2026-02-05,XPO Logistics,Paris-CDG Hub,Aix-en-Provence,197.4,825.0,Livré,avion,509.85,dcc4a7b2cb980dd1,2e46e14a4821d954,43.55672,5.43261,1.0,154.7122,AUCUN
FR-560773,2026-01-30,2026-02-06,FedEx,Bordeaux Logistics Park,Orléans,903.8,1084.7,Livré,gros_camion,298.03,e99e31c1b5468d2d,55df6313b3fadc80,47.91075,1.91273,7.0,205.8739,FAIBLE
FR-166573,2025-04-20,2025-04-21,UPS,Marseille Port Depot,Nantes,67.9,523.4,Livré,avion,249.25,737b27ae09a06d30,b327aa30af484590,47.27986,-1.49338,1.0,33.7619,AUCUN
FR-428750,2024-11-19,,Kuehne+Nagel,Lyon Distribution Center,Aix-en-Provence,374.5,280.5,En transit,petit_camion,87.12,176085ab92f665ad,30ccf58497ddf428,43.41178,5.51134,,12.6057,MOYEN
FR-675357,2025-08-13,,UPS,Lyon Distribution Center,Toulon,3417.3,423.6,En attente,gros_camion,422.43,4761f7fa3a69433b,8719069118e8daef,43.10313,5.96363,,303.9893,AUCUN
FR-586830,2026-03-12,,DB Schenker,Marseille Port Depot,Strasbourg,3.6,1078.2,En attente,fourgonnette,8.56,232c9d11c882ea2c,cc3d2ac1b64eacf8,48.58756,7.77272,,0.3105,AUCUN
FR-558018,2024-08-16,2024-08-23,DHL,Paris-CDG Hub,Nantes,5661.7,1175.0,Livré,train,375.97,64be089ea6398de1,75d930887c8b80bd,47.20966,-1.61592,7.0,186.2699,FAIBLE
FR-929418,2026-01-28,,FedEx,Marseille Port Depot,Annecy,4781.4,170.2,En transit,gros_camion,453.55,2debffb0c60c520e,8fcf40f59bb8401a,45.91775,6.16203,,170.8968,MOYEN
FR-581038,2024-12-18,2024-12-25,FedEx,Lyon Distribution Center,Reims,33.3,994.5,Livré,fourgonnette,20.24,cca89aaad52adbdd,766a26e20f8a3a83,49.30468,3.24788,7.0,2.6493,FAIBLE
FR-459511,2025-11-18,,Chronopost,Marseille Port Depot,Bordeaux,33.0,951.4,En transit,fourgonnette,15.05,0a09e9b5dbb0d8ab,bbc9979980937f7e,44.78856,-0.60469,,2.5117,MOYEN
FR-285326,2024-12-23,2024-12-26,Kuehne+Nagel,Paris-CDG Hub,Paris,,387.3,Livré,petit_camion,102.38,b8ed8df564cec2ef,cfb558ce00c8e53a,48.76924,2.40436,3.0,0.0,AUCUN
FR-613419,2024-05-27,2024-06-05,UPS,Lyon Distribution Center,Aix-en-Provence,5.3,1173.7,Livré,fourgonnette,16.48,75a44226210eb23d,b9dfcb2ce43372bb,43.59045,5.48449,9.0,0.4976,FAIBLE
FR-428773,2026-03-21,2026-04-03,Kuehne+Nagel,Lyon Distribution Center,Rennes,3094.7,1003.6,Livré,gros_camion,456.64,b5d62e25e9a7adb6,cea44d8633025e50,48.14879,-1.65979,13.0,652.2266,FAIBLE
FR-988390,2026-02-17,2026-02-23,DHL,Paris-CDG Hub,Marseille,735.6,636.2,Retardé,petit_camion,131.83,964fb47ecc48fb44,550578fea4db47b1,43.25355,5.37117,6.0,56.1586,ÉLEVÉ
FR-459512,2024-12-16,,Unknown,Paris-CDG Hub,Nantes,746.9,976.8,En transit,train,254.69,d1d9c071e6672d29,2463be11a828c330,47.25427,-1.64469,,20.428,MOYEN
FR-379684,2025-06-19,2025-06-20,GLS,Bordeaux Logistics Park,Calais,4598.7,686.6,Livré,gros_camion,553.42,dc995e4ea96bebf0,e37cd0d2da786b37,50.94672,1.88627,1.0,663.0682,AUCUN
FR-456817,2025-08-05,,DB Schenker,Bordeaux Logistics Park,Toulouse,,174.3,En attente,gros_camion,317.36,57305694cae2b1d0,8ab0d15731c9d4e1,43.59209,1.40907,,0.0,AUCUN
FR-489911,2024-11-22,,Kuehne+Nagel,Lyon Distribution Center,Toulouse,3083.7,338.0,En transit,gros_camion,345.41,80c6e1b004c4d98c,a7099765986b345b,43.55349,1.50324,,218.881,MOYEN
FR-422195,2025-03-11,2025-03-19,FedEx,Bordeaux Logistics Park,Toulouse,238.1,680.3,Retardé,avion,465.96,ff07dd0896d16f31,9c936293b559c476,43.65468,1.46371,8.0,153.8805,ÉLEVÉ
FR-490014,2025-04-13,2025-04-20,FedEx,Paris-CDG Hub,Vannes,166.8,973.3,Retardé,avion,437.09,94f32f590e70c04a,0f0f5d5917aab806,47.56161,-2.77893,7.0,154.2291,ÉLEVÉ
FR-376386,2025-12-15,2025-12-20,Kuehne+Nagel,Paris-CDG Hub,Le Mans,1313.9,459.2,Livré,gros_camion,265.86,176085ab92f665ad,e7e405ea18fb1954,47.99816,0.25223,5.0,126.702,AUCUN
FR-506582,2024-09-29,2024-10-01,UPS,Lyon Distribution Center,Marseille,30.4,1084.8,Livré,fourgonnette,16.19,3714a4bb9c0df2e3,3257a6786a1db5f1,43.27367,5.30205,2.0,2.6382,AUCUN
FR-348433,2025-12-10,2025-12-19,GLS,Marseille Port Depot,Strasbourg,1869.0,841.3,Livré,gros_camion,389.13,144818883fd1fd2e,838398aaf084ea50,48.61096,7.65759,9.0,330.2018,FAIBLE
FR-544802,2026-03-08,,Chronopost,Paris-CDG Hub,Strasbourg,4243.1,786.5,En transit,train,349.06,fb9a24e0a82c372f,56a67952b9a23bff,48.63043,7.76652,,93.4415,MOYEN
FR-958753,2025-02-22,2025-03-01,Chronopost,Bordeaux Logistics Park,Toulouse,377.0,140.9,Livré,petit_camion,82.6,bebe00cf88981ebb,c23c31a0cf48f47f,43.62091,1.44407,7.0,6.3743,FAIBLE
FR-249389,2025-05-25,2025-05-29,FedEx,Lyon Distribution Center,Rennes,775.9,980.2,Livré,train,191.24,4f34261f7c38ba0c,d48d8a56d8f54117,48.03682,-1.63974,4.0,21.295,AUCUN
FR-172981,2024-09-01,2024-09-02,FedEx,Lyon Distribution Center,Rennes,5383.6,502.1,Livré,train,330.79,2debffb0c60c520e,f7407d6256ccacaa,48.07312,-1.66341,1.0,75.687,AUCUN
FR-248455,2025-03-03,,DHL,Bordeaux Logistics Park,Bordeaux,1599.5,424.6,En transit,gros_camion,346.44,cca89aaad52adbdd,0c90d4624f2fb428,44.88318,-0.52469,,142.621,MOYEN
FR-558480,2025-11-09,,UPS,Lyon Distribution Center,Tours,420.0,773.8,En transit,petit_camion,106.44,2e77fde05867cb62,57d1967cb892a594,47.34766,0.64725,,38.9995,MOYEN
FR-308976,2025-01-12,2025-01-13,Kuehne+Nagel,Paris-CDG Hub,Toulon,836.6,202.5,Retardé,train,131.87,dabcb1d63f05e568,dd85bf3ee277de16,43.16418,5.89865,1.0,4.7435,ÉLEVÉ
FR-890716,2024-10-21,2024-10-28,XPO Logistics,Bordeaux Logistics Park,Toulouse,1410.2,910.5,Livré,gros_camion,332.13,de6c9169a9ba75a9,17cbe2fbaff43bbd,43.5797,1.4487,7.0,269.6373,FAIBLE
FR-126866,2025-08-08,,DHL,Paris-CDG Hub,Rennes,7853.4,847.7,En attente,train,473.3,5bb1ecc8ac6edde3,c0cc4f885a7ffe56,48.11267,-1.77125,,186.4052,AUCUN
FR-750777,2024-10-19,2024-10-30,UPS,Paris-CDG Hub,Toulouse,,470.8,Livré,petit_camion,83.5,0915a7642195cf8a,5bff2f573f712799,43.60158,1.45573,11.0,0.0,FAIBLE
FR-884077,2025-05-17,2025-05-22,DHL,Paris-CDG Hub,Poitiers,1971.2,1036.5,Retardé,gros_camion,497.16,2bfcfe607c0a5f31,bf698ed742ccc1dc,46.58317,0.37746,5.0,429.0612,ÉLEVÉ
FR-103857,2026-02-07,2026-02-09,GLS,Lyon Distribution Center,Nantes,104.4,17.7,Livré,petit_camion,67.75,77a37e0c1eabf2ac,bbf1b6d9403b71ff,47.26675,-1.6222,2.0,0.2217,AUCUN
FR-965020,2024-07-08,2024-07-19,UPS,Marseille Port Depot,Nantes,49.2,254.5,Livré,fourgonnette,9.57,6e21cb30cd3271a9,376a02724d95186c,47.13185,-1.50704,11.0,1.0017,FAIBLE
FR-454818,2025-07-19,2025-07-21,DB Schenker,Paris-CDG Hub,Auxerre,2707.1,636.1,Retardé,gros_camion,452.53,cca89aaad52adbdd,c26a3ec750a63b81,47.80345,3.48461,2.0,361.6171,ÉLEVÉ
FR-737462,2024-12-17,,DB Schenker,Paris-CDG Hub,Orléans,507.2,821.3,En attente,petit_camion,138.7,2a457c97836df9d7,a18d44f8544535c9,47.9071,1.86984,,49.9876,AUCUN
FR-355665,2024-09-14,,DB Schenker,Paris-CDG Hub,Nantes,3719.3,952.5,En attente,gros_camion,469.14,f057aa1333d44acb,46eafc28a74bcbaf,47.25098,-1.61805,,743.953,AUCUN
FR-456691,2025-08-10,2025-08-19,GLS,Bordeaux Logistics Park,Toulouse,6343.2,678.9,Retourné,train,436.95,867749e4b7692143,4d858a298490c918,43.67738,1.38997,9.0,120.5792,AUCUN
FR-221921,2026-01-25,,Kuehne+Nagel,Lyon Distribution Center,Marseille,26.6,848.4,En attente,fourgonnette,21.26,64be089ea6398de1,d963569f1f6b4b1e,43.33242,5.38435,,1.8054,AUCUN
FR-759409,2025-12-29,2026-01-07,DHL,Paris-CDG Hub,Lyon,4.4,543.4,Retourné,fourgonnette,7.88,309f7e2638c05965,19c05e18dd829202,45.77909,4.81008,9.0,0.1913,AUCUN
FR-904652,2025-05-05,2025-05-12,Unknown,Marseille Port Depot,Caen,646.1,282.9,Livré,petit_camion,107.11,98c6fa9a1549ec58,dcf530bc12bb13b3,49.20692,-0.34655,7.0,21.9338,FAIBLE
FR-213570,2024-05-21,2024-05-23,DB Schenker,Bordeaux Logistics Park,Nantes,391.3,1183.7,Livré,petit_camion,147.09,a7343d238975093d,c664020b69cfd841,47.17543,-1.48276,2.0,55.5818,AUCUN
FR-836205,2025-12-20,,DB Schenker,Marseille Port Depot,Dunkerque,50.9,323.9,En transit,avion,273.79,b8ed8df564cec2ef,b5ca817885744bb3,50.95335,2.42792,,15.6622,MOYEN
FR-474415,2025-06-03,2025-06-13,Chronopost,Paris-CDG Hub,Toulouse,131.1,420.5,Livré,avion,235.25,abbd60b0df7fec89,a3ca156d2ec8cf23,43.65384,1.39613,10.0,52.3712,FAIBLE
FR-684352,2025-02-01,2025-02-05,Chronopost,Paris-CDG Hub,Toulouse,,1168.2,Livré,fourgonnette,25.41,588860b1c06a5a7a,46977edefcc3def2,43.7415,1.47264,4.0,0.0,AUCUN
FR-296012,2025-02-07,2025-02-19,Kuehne+Nagel,Paris-CDG Hub,Toulouse,14.4,613.3,Livré,fourgonnette,17.58,bcda6b0629bed55e,4fc0e795ac0c2587,43.61364,1.43551,12.0,0.7065,FAIBLE
FR-956322,2024-08-08,2024-08-09,Chronopost,Marseille Port Depot,Toulouse,678.6,569.7,Livré,petit_camion,139.87,b1a521ada32f8bf9,e48b2dc305edb7c1,43.64637,1.45553,1.0,46.3918,AUCUN
FR-833833,2025-11-09,2025-11-22,FedEx,Lyon Distribution Center,Marseille,456.1,741.2,Livré,petit_camion,127.6,6ab1a44406435c4c,8455d1ba19aeb804,43.32503,5.45576,13.0,40.5674,FAIBLE
FR-157477,2026-03-17,2026-03-28,DB Schenker,Bordeaux Logistics Park,Paris,5931.5,331.5,Livré,train,318.1,ff07dd0896d16f31,ff099481e35b927f,48.91706,2.30657,11.0,55.0562,FAIBLE
FR-741992,2025-08-23,2025-08-26,Chronopost,Lyon Distribution Center,Rennes,6350.6,596.0,Retardé,train,418.17,ac1dabffaec6f025,7423cd90a5121289,48.04997,-1.64904,3.0,105.9788,ÉLEVÉ
FR-237559,2025-09-26,,FedEx,Bordeaux Logistics Park,Lyon,312.8,1193.4,En transit,petit_camion,136.35,2bfcfe607c0a5f31,eb4fe2172bf76a56,45.76052,4.7591,,44.7955,MOYEN
FR-515813,2026-02-16,2026-02-22,Kuehne+Nagel,Bordeaux Logistics Park,Marseille,153.1,389.1,Retardé,avion,367.59,0a09e9b5dbb0d8ab,66d62694baf12965,43.22449,5.35959,6.0,56.5926,ÉLEVÉ
FR-118409,2024-06-27,2024-06-28,Unknown,Lyon Distribution Center,Nantes,118.4,756.5,Retourné,avion,411.2,2c7e84ab9c91b547,ac48ede154cfaa82,47.23564,-1.5846,1.0,85.0911,AUCUN
FR-571376,2025-04-20,2025-04-28,XPO Logistics,Bordeaux Logistics Park,Paris,12.1,73.8,Livré,fourgonnette,10.26,abbd60b0df7fec89,951c6380416b88ae,48.74855,2.33114,8.0,0.0714,FAIBLE
FR-748207,2025-09-14,2025-09-27,DHL,Bordeaux Logistics Park,Auxerre,355.1,661.8,Retardé,petit_camion,140.84,ddd94bb935d6fc90,d74a4d0a7623a5bb,47.80728,3.6192,13.0,28.2006,ÉLEVÉ
FR-960649,2024-05-01,2024-05-10,DHL,Bordeaux Logistics Park,Lyon,5986.4,698.5,Livré,train,328.51,dc995e4ea96bebf0,5226f3ecfce8918d,45.87117,4.82287,9.0,117.082,FAIBLE
FR-359407,2025-02-04,,Chronopost,Marseille Port Depot,Le Havre,5122.9,315.6,En attente,train,295.9,abb3d464b81216db,6f2de373c97e75e5,49.53506,0.12167,,45.27,AUCUN
FR-755355,2025-06-29,2025-07-05,DHL,Lyon Distribution Center,Bayonne,371.1,698.5,Retourné,petit_camion,115.39,50b6dd7a25a72160,67217487b564dc86,43.45979,-1.38762,6.0,31.1056,AUCUN
FR-354559,2025-03-23,2025-04-01,DHL,Paris-CDG Hub,Le Havre,18.7,940.6,Livré,fourgonnette,11.18,98c6fa9a1549ec58,5c8be56a8cd8e7dd,49.47021,0.10932,9.0,1.4071,FAIBLE
FR-125775,2025-06-09,2025-06-17,FedEx,Paris-CDG Hub,Rennes,46.3,126.6,Livré,avion,256.63,fb9a24e0a82c372f,d401b2012e55d023,48.16118,-1.71755,8.0,5.5685,FAIBLE
FR-307041,2024-11-08,,UPS,Paris-CDG Hub,Lille,7536.4,101.2,En transit,train,364.4,b8ed8df564cec2ef,7ec18dc55b63f9b1,50.58854,3.05428,,21.3551,MOYEN
FR-946811,2024-07-27,2024-07-30,Kuehne+Nagel,Marseille Port Depot,Tours,27.2,246.3,Livré,fourgonnette,13.2,6ab1a44406435c4c,aad30650cd389d5d,47.34996,0.70382,3.0,0.5359,AUCUN
FR-330394,2024-12-12,2024-12-23,FedEx,Paris-CDG Hub,Paris,703.2,31.8,Livré,petit_camion,117.63,a9bc7e3c6079a06c,ee99bdf58d3aaa27,48.90275,2.37976,11.0,2.6834,FAIBLE
FR-421044,2026-01-25,,XPO Logistics,Paris-CDG Hub,Lille,89.8,176.4,En transit,avion,232.48,64be089ea6398de1,a4903ae3e7cc4057,50.6592,3.04184,,15.0487,MOYEN
FR-800375,2026-02-22,2026-02-27,Chronopost,Marseille Port Depot,Perpignan,193.1,1013.2,Livré,avion,485.87,232c9d11c882ea2c,27536df05f6437e0,42.6877,2.86764,5.0,185.8665,AUCUN
FR-874071,2024-08-14,2024-08-22,Unknown,Paris-CDG Hub,Paris,3630.7,1020.6,Livré,gros_camion,466.81,2bfcfe607c0a5f31,183612fc1cf36eab,48.88437,2.3952,8.0,778.1534,FAIBLE
FR-797063,2025-05-12,2025-05-20,XPO Logistics,Lyon Distribution Center,Lyon,194.8,271.8,Livré,petit_camion,104.52,ff07dd0896d16f31,68a4ecdb99e467a2,45.78084,4.88991,8.0,6.3536,FAIBLE
FR-607418,2026-03-12,2026-03-17,UPS,Marseille Port Depot,Marseille,45.6,425.5,Livré,fourgonnette,18.14,ff07dd0896d16f31,b253f93755a62904,43.29442,5.38502,5.0,1.5522,AUCUN
FR-868407,2025-04-06,2025-04-17,UPS,Paris-CDG Hub,Clermont-Ferrand,812.9,461.8,Livré,train,219.76,309f7e2638c05965,590b1ffc17c01f3b,45.77313,3.12984,11.0,10.5111,FAIBLE
FR-761990,2025-07-24,2025-08-02,UPS,Bordeaux Logistics Park,Annecy,50.6,1176.1,Retardé,petit_camion,91.06,5544f6afe2c2fa55,39619e31917a479e,45.89723,6.21905,9.0,7.1413,ÉLEVÉ
FR-741518,2024-08-14,2024-08-22,FedEx,Bordeaux Logistics Park,Caen,7568.7,1181.6,Livré,train,414.99,cca89aaad52adbdd,128c2e267c205047,49.17552,-0.39679,8.0,250.4089,FAIBLE
FR-332463,2026-02-07,2026-02-15,Chronopost,Lyon Distribution Center,Nantes,108.6,859.5,Livré,avion,238.95,75a44226210eb23d,57ffa60ebf49ed5c,47.24624,-1.52296,8.0,88.6746,FAIBLE
FR-995072,2026-03-06,,Chronopost,Lyon Distribution Center,Rennes,5701.7,1110.4,En attente,train,360.66,cca89aaad52adbdd,febd11b022e07f7d,48.12326,-1.679,,177.2727,AUCUN
FR-676424,2025-02-11,,Chronopost,Paris-CDG Hub,Nice,54.4,628.1,En transit,avion,306.02,309f7e2638c05965,fd0cc743bd0f35a8,43.72501,7.23259,,32.4602,MOYEN
FR-922299,2026-03-31,2026-04-05,Unknown,Paris-CDG Hub,Bordeaux,,281.5,Livré,petit_camion,108.08,80c6e1b004c4d98c,eba2b1b6e02bb0f9,44.82789,-0.58459,5.0,0.0,AUCUN
FR-745515,2025-05-28,2025-06-10,UPS,Marseille Port Depot,Le Havre,2020.1,795.0,Livré,gros_camion,336.32,2debffb0c60c520e,15283e0d81a316cf,49.55775,0.1009,13.0,337.2557,FAIBLE
FR-966236,2026-02-21,2026-03-04,FedEx,Marseille Port Depot,Bourges,182.0,571.6,Livré,petit_camion,77.33,0915a7642195cf8a,f0b7a41b78525ccc,47.0669,2.34203,11.0,12.4837,FAIBLE
FR-110485,2025-03-15,2025-03-18,UPS,Paris-CDG Hub,Bordeaux,3821.8,1143.6,Livré,gros_camion,517.57,bcda6b0629bed55e,e2ae0e9e987f211b,44.85287,-0.51652,3.0,917.8282,AUCUN
FR-407453,2024-05-13,2024-05-21,UPS,Lyon Distribution Center,Amiens,1048.8,1149.5,Livré,gros_camion,325.55,a7343d238975093d,dc4cf7f2f854c771,49.88088,2.2875,8.0,253.1751,FAIBLE
FR-694121,2024-11-26,2024-12-03,DB Schenker,Paris-CDG Hub,Lille,1696.5,1122.2,Livré,gros_camion,464.46,5544f6afe2c2fa55,c3bfc84c948f9f97,50.59625,3.02682,7.0,399.8006,FAIBLE
FR-219786,2025-01-16,2025-01-29,GLS,Bordeaux Logistics Park,Toulon,22.1,314.9,Livré,fourgonnette,7.75,6b16b395ec3a9551,10da9ea36b71b327,43.12484,5.86958,13.0,0.5567,FAIBLE
FR-739180,2024-06-05,2024-06-06,UPS,Bordeaux Logistics Park,Marseille,16.3,407.4,Livré,fourgonnette,17.11,3714a4bb9c0df2e3,bb56e532029b9684,43.31246,5.42915,1.0,0.5312,AUCUN
FR-719492,2026-02-02,2026-02-08,XPO Logistics,Paris-CDG Hub,Nice,3.6,253.6,Livré,avion,246.31,7334ee7ff8765e16,22147267a1bee462,43.66003,7.2565,6.0,0.8673,FAIBLE
FR-201243,2025-12-25,,FedEx,Marseille Port Depot,Marseille,,111.3,En attente,petit_camion,105.73,64be089ea6398de1,a0b3ab05acfd101a,43.33526,5.41273,,0.0,AUCUN
FR-265432,2025-02-05,2025-02-16,XPO Logistics,Bordeaux Logistics Park,Marseille,1816.6,864.1,Livré,gros_camion,339.37,fb9a24e0a82c372f,66c30becd2552516,43.36135,5.39162,11.0,329.6421,FAIBLE
FR-631732,2024-09-29,2024-10-02,Kuehne+Nagel,Paris-CDG Hub,Strasbourg,6949.5,462.8,Livré,train,413.11,7334ee7ff8765e16,3f64ee3e255b819d,48.53802,7.7312,3.0,90.0544,AUCUN
FR-526954,2026-02-08,,DHL,Paris-CDG Hub,Marseille,,321.7,En transit,petit_camion,116.45,e05e06b51a7aca3c,9db2412cfd67d261,43.3523,5.39998,,0.0,MOYEN
FR-352988,2026-01-01,,DB Schenker,Paris-CDG Hub,Nice,168.2,292.2,En transit,avion,316.26,60d3bd00a0e40db3,349975268867977a,43.67519,7.20241,,46.6906,MOYEN
FR-711445,2025-12-20,2026-01-01,Chronopost,Paris-CDG Hub,Toulouse,3218.8,15.5,Retardé,gros_camion,285.07,75a44226210eb23d,718eb1ac04c5f4f7,43.62643,1.42493,12.0,10.4772,ÉLEVÉ
FR-137525,2024-07-02,,DHL,Paris-CDG Hub,Quimper,46.7,938.4,En attente,fourgonnette,20.24,b8ed8df564cec2ef,b45de922a973f7a6,48.03739,-4.05978,,3.5059,AUCUN
FR-991622,2024-06-08,2024-06-20,Chronopost,Marseille Port Depot,Lille,569.2,556.6,Retourné,petit_camion,110.73,144818883fd1fd2e,7f86664b5d47eea5,50.59455,3.08613,12.0,38.018,AUCUN
FR-341170,2025-05-27,2025-06-01,DHL,Marseille Port Depot,Nice,1172.1,266.9,Livré,train,228.53,ac1dabffaec6f025,5af389ae7a450b8f,43.70819,7.13994,5.0,8.7593,AUCUN
FR-497974,2025-05-27,,DHL,Lyon Distribution Center,Nantes,183.5,121.7,En attente,avion,373.79,6a5796584ab1ac8a,3a67f27bb9b7d5a0,47.20777,-1.56799,,21.2154,AUCUN
FR-732206,2024-07-09,2024-07-15,GLS,Paris-CDG Hub,Nice,,626.2,Retardé,fourgonnette,17.66,c3c93bf263ad82fc,4403b373007f3500,43.7262,7.27167,6.0,0.0,ÉLEVÉ
FR-572999,2024-04-29,2024-04-30,XPO Logistics,Paris-CDG Hub,Le Havre,156.3,1008.6,Livré,avion,462.8,fb9a24e0a82c372f,02681f49f8038d19,49.44174,0.11186,1.0,149.762,AUCUN
FR-627279,2025-05-25,2025-05-27,Kuehne+Nagel,Lyon Distribution Center,Perpignan,5455.5,342.1,Livré,train,334.2,fb9a24e0a82c372f,3191787c5628950f,42.66234,2.91906,2.0,52.2571,AUCUN
FR-662162,2024-08-23,,DHL,Lyon Distribution Center,Dijon,69.2,892.1,En attente,avion,404.69,b6a35244625ccc34,68f2c6e93f556465,47.24463,5.05765,,58.6467,AUCUN
FR-496233,2026-03-20,2026-03-28,UPS,Marseille Port Depot,Le Mans,1.0,352.5,Retardé,fourgonnette,6.3,7334ee7ff8765e16,226f156a9bd42331,48.0221,0.24944,8.0,0.0282,ÉLEVÉ
FR-126921,2025-01-31,,Kuehne+Nagel,Marseille Port Depot,Marseille,213.1,276.2,En transit,petit_camion,73.32,a7343d238975093d,8f581c6483ac0ef0,43.32575,5.32534,,7.063,MOYEN
FR-848688,2025-03-07,,GLS,Lyon Distribution Center,Troyes,16.0,897.5,En transit,fourgonnette,11.4,4dc658302b612f5c,fa44149180dae8b9,48.32292,4.09048,,1.1488,MOYEN
FR-602911,2024-11-12,2024-11-14,GLS,Lyon Distribution Center,Rennes,5.0,656.1,Livré,fourgonnette,8.15,232c9d11c882ea2c,ac15b73ad6b51aac,48.07406,-1.7251,2.0,0.2624,AUCUN
FR-315754,2025-05-29,2025-06-06,XPO Logistics,Lyon Distribution Center,Colmar,40.9,748.1,Livré,fourgonnette,22.87,b8ed8df564cec2ef,3fcae50245ca3f67,48.0918,7.34873,8.0,2.4478,FAIBLE
FR-931872,2026-04-08,2026-04-11,DHL,Marseille Port Depot,Rennes,328.0,324.8,Livré,petit_camion,74.66,dc995e4ea96bebf0,09d6eeff05313128,48.16209,-1.67323,3.0,12.7841,AUCUN
FR-335437,2025-07-02,2025-07-10,Chronopost,Bordeaux Logistics Park,Lyon,90.3,20.9,Livré,avion,271.3,9f825829469aca3d,190a08304f01bdd0,45.65549,4.78995,8.0,1.7929,FAIBLE
FR-525618,2024-05-30,2024-06-03,Kuehne+Nagel,Paris-CDG Hub,Marseille,1789.2,953.6,Livré,gros_camion,340.99,0b9d5daff036d6da,36e150bf36c3ca48,43.19839,5.36412,4.0,358.298,AUCUN
FR-440897,2024-05-12,2024-05-14,Chronopost,Marseille Port Depot,Nantes,83.7,1005.7,Livré,avion,387.3,f057aa1333d44acb,614cf5e1d4e200ed,47.20048,-1.64834,2.0,79.9682,AUCUN
FR-973846,2025-07-03,2025-07-15,DHL,Paris-CDG Hub,Reims,4185.0,940.9,Livré,train,342.8,420ccf90b5c7ed29,95fb69d9a2e3e01c,49.28785,3.25261,12.0,110.2547,FAIBLE
FR-598342,2025-01-01,,XPO Logistics,Marseille Port Depot,Tours,3176.7,135.9,En transit,gros_camion,342.45,b6a35244625ccc34,458155246e062692,47.35668,0.62097,,90.6598,MOYEN
FR-509318,2026-03-17,2026-03-30,FedEx,Marseille Port Depot,Pau,2723.3,927.8,Retardé,train,357.8,6a5796584ab1ac8a,0a7da91dc0ba04f3,43.2632,-0.35668,13.0,70.747,ÉLEVÉ
FR-134075,2024-06-03,,UPS,Lyon Distribution Center,Rennes,29.3,605.6,En attente,fourgonnette,21.07,cca89aaad52adbdd,f329aacfd2072764,48.09606,-1.61776,,1.4195,AUCUN
FR-763610,2024-07-23,2024-07-28,UPS,Marseille Port Depot,Toulouse,6.5,262.1,Retardé,avion,208.52,ae8ce543547ae3d4,7e55cf151f37ce9b,43.557,1.51279,5.0,1.6185,ÉLEVÉ
FR-355223,2025-09-07,2025-09-09,Chronopost,Marseille Port Depot,Lille,165.7,786.0,Livré,avion,457.56,de6c9169a9ba75a9,17d807d77e500304,50.62203,3.05567,2.0,123.7282,AUCUN
FR-909697,2024-10-19,,FedEx,Lyon Distribution Center,Bordeaux,19.8,667.8,En transit,fourgonnette,18.35,6ab1a44406435c4c,5f2c9a9b517915d3,44.85991,-0.63455,,1.0578,MOYEN
FR-725549,2026-04-02,2026-04-13,Unknown,Paris-CDG Hub,Marseille,229.2,138.0,Livré,avion,285.01,213616dfc61bfad5,109fe965af56d204,43.33488,5.37474,11.0,30.0481,FAIBLE
FR-741447,2025-09-24,,Chronopost,Paris-CDG Hub,Paris,4048.7,1155.1,En transit,gros_camion,532.53,ac1dabffaec6f025,d7f3d2bee2f27394,48.7719,2.30986,,982.0972,MOYEN
FR-984956,2025-12-11,2025-12-15,DHL,Marseille Port Depot,Angers,6.3,1100.2,Livré,fourgonnette,18.01,ac1dabffaec6f025,adcf933ec93ca903,47.4602,-0.62654,4.0,0.5545,AUCUN
FR-536303,2024-07-01,2024-07-12,GLS,Paris-CDG Hub,Strasbourg,1253.0,128.1,Livré,gros_camion,303.68,b6a35244625ccc34,983afb98acc94c26,48.61349,7.77585,11.0,33.707,FAIBLE
FR-241696,2024-11-17,2024-11-19,Unknown,Lyon Distribution Center,Lille,5460.1,733.6,Retardé,train,300.72,d21c62bed959dcf6,875e2684dcea7501,50.52019,3.0596,2.0,112.1548,ÉLEVÉ
FR-102700,2026-03-05,2026-03-17,FedEx,Bordeaux Logistics Park,Brest,2133.0,894.6,Livré,gros_camion,448.53,c0fdb3ce997f47fa,028700011b517325,48.40762,-4.42704,12.0,400.7182,FAIBLE
FR-298470,2025-08-06,2025-08-14,DB Schenker,Lyon Distribution Center,Avignon,,338.1,Retardé,petit_camion,91.61,d1d9c071e6672d29,abacfe5d06aef26b,43.88035,4.86445,8.0,0.0,ÉLEVÉ
FR-213056,2024-08-20,,Chronopost,Lyon Distribution Center,Poitiers,1263.0,330.1,En attente,gros_camion,345.29,309f7e2638c05965,cdd711e1ce776734,46.5287,0.34773,,87.5524,AUCUN
FR-783297,2024-07-19,2024-07-30,DHL,Lyon Distribution Center,Nice,557.8,858.2,Retardé,petit_camion,177.16,75a44226210eb23d,8c9eba48c5f43f21,43.82895,7.19357,11.0,57.4445,ÉLEVÉ
FR-319508,2024-11-08,2024-11-15,FedEx,Marseille Port Depot,Paris,7627.9,52.1,Livré,train,335.67,867749e4b7692143,c5bb745a3886756c,48.89195,2.33726,7.0,11.1276,FAIBLE
FR-573130,2024-07-24,2024-07-30,GLS,Bordeaux Logistics Park,Lille,103.9,243.9,Livré,avion,342.72,abb3d464b81216db,c931e5451f7af4b8,50.71279,3.0808,6.0,24.0741,FAIBLE
FR-977742,2025-08-31,,Chronopost,Paris-CDG Hub,Toulouse,908.9,1019.4,En attente,gros_camion,424.92,a9bc7e3c6079a06c,eea1bb393a61bdaf,43.52024,1.40073,,194.5719,AUCUN
FR-727045,2024-06-23,2024-07-06,XPO Logistics,Paris-CDG Hub,Marseille,352.3,1196.4,Retourné,petit_camion,113.45,b8ed8df564cec2ef,f5baf2a585cffab9,43.28769,5.36344,13.0,50.579,AUCUN
FR-737826,2026-01-05,,GLS,Paris-CDG Hub,Toulouse,111.5,505.7,En attente,avion,270.47,2bfcfe607c0a5f31,c3a7e107353bc880,43.65268,1.48209,,53.5663,AUCUN
FR-674670,2025-05-06,2025-05-19,UPS,Paris-CDG Hub,Marseille,47.6,189.8,Retardé,fourgonnette,13.53,3275c62b4a30ee93,3870c7b0be37d0e1,43.21569,5.33814,13.0,0.7228,ÉLEVÉ
FR-784661,2024-07-19,,UPS,Bordeaux Logistics Park,Brest,182.5,1173.2,En attente,avion,518.84,4dc658302b612f5c,9b28698dd199aa83,48.33816,-4.47678,,203.4035,AUCUN
FR-497084,2025-02-10,,Unknown,Lyon Distribution Center,Nice,124.2,85.6,En attente,avion,225.1,0915a7642195cf8a,724c05e905bcef10,43.71071,7.28638,,10.0999,AUCUN
FR-846958,2025-08-01,2025-08-14,XPO Logistics,Paris-CDG Hub,Paris,219.3,151.4,Retourné,avion,316.07,420ccf90b5c7ed29,1634d1bc94c5cdd6,48.85075,2.29452,13.0,31.5419,AUCUN
FR-637607,2024-10-21,2024-10-26,DB Schenker,Marseille Port Depot,Rennes,6118.9,71.3,Livré,train,328.7,2e77fde05867cb62,b35ae7e6a7074713,48.12052,-1.67371,5.0,12.2158,AUCUN
FR-160112,2026-04-12,2026-04-21,DHL,Marseille Port Depot,Toulouse,,858.4,Retardé,gros_camion,508.24,737b27ae09a06d30,fd29dc8048481645,43.56746,1.41721,9.0,0.0,ÉLEVÉ
FR-972422,2025-11-27,2025-12-06,Chronopost,Paris-CDG Hub,Bordeaux,13.3,442.9,Livré,fourgonnette,17.59,dabcb1d63f05e568,9eaa3d58865952d7,44.77709,-0.50015,9.0,0.4712,FAIBLE
FR-719694,2024-11-11,2024-11-22,DHL,Bordeaux Logistics Park,Aix-en-Provence,2648.1,477.0,Livré,gros_camion,386.9,98c6fa9a1549ec58,e4745ffe5f9de6bd,43.5164,5.41421,11.0,265.2602,FAIBLE
FR-259270,2024-10-26,2024-11-04,DHL,Paris-CDG Hub,Perpignan,20.3,492.4,Retourné,fourgonnette,8.72,60d3bd00a0e40db3,14538c3d0f0fa3c3,42.65364,2.94401,9.0,0.7997,AUCUN
FR-624204,2025-05-01,,DHL,Paris-CDG Hub,Marseille,45.5,618.3,En attente,avion,213.72,2e49ed8efc869923,860bd0dae751a204,43.22689,5.38642,,26.726,AUCUN
FR-360462,2025-08-01,2025-08-04,FedEx,Lyon Distribution Center,Montpellier,31.8,468.6,Livré,fourgonnette,12.55,4f34261f7c38ba0c,6b59cb8d4e7ebaf5,43.57414,3.85883,3.0,1.1921,AUCUN
FR-237011,2026-03-01,2026-03-07,DHL,Lyon Distribution Center,Paris,236.0,497.4,Livré,avion,306.46,b1a521ada32f8bf9,755564aca2628744,48.77917,2.39195,6.0,111.5171,FAIBLE
FR-624535,2025-02-03,2025-02-07,DB Schenker,Paris-CDG Hub,Lyon,613.4,345.5,Livré,petit_camion,110.16,232c9d11c882ea2c,5ca9d1021fb3cc6e,45.69721,4.92808,4.0,25.4316,AUCUN
FR-278841,2025-10-01,2025-10-08,DHL,Bordeaux Logistics Park,Bayonne,110.7,795.5,Livré,avion,437.77,d21c62bed959dcf6,e6015678e157adcd,43.47755,-1.493,7.0,83.6588,FAIBLE
FR-633473,2025-05-19,2025-05-29,XPO Logistics,Bordeaux Logistics Park,Mulhouse,4907.4,1017.0,Retardé,gros_camion,591.0,bebe00cf88981ebb,148d3b87e497b377,47.74008,7.30588,10.0,1048.0734,ÉLEVÉ
FR-786423,2025-10-14,2025-10-23,UPS,Marseille Port Depot,Bordeaux,2893.0,406.7,Livré,train,278.89,309f7e2638c05965,2242dbf74120ce5d,44.85083,-0.51918,9.0,32.9443,FAIBLE
FR-261711,2026-02-06,2026-02-18,Chronopost,Bordeaux Logistics Park,Tours,90.3,1076.7,Retardé,avion,325.31,b1a521ada32f8bf9,34673e50e9bffea7,47.39187,0.67652,12.0,92.3647,ÉLEVÉ
FR-735536,2025-09-22,2025-10-02,UPS,Lyon Distribution Center,Le Havre,25.9,727.6,Livré,fourgonnette,14.73,dabcb1d63f05e568,6edca085622b436b,49.38006,0.04132,10.0,1.5076,FAIBLE
FR-341372,2024-08-26,,Unknown,Bordeaux Logistics Park,Toulouse,26.8,1053.7,En attente,avion,262.38,e05e06b51a7aca3c,d848f20f9e475629,43.52627,1.51065,,26.8272,AUCUN
FR-200361,2025-05-23,2025-06-05,XPO Logistics,Lyon Distribution Center,Strasbourg,,296.4,Retardé,petit_camion,114.8,5bb1ecc8ac6edde3,f692b1fd1f383e6b,48.52412,7.69078,13.0,0.0,ÉLEVÉ
FR-957370,2026-04-24,2026-04-26,GLS,Bordeaux Logistics Park,Strasbourg,,652.6,Livré,gros_camion,442.04,184fcccb030ef7f7,1ac644ef1efe27ac,48.56875,7.69994,2.0,0.0,AUCUN
FR-846963,2026-01-22,2026-02-04,XPO Logistics,Marseille Port Depot,Besançon,117.0,826.6,Livré,avion,310.33,46b06486d10dd744,ec303a697b58ed29,47.21143,5.99067,13.0,91.8766,FAIBLE
FR-295174,2024-08-11,2024-08-20,XPO Logistics,Marseille Port Depot,Nantes,21.4,589.0,Livré,fourgonnette,15.55,184fcccb030ef7f7,b915193a67de648a,47.10343,-1.46355,9.0,1.0084,FAIBLE
FR-410139,2024-08-02,2024-08-11,Kuehne+Nagel,Paris-CDG Hub,Colmar,296.6,119.0,Livré,petit_camion,90.14,2c7e84ab9c91b547,ac007d66ec9739ba,48.01215,7.40994,9.0,4.2354,FAIBLE
FR-172372,2024-05-17,2024-05-19,XPO Logistics,Marseille Port Depot,Strasbourg,4000.2,444.8,Livré,gros_camion,486.5,c8796666bc9acaab,e114ecf645a75d00,48.5513,7.78206,2.0,373.6507,AUCUN
FR-664810,2026-01-25,,UPS,Paris-CDG Hub,Nice,4679.4,780.6,En transit,train,394.08,98c6fa9a1549ec58,ce0bb804dcf4b2a3,43.71767,7.23127,,102.2767,MOYEN
FR-141284,2025-06-19,2025-06-24,GLS,Bordeaux Logistics Park,Le Mans,497.8,304.7,Retourné,petit_camion,126.22,d1d9c071e6672d29,c4de063e1962a389,48.02411,0.10861,5.0,18.2016,AUCUN
FR-551490,2025-11-22,2025-11-28,Unknown,Lyon Distribution Center,Strasbourg,7206.9,819.7,Livré,train,398.89,f057aa1333d44acb,5f07f2343a12431d,48.58982,7.66628,6.0,165.4099,FAIBLE
FR-531140,2026-02-09,2026-02-16,FedEx,Bordeaux Logistics Park,Toulon,28.6,931.9,Livré,fourgonnette,22.02,abb3d464b81216db,81b6528214ab8a10,43.14795,6.00219,7.0,2.1322,FAIBLE
FR-774458,2024-07-26,2024-08-04,Chronopost,Lyon Distribution Center,Metz,5871.0,883.0,Livré,train,447.98,ac1dabffaec6f025,24580f5fbe9db9a5,49.154,6.0704,9.0,145.1546,FAIBLE
FR-159529,2026-01-01,2026-01-07,Chronopost,Paris-CDG Hub,Toulouse,3784.8,587.9,Retardé,gros_camion,512.91,6e21cb30cd3271a9,c053966306f87bb3,43.63878,1.56322,6.0,467.2676,ÉLEVÉ
FR-586110,2025-04-24,2025-05-07,GLS,Lyon Distribution Center,Toulon,720.0,231.4,Retourné,petit_camion,109.56,ff07dd0896d16f31,7bda306cd04a8073,43.14619,5.89535,13.0,19.993,AUCUN
FR-754551,2025-12-03,2025-12-16,Chronopost,Paris-CDG Hub,Marseille,49.1,119.8,Livré,fourgonnette,10.65,577bd3cc79f49864,a9a0ec188c9628e3,43.27622,5.34947,13.0,0.4706,FAIBLE
FR-780536,2025-02-02,2025-02-05,UPS,Marseille Port Depot,Troyes,351.6,986.6,Retardé,petit_camion,155.74,6dcb5f2757af7881,0abc8fca0b75c6ed,48.33889,4.02581,3.0,41.6266,ÉLEVÉ
FR-874957,2025-12-31,,Kuehne+Nagel,Marseille Port Depot,Ajaccio,2076.9,141.1,En transit,train,192.04,bebe00cf88981ebb,b653b7af55b72c46,42.00832,8.71238,,8.2054,MOYEN
FR-898713,2024-12-07,2024-12-20,Unknown,Marseille Port Depot,Marseille,1727.8,112.7,Retardé,train,220.12,dcc4a7b2cb980dd1,75c8be5dd5438000,43.31469,5.39529,13.0,5.4522,ÉLEVÉ
FR-709231,2025-02-21,2025-03-05,DB Schenker,Bordeaux Logistics Park,Strasbourg,6185.0,805.8,Livré,train,415.99,2bfcfe607c0a5f31,e64c543cefc4c3d5,48.55892,7.76125,12.0,139.5484,FAIBLE
FR-785460,2025-03-29,2025-04-09,GLS,Marseille Port Depot,Auxerre,1575.0,422.5,Livré,gros_camion,338.34,a411faa4604af305,d858990f3c7c17c6,47.74915,3.60929,11.0,139.7419,FAIBLE
FR-735154,2025-05-15,2025-05-28,Unknown,Bordeaux Logistics Park,Perpignan,48.6,722.9,Livré,fourgonnette,13.41,ba4df4a50d5ef322,1300ca7f8d2ffb0c,42.57288,2.92594,13.0,2.8106,FAIBLE
FR-773318,2024-10-12,,Kuehne+Nagel,Marseille Port Depot,Reims,4978.0,965.8,En attente,gros_camion,615.14,ddd94bb935d6fc90,93a64b653781560c,49.28936,3.23424,,1009.628,AUCUN
FR-494414,2024-07-13,2024-07-21,GLS,Lyon Distribution Center,Nantes,140.8,796.6,Livré,avion,442.85,b4b018a4be786430,e28d99a48184e318,47.25184,-1.60916,8.0,106.5532,FAIBLE
FR-673792,2024-08-21,2024-08-29,DHL,Marseille Port Depot,Bordeaux,7580.5,1137.9,Retardé,train,405.76,076d9a82acb00f0c,8a158079e67cbf33,44.83391,-0.46516,8.0,241.5238,ÉLEVÉ
FR-217715,2025-03-14,2025-03-18,Unknown,Paris-CDG Hub,Colmar,41.6,604.2,Retourné,fourgonnette,18.36,bebe00cf88981ebb,f3ed541f4cb0fa87,48.0685,7.32357,4.0,2.0108,AUCUN
FR-490958,2025-10-16,2025-10-21,GLS,Lyon Distribution Center,Marseille,132.5,743.0,Livré,avion,440.0,6e21cb30cd3271a9,f92856647476fb89,43.29025,5.35909,5.0,93.5251,AUCUN
FR-659190,2025-04-20,2025-04-28,DB Schenker,Paris-CDG Hub,Strasbourg,6838.5,108.4,Retourné,train,316.53,6b16b395ec3a9551,b8af3385fda25b58,48.50566,7.78962,8.0,20.7562,AUCUN
FR-366634,2026-02-17,,UPS,Bordeaux Logistics Park,Perpignan,32.4,478.5,En transit,fourgonnette,14.72,abbd60b0df7fec89,3126776618c5543b,42.75892,2.92399,,1.2403,MOYEN
FR-705726,2026-04-14,2026-04-21,GLS,Paris-CDG Hub,Paris,27.5,529.3,Livré,fourgonnette,13.32,d21c62bed959dcf6,c4784d554d397795,48.89298,2.30388,7.0,1.1645,FAIBLE
FR-493174,2025-07-25,2025-07-30,Unknown,Marseille Port Depot,Aix-en-Provence,1816.2,1182.1,Livré,gros_camion,497.95,b6a35244625ccc34,4fc77f3a9f423025,43.56296,5.50244,5.0,450.8553,AUCUN
FR-117942,2025-10-01,2025-10-03,FedEx,Paris-CDG Hub,Bordeaux,6337.1,346.0,Livré,train,287.33,867749e4b7692143,a97a8dbfec7244cd,44.85431,-0.53009,2.0,61.3938,AUCUN
FR-293059,2024-08-12,2024-08-18,XPO Logistics,Paris-CDG Hub,Marseille,6035.3,399.5,Livré,train,364.04,2210da77fef00168,fa327b753f7e721f,43.28733,5.40332,6.0,67.5109,FAIBLE
FR-957353,2024-05-18,2024-05-23,FedEx,Bordeaux Logistics Park,Nice,97.4,1002.1,Retardé,avion,323.75,bebe00cf88981ebb,f57cb471c880b02e,43.71522,7.29258,5.0,92.7243,ÉLEVÉ
FR-265375,2026-02-13,,Chronopost,Marseille Port Depot,Paris,3265.2,402.3,En transit,gros_camion,400.99,6dcb5f2757af7881,1eaed1682559ec5a,48.82192,2.39616,,275.8539,MOYEN
FR-980082,2025-08-08,,GLS,Lyon Distribution Center,Nantes,1752.8,270.8,En transit,gros_camion,347.86,4e3a294f61cb834d,4f16f1bc7dc4e235,47.22238,-1.48562,,99.6782,MOYEN
FR-202262,2024-07-24,,Unknown,Lyon Distribution Center,Chartres,801.0,735.4,En attente,train,256.78,77a37e0c1eabf2ac,206044d4ff2448f5,48.43793,1.44285,,16.4936,AUCUN
FR-934416,2024-07-30,2024-08-10,FedEx,Marseille Port Depot,Nantes,4574.4,300.3,Livré,gros_camion,415.84,5544f6afe2c2fa55,288946c035a9ddb6,47.23486,-1.52641,11.0,288.4754,FAIBLE
FR-395519,2025-11-02,2025-11-15,DHL,Marseille Port Depot,Nice,4646.6,1108.6,Livré,gros_camion,544.74,4d783fa3092cb304,159f72a957e3ba0c,43.63993,7.28814,13.0,1081.7564,FAIBLE
FR-730856,2025-04-18,2025-04-24,FedEx,Lyon Distribution Center,Colmar,47.1,940.1,Retardé,fourgonnette,12.75,6b16b395ec3a9551,c57e42cb7b645b91,48.06176,7.3133,6.0,3.5423,ÉLEVÉ
FR-883227,2025-07-18,2025-07-20,XPO Logistics,Marseille Port Depot,Rouen,402.3,327.0,Livré,petit_camion,127.8,bebe00cf88981ebb,e9d8e31dfa088bbc,49.45017,1.13902,2.0,15.7863,AUCUN
FR-175764,2024-04-29,2024-05-03,UPS,Lyon Distribution Center,Toulouse,3771.1,149.9,Retardé,train,233.38,b1a521ada32f8bf9,d55a7befd79d39d8,43.57314,1.47378,4.0,15.8281,ÉLEVÉ
FR-357789,2025-10-06,2025-10-09,XPO Logistics,Marseille Port Depot,Montpellier,180.6,437.9,Retardé,avion,398.51,7762a147989c85a8,83eeed600e8c5be6,43.6303,3.93993,3.0,75.1305,ÉLEVÉ
FR-651015,2026-02-01,2026-02-14,XPO Logistics,Paris-CDG Hub,Paris,120.3,787.2,Livré,petit_camion,83.08,a7343d238975093d,ccbffcc55d7d07f0,48.83974,2.36904,13.0,11.364,FAIBLE
FR-946572,2025-02-16,2025-02-27,DB Schenker,Lyon Distribution Center,Toulouse,118.3,185.2,Livré,petit_camion,73.6,737b27ae09a06d30,eb5bba720c6911bb,43.55373,1.46194,11.0,2.6291,FAIBLE
FR-450477,2024-12-16,,UPS,Paris-CDG Hub,Strasbourg,16.8,1175.8,En transit,avion,203.03,afdb5de261053424,ac57737f254ddb46,48.52848,7.73856,,18.7658,MOYEN
FR-219805,2025-01-11,,DB Schenker,Paris-CDG Hub,Lille,17.5,1015.8,En transit,fourgonnette,10.18,2bfcfe607c0a5f31,bbdbbbf37e9753a9,50.64147,3.07046,,1.4221,MOYEN
FR-463053,2025-08-30,,Chronopost,Paris-CDG Hub,Rennes,5715.6,1141.7,En attente,train,353.13,5bb1ecc8ac6edde3,fbc24723e0a30c3c,48.19603,-1.73754,,182.714,AUCUN
FR-885067,2024-12-15,2024-12-28,GLS,Bordeaux Logistics Park,Lille,5693.1,1170.4,Livré,train,436.01,184fcccb030ef7f7,ee9d6a5d6626f9cf,50.5469,3.05601,13.0,186.5697,FAIBLE
FR-416919,2026-01-05,,GLS,Paris-CDG Hub,Strasbourg,4804.2,305.0,En attente,gros_camion,422.69,bebe00cf88981ebb,371239711ccf028c,48.6449,7.76215,,307.709,AUCUN
FR-115958,2025-01-04,2025-01-17,Kuehne+Nagel,Lyon Distribution Center,Clermont-Ferrand,505.2,640.9,Livré,petit_camion,130.53,dc995e4ea96bebf0,2501eb1c2225deb2,45.79651,3.08538,13.0,38.8539,FAIBLE
FR-100290,2025-07-04,2025-07-15,Unknown,Bordeaux Logistics Park,Bordeaux,412.5,893.1,Livré,petit_camion,110.9,213616dfc61bfad5,1fff7819bc58545c,44.86443,-0.5795,11.0,44.2084,FAIBLE
FR-627735,2025-04-30,,Unknown,Bordeaux Logistics Park,Grenoble,8.0,310.2,En transit,fourgonnette,10.76,93141cbfc2990e76,e7e001a40aaefeb5,45.20086,5.76257,,0.1985,MOYEN
FR-999648,2025-09-29,2025-10-09,XPO Logistics,Paris-CDG Hub,Lyon,3336.5,835.5,Livré,gros_camion,457.08,737b27ae09a06d30,5d8820bcddf47fe2,45.82865,4.78847,10.0,585.4056,FAIBLE
FR-321586,2025-03-23,,Chronopost,Bordeaux Logistics Park,Lille,313.4,1042.7,En transit,petit_camion,97.77,75a44226210eb23d,059f450fb9ed89a0,50.68931,3.01286,,39.2139,MOYEN
FR-141583,2026-03-13,2026-03-17,DHL,Bordeaux Logistics Park,Strasbourg,35.5,589.3,Livré,avion,205.34,fb9a24e0a82c372f,3e74b0355e3a8ef2,48.68381,7.71644,4.0,19.8741,AUCUN
FR-423227,2024-08-16,,DHL,Marseille Port Depot,Rennes,325.3,158.6,En transit,petit_camion,85.53,2debffb0c60c520e,282541f137b761c3,48.12332,-1.66069,,6.1911,MOYEN
FR-732995,2025-11-24,2025-12-02,Unknown,Lyon Distribution Center,Orléans,5202.3,1080.5,Livré,train,322.69,a411faa4604af305,eeb25c03b8dfea90,47.85189,1.92335,8.0,157.3904,FAIBLE
FR-772982,2024-12-21,2024-12-30,DHL,Marseille Port Depot,Nice,,895.1,Livré,gros_camion,302.8,176085ab92f665ad,e6fc3da6c7014b51,43.75507,7.19065,9.0,0.0,FAIBLE
FR-437429,2024-09-29,2024-10-01,Chronopost,Marseille Port Depot,Dunkerque,1934.8,1125.5,Retardé,gros_camion,357.35,2bfcfe607c0a5f31,b4c11f5294c0df58,50.99289,2.34222,2.0,457.2997,ÉLEVÉ
FR-551180,2024-07-23,,UPS,Marseille Port Depot,Bastia,3.7,1017.1,En attente,avion,338.94,6ab1a44406435c4c,c60fe189195ffac2,42.6295,9.39143,,3.5751,AUCUN
FR-692622,2025-07-06,,XPO Logistics,Bordeaux Logistics Park,Lyon,3854.1,463.1,En transit,train,232.95,dcc4a7b2cb980dd1,e6b300a8c354e50b,45.7192,4.84925,,49.9753,MOYEN
FR-293607,2025-07-03,2025-07-16,UPS,Lyon Distribution Center,Perpignan,3969.3,829.8,Livré,gros_camion,455.73,b6a35244625ccc34,e8d585fc5e0eb9cc,42.61152,2.94317,13.0,691.6823,FAIBLE
FR-697987,2024-08-06,2024-08-12,Unknown,Lyon Distribution Center,Nice,,978.3,Livré,fourgonnette,11.96,e05e06b51a7aca3c,f0b8d9f1f897f48c,43.81525,7.17404,6.0,0.0,FAIBLE
FR-798119,2025-07-08,,UPS,Lyon Distribution Center,Lille,169.2,345.3,En transit,avion,239.03,ae8ce543547ae3d4,6455663a0de9707b,50.66811,3.03331,,55.5035,MOYEN
FR-946162,2024-10-22,2024-10-23,UPS,Lyon Distribution Center,Bordeaux,3253.9,55.3,Livré,gros_camion,378.07,dc995e4ea96bebf0,e59d308c0e2db0d5,44.79139,-0.49206,1.0,37.7875,AUCUN
FR-241448,2025-10-17,,DB Schenker,Marseille Port Depot,Nantes,,889.8,En transit,gros_camion,537.42,a7343d238975093d,d745a0a886469c23,47.23747,-1.55903,,0.0,MOYEN
FR-165783,2024-08-31,2024-09-12,DHL,Marseille Port Depot,Toulouse,5691.6,984.5,Livré,train,451.52,2debffb0c60c520e,022a071df469818d,43.56294,1.54035,12.0,156.8946,FAIBLE
FR-187597,2024-06-08,2024-06-20,UPS,Marseille Port Depot,Le Mans,589.8,674.1,Retardé,petit_camion,123.32,80c6e1b004c4d98c,0534d743cc777352,47.95459,0.11849,12.0,47.7101,ÉLEVÉ
FR-832403,2026-04-22,,Unknown,Lyon Distribution Center,Grenoble,36.0,32.6,En attente,fourgonnette,7.98,6ab1a44406435c4c,5efc6b914e686fdf,45.21736,5.76052,,0.0939,AUCUN
FR-465314,2025-09-22,2025-09-30,FedEx,Paris-CDG Hub,Metz,4950.8,955.9,Livré,gros_camion,607.35,4761f7fa3a69433b,972ab2511059043a,49.11181,6.19386,8.0,993.8186,FAIBLE
FR-803636,2024-07-19,,DHL,Marseille Port Depot,Annecy,2710.8,936.9,En attente,gros_camion,402.06,64be089ea6398de1,7e22977a31b0d41f,45.85894,6.11641,,533.3472,AUCUN
FR-913941,2024-11-09,,XPO Logistics,Bordeaux Logistics Park,Le Havre,3.4,403.6,En attente,avion,253.8,f057aa1333d44acb,47a84e58dbe591f3,49.49198,0.08263,,1.3036,AUCUN
FR-477744,2024-08-28,,GLS,Lyon Distribution Center,Bordeaux,2820.8,948.9,En transit,gros_camion,398.37,b5eaeda6f050b47c,e1e2e6c538d5c24f,44.85854,-0.62965,,562.098,MOYEN
FR-584993,2025-10-04,2025-10-10,DHL,Paris-CDG Hub,Lille,1431.5,1133.1,Livré,train,254.93,ccd16f4072984dcc,6ddc761e0b93893e,50.60954,3.11751,6.0,45.4169,FAIBLE
FR-156682,2026-03-08,2026-03-13,Unknown,Lyon Distribution Center,Toulouse,39.0,417.8,Livré,fourgonnette,16.4,588860b1c06a5a7a,bafbba5cb8919ad6,43.60228,1.45237,5.0,1.3035,AUCUN
FR-288151,2026-03-04,2026-03-11,Unknown,Marseille Port Depot,Paris,213.5,673.9,Retardé,petit_camion,97.69,309f7e2638c05965,5f4f284a3b56366b,48.83363,2.39635,7.0,17.2653,ÉLEVÉ
FR-953113,2025-01-04,2025-01-14,Unknown,Marseille Port Depot,Rennes,70.1,855.2,Retardé,avion,337.16,c3c93bf263ad82fc,7b0e87a0f746265a,48.14929,-1.74364,10.0,56.952,ÉLEVÉ
FR-216070,2025-03-21,2025-03-24,UPS,Paris-CDG Hub,Mulhouse,18.3,699.9,Livré,avion,179.18,577bd3cc79f49864,dd15dd8fc2f8a5bb,47.78466,7.29472,3.0,12.1678,AUCUN
FR-149108,2026-01-28,,FedEx,Bordeaux Logistics Park,Marseille,37.0,874.7,En transit,fourgonnette,12.92,2e77fde05867cb62,ab99c37389377e48,43.36304,5.35283,,2.5891,MOYEN
FR-894303,2025-03-19,2025-03-20,DB Schenker,Marseille Port Depot,Paris,6848.9,412.9,Retardé,train,381.63,a9bc7e3c6079a06c,522df092907c7532,48.84475,2.24955,1.0,79.1815,ÉLEVÉ
FR-198705,2026-01-30,2026-02-09,Kuehne+Nagel,Paris-CDG Hub,Marseille,193.1,615.1,Livré,petit_camion,92.44,2a457c97836df9d7,082a337e972e26c3,43.2927,5.34553,10.0,14.2531,FAIBLE
FR-940210,2025-06-18,2025-06-27,XPO Logistics,Paris-CDG Hub,Lyon,35.0,750.7,Livré,avion,233.4,d21c62bed959dcf6,93ab3f231400f4cb,45.73167,4.86447,9.0,24.9608,FAIBLE
FR-187743,2025-11-03,,GLS,Lyon Distribution Center,Mulhouse,221.5,845.3,En attente,avion,482.5,3275c62b4a30ee93,7382c765401eef82,47.76748,7.33378,,177.8723,AUCUN
FR-307687,2025-07-01,2025-07-10,Chronopost,Marseille Port Depot,Rennes,9.9,1047.4,Livré,fourgonnette,19.92,97c134953eabb671,c1a3fee04c6d5232,48.12957,-1.62503,9.0,0.8295,FAIBLE
FR-906888,2025-11-10,2025-11-19,UPS,Marseille Port Depot,Nice,202.7,736.5,Livré,avion,325.99,6e21cb30cd3271a9,be61ba25cf3bf0aa,43.75129,7.34492,9.0,141.8241,FAIBLE
FR-673645,2025-09-29,2025-10-02,Unknown,Marseille Port Depot,Le Havre,5940.6,250.7,Livré,train,323.86,60d3bd00a0e40db3,52b1ecbeae567b0e,49.43859,0.0731,3.0,41.7006,AUCUN
FR-646063,2025-08-29,2025-09-04,Chronopost,Lyon Distribution Center,Rennes,235.7,119.9,Retardé,petit_camion,74.25,2e49ed8efc869923,38947642d7b4f7f9,48.11623,-1.63999,6.0,3.3913,ÉLEVÉ
FR-513218,2025-11-28,,Chronopost,Paris-CDG Hub,Annecy,4238.7,232.9,En transit,train,277.05,ff07dd0896d16f31,dec54e72254a8eb8,45.93182,6.16352,,27.6414,MOYEN
FR-815127,2024-05-08,2024-05-09,GLS,Paris-CDG Hub,Lille,17.1,707.2,Livré,fourgonnette,14.97,cca89aaad52adbdd,ea35ec0ebe649e90,50.57001,3.00806,1.0,0.9674,AUCUN
FR-512720,2025-03-23,2025-04-05,DHL,Lyon Distribution Center,Brest,2844.7,967.4,Retardé,gros_camion,496.19,c3c93bf263ad82fc,31955826ee61ab85,48.38503,-4.4703,13.0,577.9122,ÉLEVÉ
FR-760975,2024-12-11,,XPO Logistics,Bordeaux Logistics Park,Chambéry,581.6,1147.8,En transit,petit_camion,172.58,286f327fca2fc8f0,545bdfe9553443f4,45.50425,5.92642,,80.1073,MOYEN
FR-516110,2025-04-12,2025-04-17,GLS,Marseille Port Depot,Bordeaux,2768.4,771.4,Livré,train,330.24,6b16b395ec3a9551,2b155146e7210efd,44.85924,-0.57031,5.0,59.7952,AUCUN
FR-685179,2025-08-10,2025-08-15,Unknown,Marseille Port Depot,Caen,1.4,755.0,Livré,fourgonnette,14.11,be6b5843204f29e6,f57a1b5235f0cc93,49.16166,-0.40389,5.0,0.0846,AUCUN
FR-333901,2025-11-16,,FedEx,Marseille Port Depot,Toulouse,7020.9,140.3,En transit,train,340.12,2bfcfe607c0a5f31,3cf0d42ceb5cc4ba,43.60389,1.42835,,27.5809,MOYEN
FR-523817,2024-12-20,,FedEx,Bordeaux Logistics Park,Limoges,32.1,375.3,En attente,fourgonnette,12.97,e99e31c1b5468d2d,a81404032110811e,45.84718,1.26678,,0.9638,AUCUN
FR-370241,2024-10-15,,GLS,Lyon Distribution Center,Amiens,599.6,886.3,En attente,petit_camion,120.93,420ccf90b5c7ed29,db23f0a76c17c9e5,49.87369,2.26973,,63.7711,AUCUN
FR-490612,2024-10-29,2024-11-02,GLS,Bordeaux Logistics Park,Lyon,7100.5,585.2,Livré,train,359.26,fb9a24e0a82c372f,bea84dc2f0b463f9,45.75856,4.76698,4.0,116.346,AUCUN
FR-560108,2025-07-23,2025-07-29,GLS,Paris-CDG Hub,Bordeaux,4453.3,458.3,Retardé,gros_camion,511.57,0b9d5daff036d6da,fccb6cdebd0f4966,44.77628,-0.60965,6.0,428.599,ÉLEVÉ
FR-675832,2024-07-17,2024-07-24,FedEx,Paris-CDG Hub,Strasbourg,65.9,1095.7,Retardé,avion,220.22,0a09e9b5dbb0d8ab,5d92ea56b79b5b05,48.57705,7.75109,7.0,68.5963,ÉLEVÉ
FR-830585,2025-05-25,2025-05-26,DHL,Lyon Distribution Center,Nice,721.0,1124.8,Livré,petit_camion,188.25,dcc4a7b2cb980dd1,41170c0b086068e5,43.74635,7.30671,1.0,97.3177,AUCUN
FR-568908,2025-12-26,2025-12-31,Unknown,Lyon Distribution Center,Nantes,284.5,164.9,Livré,petit_camion,102.79,4f34261f7c38ba0c,729428d0378a82cf,47.16038,-1.48201,5.0,5.6297,AUCUN
FR-667170,2025-09-19,2025-09-28,UPS,Lyon Distribution Center,Lyon,47.0,778.6,Livré,fourgonnette,11.61,b5d62e25e9a7adb6,2269a75a1a617e4c,45.72493,4.84286,9.0,2.9275,FAIBLE
FR-274830,2025-07-24,,UPS,Lyon Distribution Center,Caen,1820.7,1103.3,En transit,train,228.83,afdb5de261053424,8c934e52f78facfd,49.21186,-0.33006,,56.2458,MOYEN
FR-901435,2025-05-24,2025-06-01,Chronopost,Bordeaux Logistics Park,Clermont-Ferrand,4074.3,324.7,Retourné,gros_camion,406.97,50b6dd7a25a72160,f56a1903f8f5d2d3,45.72937,3.12285,8.0,277.8143,AUCUN
FR-237948,2025-02-24,,XPO Logistics,Bordeaux Logistics Park,Rennes,405.8,1037.3,En transit,petit_camion,114.36,6a5796584ab1ac8a,ccd3f06568472420,48.15962,-1.64167,,50.5124,MOYEN
FR-376111,2026-02-28,,Unknown,Paris-CDG Hub,Nice,3905.9,1046.4,En transit,train,304.95,cca89aaad52adbdd,4e8dbb1c98024926,43.80198,7.30779,,114.4397,MOYEN
FR-329645,2026-01-18,2026-01-29,DHL,Marseille Port Depot,Mulhouse,1116.6,68.4,Livré,gros_camion,287.95,abbd60b0df7fec89,d2fed96bcc3cd02f,47.77645,7.34826,11.0,16.0388,FAIBLE
FR-744344,2025-07-31,2025-08-07,DHL,Paris-CDG Hub,Paris,26.3,191.6,Livré,fourgonnette,15.23,dc995e4ea96bebf0,3c325aacc1fdc5b2,48.86521,2.35989,7.0,0.4031,FAIBLE
FR-977273,2024-07-09,2024-07-15,FedEx,Bordeaux Logistics Park,Rennes,100.1,20.3,Retardé,petit_camion,50.64,232c9d11c882ea2c,660ede382377aafa,48.11642,-1.75801,6.0,0.2438,ÉLEVÉ
FR-472965,2024-06-18,2024-06-22,FedEx,Paris-CDG Hub,Strasbourg,5352.0,270.4,Livré,train,321.13,4761f7fa3a69433b,b5c4024c93d9d563,48.53683,7.81693,4.0,40.5211,AUCUN
FR-274122,2024-07-09,2024-07-21,GLS,Bordeaux Logistics Park,Nice,5034.7,805.7,Retardé,train,359.29,ae8ce543547ae3d4,d20659db053e523f,43.72335,7.17634,12.0,113.5808,ÉLEVÉ
FR-664973,2025-06-14,2025-06-15,UPS,Bordeaux Logistics Park,Marseille,772.0,785.4,Livré,petit_camion,153.37,420ccf90b5c7ed29,330128c8716c9c6d,43.23542,5.34519,1.0,72.7595,AUCUN
FR-987555,2026-02-19,2026-03-04,XPO Logistics,Paris-CDG Hub,Bordeaux,30.3,70.5,Retardé,fourgonnette,15.65,7762a147989c85a8,8be1d2a18fbaae56,44.89216,-0.59595,13.0,0.1709,ÉLEVÉ
FR-374365,2026-01-23,2026-01-26,Chronopost,Lyon Distribution Center,Nantes,56.6,867.9,Retourné,petit_camion,86.32,4dc658302b612f5c,e14e0d8eb0b91bc1,47.18455,-1.5171,3.0,5.8948,AUCUN
FR-267829,2024-07-13,,DHL,Paris-CDG Hub,Chambéry,13.7,864.9,En attente,fourgonnette,16.31,c0fdb3ce997f47fa,1373d64e2ec09f4d,45.60964,5.9112,,0.9479,AUCUN
FR-364704,2024-05-16,2024-05-22,DHL,Paris-CDG Hub,Lille,86.2,675.8,Livré,petit_camion,101.27,d1d9c071e6672d29,439b72d9431a4ed2,50.65193,3.08487,6.0,6.9905,FAIBLE
FR-621908,2024-06-20,2024-06-21,Unknown,Paris-CDG Hub,Bordeaux,,1197.0,Retourné,train,534.21,286f327fca2fc8f0,629bc1582d9be3db,44.81581,-0.48973,1.0,0.0,AUCUN
FR-604460,2024-08-09,2024-08-10,FedEx,Bordeaux Logistics Park,Bordeaux,105.9,281.8,Retardé,avion,306.93,5544f6afe2c2fa55,46b9c0c0e484e015,44.80496,-0.49539,1.0,28.3505,ÉLEVÉ
FR-229210,2025-11-27,2025-11-30,Kuehne+Nagel,Lyon Distribution Center,Paris,,750.7,Livré,gros_camion,421.18,bcda6b0629bed55e,069d191bf994c037,48.83647,2.32685,3.0,0.0,AUCUN
FR-721203,2024-12-13,,FedEx,Lyon Distribution Center,Nantes,1227.8,718.1,En transit,train,305.0,d21c62bed959dcf6,feb0fd1904b1ad6d,47.18436,-1.50238,,24.6871,MOYEN
FR-228338,2025-05-30,,DB Schenker,Lyon Distribution Center,Toulouse,707.0,71.3,En transit,petit_camion,108.85,fb9a24e0a82c372f,08fcd19b0dbeb111,43.47234,1.42602,,6.0491,MOYEN
FR-779739,2024-08-06,2024-08-11,Chronopost,Lyon Distribution Center,Grenoble,132.8,63.5,Retardé,avion,189.9,232c9d11c882ea2c,eaeed7188f22055b,45.26786,5.66191,5.0,8.0112,ÉLEVÉ
FR-593259,2025-01-10,2025-01-15,DHL,Paris-CDG Hub,Saint-Étienne,6053.0,933.8,Retardé,train,328.04,737b27ae09a06d30,e858de826f77bdb5,45.45986,4.43221,5.0,158.2642,ÉLEVÉ
FR-882697,2024-11-16,,XPO Logistics,Bordeaux Logistics Park,Metz,2115.8,1033.6,En attente,train,283.48,c3c93bf263ad82fc,9fbfe23f1b102399,49.175,6.14612,,61.2329,AUCUN
FR-788014,2025-11-20,2025-11-26,GLS,Bordeaux Logistics Park,Toulouse,154.3,475.9,Livré,avion,302.66,60d3bd00a0e40db3,b605d0cd1173cb1f,43.60903,1.48135,6.0,69.7598,FAIBLE
FR-566568,2024-10-03,2024-10-06,FedEx,Paris-CDG Hub,Amiens,566.1,760.4,Livré,petit_camion,121.51,afdb5de261053424,c51a9aa7836b3ff1,49.92693,2.23004,3.0,51.6555,AUCUN
FR-109074,2026-04-22,,DB Schenker,Bordeaux Logistics Park,Marseille,576.1,149.3,En transit,petit_camion,93.28,ba12f74cff0e9464,d20f3102647c6ce1,43.2798,5.30486,,10.3214,MOYEN
FR-346763,2026-04-01,2026-04-12,DHL,Marseille Port Depot,Nantes,760.0,1066.7,Livré,petit_camion,199.97,b8ed8df564cec2ef,b5765d065dcfeb90,47.23825,-1.61351,11.0,97.283,FAIBLE
FR-949106,2025-10-21,2025-10-30,Kuehne+Nagel,Paris-CDG Hub,Avignon,5334.8,1089.3,Livré,train,406.76,b8ed8df564cec2ef,0fd0a3b297005463,44.04494,4.76422,9.0,162.7135,FAIBLE
FR-791441,2026-04-16,2026-04-23,Chronopost,Paris-CDG Hub,Vannes,364.3,588.3,Livré,petit_camion,129.75,97c134953eabb671,684f05acd82e1660,47.72737,-2.75337,7.0,25.7181,FAIBLE
FR-636479,2025-04-17,2025-04-28,DB Schenker,Paris-CDG Hub,Clermont-Ferrand,41.2,467.2,Retardé,avion,262.13,5bb1ecc8ac6edde3,e8f33ab6d26641b8,45.76777,3.07704,11.0,18.2862,ÉLEVÉ
FR-625568,2025-04-22,2025-05-03,FedEx,Marseille Port Depot,Toulouse,382.5,729.4,Livré,petit_camion,99.18,d0443b3d89fde63f,41e4ca61dacb7e07,43.6614,1.49258,11.0,33.4795,FAIBLE
FR-926710,2025-07-15,,Kuehne+Nagel,Bordeaux Logistics Park,Lille,814.6,1046.3,En attente,gros_camion,327.83,7334ee7ff8765e16,19278e56d1acb01a,50.64198,3.10016,,178.9864,AUCUN
FR-851869,2025-08-31,2025-09-01,Chronopost,Paris-CDG Hub,Marseille,230.5,1198.5,Livré,avion,441.23,a411faa4604af305,169cc38804e1b2a6,43.31965,5.38833,1.0,262.4415,AUCUN
FR-949219,2025-12-13,2025-12-24,GLS,Marseille Port Depot,Lille,44.9,736.1,Retardé,fourgonnette,16.73,2e77fde05867cb62,b77bfb0735a635a3,50.63604,3.0546,11.0,2.6441,ÉLEVÉ
FR-745697,2025-09-14,,GLS,Paris-CDG Hub,Dijon,1330.5,452.2,En transit,gros_camion,321.49,144818883fd1fd2e,3218ae15e0587006,47.42948,5.00465,,126.3469,MOYEN
FR-714484,2026-03-24,2026-04-01,DHL,Lyon Distribution Center,Nice,3731.9,480.9,Livré,gros_camion,386.88,50b6dd7a25a72160,26c18ade272349da,43.68667,7.19137,8.0,376.8808,FAIBLE
FR-753332,2025-05-18,2025-05-21,DB Schenker,Paris-CDG Hub,Strasbourg,3492.6,415.5,Retardé,gros_camion,355.63,1e3f6890d2ddffa6,d22d215f11410cc1,48.62175,7.7306,3.0,304.7468,ÉLEVÉ
FR-564279,2025-08-26,,Chronopost,Paris-CDG Hub,Nantes,47.1,284.1,En attente,avion,191.63,3275c62b4a30ee93,795e0d2a064b23ec,47.14564,-1.51009,,12.7121,AUCUN
FR-258116,2024-05-20,2024-05-29,Kuehne+Nagel,Marseille Port Depot,Troyes,76.4,937.4,Retardé,avion,285.28,6dd72298f13e566b,d1504e184700f7c5,48.32938,4.15921,9.0,68.0365,ÉLEVÉ
FR-694399,2025-02-08,,GLS,Marseille Port Depot,Le Havre,3236.2,635.4,En transit,train,232.53,64be089ea6398de1,2a9a85e62445a44b,49.46231,0.13297,,57.5759,MOYEN
FR-835584,2025-08-04,2025-08-17,DB Schenker,Marseille Port Depot,Le Havre,3778.2,944.5,Retardé,gros_camion,455.85,bebe00cf88981ebb,b541eede28b7387c,49.40542,0.07058,13.0,749.3871,ÉLEVÉ
FR-819671,2024-05-01,2024-05-03,XPO Logistics,Paris-CDG Hub,Reims,4905.4,201.9,Livré,train,219.78,649f91ae50effe2e,7b1d2237eb2bd327,49.24457,3.34477,2.0,27.7312,AUCUN
FR-279852,2025-12-22,2026-01-01,Chronopost,Bordeaux Logistics Park,Lille,797.8,820.2,Retourné,petit_camion,165.27,6e21cb30cd3271a9,dcfccf99bfa06eb4,50.71134,3.05334,10.0,78.5227,AUCUN
FR-240061,2025-05-03,2025-05-09,DHL,Bordeaux Logistics Park,Rouen,16.6,844.5,Retardé,fourgonnette,17.48,89b72f42de629ac1,b2ecf9de791b43e6,49.40586,1.08793,6.0,1.1215,ÉLEVÉ
FR-524574,2025-06-10,,DB Schenker,Lyon Distribution Center,Reims,1420.6,621.7,En attente,train,297.46,286f327fca2fc8f0,8b771e4426b774a0,49.23195,3.26904,,24.7292,AUCUN
FR-807906,2025-09-16,2025-09-21,Chronopost,Lyon Distribution Center,Le Mans,45.1,994.1,Livré,fourgonnette,13.47,649f91ae50effe2e,7c557d1cbe853f24,47.93702,0.11901,5.0,3.5867,AUCUN
FR-829178,2025-08-15,2025-08-27,Unknown,Paris-CDG Hub,Lille,27.6,1101.8,Retardé,avion,389.06,588860b1c06a5a7a,522357b07e827da2,50.576,3.04837,12.0,28.8892,ÉLEVÉ
FR-900978,2024-08-01,2024-08-05,GLS,Bordeaux Logistics Park,Quimper,45.6,470.8,Livré,fourgonnette,11.43,6ab1a44406435c4c,c37b54ed8b050c49,47.9939,-4.17332,4.0,1.7175,AUCUN
FR-379746,2026-04-21,2026-04-24,Chronopost,Marseille Port Depot,Toulouse,2.8,650.3,Livré,fourgonnette,9.92,ff07dd0896d16f31,149e206179e235f8,43.60662,1.52724,3.0,0.1457,AUCUN
FR-894641,2024-12-17,,Kuehne+Nagel,Bordeaux Logistics Park,Lille,26.0,38.1,En transit,fourgonnette,16.0,964fb47ecc48fb44,8698ad2ad85e1e52,50.70665,3.13161,,0.0792,MOYEN
FR-637698,2026-03-09,2026-03-19,UPS,Bordeaux Logistics Park,Tours,201.5,1163.9,Livré,petit_camion,111.32,867749e4b7692143,12ed535ac5ae157d,47.3831,0.6932,10.0,28.1431,FAIBLE
FR-631976,2025-04-18,,DHL,Paris-CDG Hub,Lille,3382.4,1024.0,En attente,train,370.12,286f327fca2fc8f0,669bb9019fc74d72,50.57194,3.06749,,96.9802,AUCUN
FR-885522,2025-08-15,,UPS,Paris-CDG Hub,Le Havre,17.3,781.3,En attente,fourgonnette,15.97,a9bc7e3c6079a06c,94730ca2d5965233,49.47556,0.03415,,1.0813,AUCUN
FR-994236,2025-11-30,2025-12-08,DHL,Bordeaux Logistics Park,Rennes,5850.3,957.6,Retardé,train,454.68,076d9a82acb00f0c,12520032fa5c30ec,48.15261,-1.65758,8.0,156.8629,ÉLEVÉ
FR-972163,2026-02-09,2026-02-16,XPO Logistics,Paris-CDG Hub,Toulouse,185.8,312.5,Retardé,avion,407.72,2debffb0c60c520e,c936ed86d50cd986,43.55421,1.41461,7.0,55.1594,ÉLEVÉ
FR-811658,2024-09-09,2024-09-20,GLS,Marseille Port Depot,Strasbourg,518.8,959.8,Retardé,petit_camion,117.78,b5d62e25e9a7adb6,e19d90860f8f428e,48.55967,7.80943,11.0,59.7533,ÉLEVÉ
FR-499953,2025-09-01,2025-09-09,DHL,Bordeaux Logistics Park,Bourges,31.9,582.2,Retardé,fourgonnette,17.82,a411faa4604af305,dbde548aac87f4aa,47.12517,2.36614,8.0,1.4858,ÉLEVÉ
FR-253972,2025-10-09,2025-10-17,Unknown,Marseille Port Depot,Aix-en-Provence,37.4,34.4,Livré,fourgonnette,13.4,2bfcfe607c0a5f31,f928ddea173c5ecc,43.6491,5.43328,8.0,0.1029,FAIBLE
FR-555884,2025-08-27,,Kuehne+Nagel,Marseille Port Depot,Grenoble,52.7,1138.2,En attente,avion,429.31,97c134953eabb671,61820b517ac54033,45.15631,5.63001,,56.984,AUCUN
FR-262935,2026-03-09,2026-03-15,Kuehne+Nagel,Lyon Distribution Center,Strasbourg,1562.9,522.6,Livré,gros_camion,363.68,1f5f2617ee232079,cd571fade764cd19,48.64053,7.84445,6.0,171.522,FAIBLE
FR-810375,2025-05-11,2025-05-15,Chronopost,Paris-CDG Hub,Strasbourg,3271.0,253.4,Livré,gros_camion,373.17,94f32f590e70c04a,ceb5794b34e26f83,48.56756,7.80595,4.0,174.063,AUCUN
FR-893391,2026-04-04,2026-04-13,UPS,Marseille Port Depot,Lyon,29.8,228.6,Livré,fourgonnette,9.78,45466476afe9982a,7bcb53db02285bbe,45.83609,4.83539,9.0,0.545,FAIBLE
FR-594941,2025-05-10,2025-05-20,DB Schenker,Paris-CDG Hub,Nice,130.9,617.4,Livré,avion,304.54,dabcb1d63f05e568,b990c10ef97a7aa7,43.79554,7.12037,10.0,76.7768,FAIBLE
FR-835874,2025-03-31,,DB Schenker,Lyon Distribution Center,Toulouse,62.5,771.2,En attente,avion,206.33,9f825829469aca3d,97c04eb85ffb1680,43.61476,1.44092,,45.79,AUCUN
FR-280586,2025-02-26,2025-03-08,DHL,Marseille Port Depot,Lyon,224.0,100.8,Livré,avion,392.73,2c7e84ab9c91b547,81666643406e5cc3,45.85382,4.91313,10.0,21.4502,FAIBLE
FR-511723,2024-12-29,2025-01-04,GLS,Marseille Port Depot,Clermont-Ferrand,,75.2,Livré,fourgonnette,8.39,be6b5843204f29e6,0961a4f8b00a6d04,45.75471,3.04805,6.0,0.0,FAIBLE
FR-530609,2025-10-28,2025-11-10,XPO Logistics,Paris-CDG Hub,Nice,23.4,273.0,Livré,fourgonnette,15.41,c3c93bf263ad82fc,46f533c014568539,43.62044,7.21682,13.0,0.5111,FAIBLE
FR-213982,2025-01-12,2025-01-24,XPO Logistics,Paris-CDG Hub,Dunkerque,6873.4,959.3,Livré,train,497.38,c3c93bf263ad82fc,6ac4ca058b7f3979,50.9942,2.37939,12.0,184.6223,FAIBLE
FR-243088,2024-06-21,,Chronopost,Marseille Port Depot,Paris,3425.4,1154.5,En attente,gros_camion,584.23,dcc4a7b2cb980dd1,0cee123721936b57,48.91352,2.29956,,830.4711,AUCUN
FR-100570,2024-09-22,2024-09-28,DHL,Marseille Port Depot,Nantes,7658.7,826.0,Livré,train,488.67,94f32f590e70c04a,61c1055358b34645,47.18279,-1.58343,6.0,177.1304,FAIBLE
FR-946356,2025-05-23,2025-06-03,Kuehne+Nagel,Paris-CDG Hub,Nantes,5639.1,1098.5,Retardé,train,413.49,7762a147989c85a8,bf5ab77edf406869,47.16957,-1.57317,11.0,173.4474,ÉLEVÉ
FR-184727,2024-10-08,2024-10-16,Kuehne+Nagel,Paris-CDG Hub,Strasbourg,1469.7,830.8,Retourné,gros_camion,379.57,4e3a294f61cb834d,c3f812f0b480b0e2,48.61532,7.78781,8.0,256.4156,AUCUN
FR-806063,2025-05-31,2025-06-05,UPS,Marseille Port Depot,Strasbourg,5481.1,127.0,Livré,train,326.29,4f34261f7c38ba0c,23ccac9787d88424,48.6068,7.72911,5.0,19.4908,AUCUN
FR-152328,2025-02-23,2025-02-27,DHL,Marseille Port Depot,Lille,4186.9,216.8,Livré,gros_camion,364.05,e99e31c1b5468d2d,01f1cacf3711ed76,50.59013,3.02776,4.0,190.6212,AUCUN
FR-884250,2026-03-03,2026-03-11,GLS,Marseille Port Depot,Grenoble,109.5,735.2,Retardé,avion,365.29,4937b40c2b9fb3af,2b2c20ff77a5ffc2,45.31383,5.70701,8.0,76.4792,ÉLEVÉ
FR-529861,2025-07-21,2025-07-22,GLS,Marseille Port Depot,Rennes,24.5,140.2,Retourné,fourgonnette,16.11,4937b40c2b9fb3af,ea79f86ce3383cf2,48.12364,-1.72912,1.0,0.2748,AUCUN
FR-499456,2025-05-01,2025-05-08,DB Schenker,Bordeaux Logistics Park,Rennes,7253.4,947.1,Livré,train,372.01,f057aa1333d44acb,237c6ce4c3c97500,48.20217,-1.71905,7.0,192.3515,FAIBLE
FR-326707,2025-09-01,2025-09-05,FedEx,Paris-CDG Hub,Brest,3.9,369.5,Livré,fourgonnette,9.95,4539984fb9bfe688,7be597096dbfa8b9,48.44432,-4.47795,4.0,0.1153,AUCUN
FR-802022,2025-12-11,2025-12-13,GLS,Bordeaux Logistics Park,Nantes,3480.2,302.8,Retourné,train,221.32,649f91ae50effe2e,619d16bbff8a5fb8,47.25443,-1.66785,2.0,29.5065,AUCUN
FR-758816,2026-04-07,,Unknown,Paris-CDG Hub,Lille,15.5,391.6,En attente,fourgonnette,18.41,7762a147989c85a8,bb1b493e340af783,50.68955,3.06409,,0.4856,AUCUN
FR-282974,2025-05-11,2025-05-15,Kuehne+Nagel,Bordeaux Logistics Park,Lille,6799.9,525.5,Livré,train,314.79,ddd94bb935d6fc90,4f5c5dedd50a8504,50.68972,3.03861,4.0,100.0537,AUCUN
FR-607314,2024-05-01,2024-05-13,Kuehne+Nagel,Lyon Distribution Center,Orléans,191.2,144.9,Livré,avion,264.41,b3ede2357f536e0a,0afd003641721f90,47.86218,1.9266,12.0,26.3196,FAIBLE
FR-365870,2025-08-28,2025-09-01,DB Schenker,Bordeaux Logistics Park,Le Havre,20.8,99.5,Livré,fourgonnette,14.21,0915a7642195cf8a,55c7be86c84fb352,49.5391,0.03431,4.0,0.1656,AUCUN
FR-758731,2025-04-19,2025-04-24,Kuehne+Nagel,Paris-CDG Hub,Perpignan,1581.7,362.4,Livré,gros_camion,268.0,2210da77fef00168,3420004f21d7f004,42.68333,2.94386,5.0,120.3737,AUCUN
FR-436314,2025-01-16,2025-01-29,DB Schenker,Bordeaux Logistics Park,Paris,33.9,475.5,Retourné,fourgonnette,13.24,184fcccb030ef7f7,99bd178447735df3,48.88541,2.4222,13.0,1.2896,AUCUN
FR-774698,2024-12-02,2024-12-05,Unknown,Bordeaux Logistics Park,Toulouse,2530.6,1003.9,Livré,gros_camion,454.43,4e3a294f61cb834d,3468635701cbd491,43.69205,1.41575,3.0,533.4986,AUCUN
FR-174625,2025-11-08,2025-11-11,Kuehne+Nagel,Bordeaux Logistics Park,Brest,4.3,568.6,Livré,avion,272.62,d1d9c071e6672d29,775b19db22301d09,48.39387,-4.52609,3.0,2.3227,AUCUN
FR-994028,2024-09-04,2024-09-14,DB Schenker,Lyon Distribution Center,Paris,850.3,426.9,Retardé,gros_camion,234.42,57305694cae2b1d0,db35e33df829a5fb,48.86358,2.3316,10.0,76.2285,ÉLEVÉ
FR-444779,2024-11-23,2024-11-30,FedEx,Lyon Distribution Center,Valence,1894.8,477.9,Livré,gros_camion,342.31,bebe00cf88981ebb,09dde1472e93a7c4,44.90953,4.82368,7.0,190.1602,FAIBLE
FR-560476,2024-10-29,2024-11-04,XPO Logistics,Bordeaux Logistics Park,Clermont-Ferrand,235.5,59.5,Livré,avion,367.0,ae8ce543547ae3d4,0c17359231a29b68,45.79361,2.98072,6.0,13.3116,FAIBLE
FR-105282,2025-11-05,,GLS,Marseille Port Depot,Lille,11.2,372.5,En transit,fourgonnette,18.43,c8796666bc9acaab,c75cc66927b4e5c8,50.64063,2.95487,,0.3338,MOYEN
FR-408820,2025-12-03,,DHL,Paris-CDG Hub,Paris,405.6,416.8,En transit,petit_camion,87.32,4761f7fa3a69433b,aa53ba1762e7d35c,48.92218,2.3099,,20.2865,MOYEN
FR-645537,2024-11-23,2024-11-28,Kuehne+Nagel,Paris-CDG Hub,Lille,0.6,192.4,Livré,fourgonnette,11.84,64be089ea6398de1,0b239eca1fabc322,50.61167,3.0335,5.0,0.0092,AUCUN
FR-201815,2025-11-13,2025-11-18,DHL,Bordeaux Logistics Park,Bordeaux,1598.1,233.6,Livré,gros_camion,302.05,dcc4a7b2cb980dd1,ae66c36d7241821d,44.84581,-0.61713,5.0,78.3964,AUCUN
FR-196544,2024-05-23,2024-06-04,Chronopost,Lyon Distribution Center,Strasbourg,28.8,510.1,Livré,fourgonnette,8.81,3275c62b4a30ee93,ce79f45c68a48f6d,48.61818,7.75026,12.0,1.1753,FAIBLE
FR-679409,2025-10-11,,UPS,Marseille Port Depot,Lyon,4512.2,1082.7,En attente,gros_camion,554.36,d21c62bed959dcf6,d828a29a63555f98,45.63775,4.74728,,1025.9254,AUCUN
FR-391474,2024-11-28,2024-12-11,GLS,Paris-CDG Hub,Strasbourg,4587.8,301.6,Livré,gros_camion,448.34,737b27ae09a06d30,b6fef8a4000fd46a,48.62472,7.86801,13.0,290.5729,FAIBLE
FR-981936,2025-05-07,2025-05-10,Kuehne+Nagel,Paris-CDG Hub,Lyon,7614.1,508.1,Livré,train,424.65,ae8ce543547ae3d4,a3bcbd87562aa18e,45.8559,4.85808,3.0,108.3243,AUCUN
FR-555991,2025-02-18,2025-03-01,DHL,Paris-CDG Hub,Chambéry,23.0,1052.1,Livré,fourgonnette,22.43,cca89aaad52adbdd,5f7f73cc1a8e9cd1,45.51784,5.95181,11.0,1.9359,FAIBLE
FR-868323,2025-03-18,,XPO Logistics,Paris-CDG Hub,Paris,515.7,498.1,En transit,petit_camion,103.42,9f825829469aca3d,b93e0d8716c1968d,48.79919,2.44414,,30.8244,MOYEN
FR-430977,2024-11-21,2024-11-25,Unknown,Paris-CDG Hub,Nantes,2967.7,479.8,Livré,gros_camion,397.47,0b9d5daff036d6da,19901dfdb4c16a21,47.19666,-1.61722,4.0,299.0195,AUCUN
FR-158277,2024-10-26,2024-11-06,DHL,Bordeaux Logistics Park,Paris,1.4,993.9,Livré,avion,374.78,184fcccb030ef7f7,5be8c40bffb35a07,48.7768,2.3788,11.0,1.3219,FAIBLE
FR-570378,2025-06-18,2025-06-21,DHL,Marseille Port Depot,Marseille,8.2,652.7,Livré,fourgonnette,8.24,867749e4b7692143,608ed2392f4370d3,43.21622,5.366,3.0,0.4282,AUCUN
FR-637127,2026-03-07,2026-03-17,FedEx,Lyon Distribution Center,Nantes,37.5,1076.1,Retardé,fourgonnette,23.84,2a457c97836df9d7,8f8c7a756d1175df,47.14001,-1.54855,10.0,3.2283,ÉLEVÉ
FR-937504,2025-01-20,,FedEx,Paris-CDG Hub,Le Mans,1503.6,987.5,En transit,gros_camion,363.91,2debffb0c60c520e,5264724cacd06a40,47.93873,0.19156,,311.809,MOYEN
FR-377382,2024-05-05,2024-05-10,Chronopost,Bordeaux Logistics Park,Montpellier,3.7,506.0,Livré,fourgonnette,14.95,3714a4bb9c0df2e3,f15c5cfe2193e78d,43.53129,3.80416,5.0,0.1498,AUCUN
FR-898454,2026-04-16,2026-04-26,UPS,Bordeaux Logistics Park,Lille,48.9,877.3,Livré,fourgonnette,15.44,4761f7fa3a69433b,580e6b699960c822,50.59969,3.02813,10.0,3.432,FAIBLE
FR-861527,2024-08-09,2024-08-16,UPS,Paris-CDG Hub,Rennes,4434.7,454.5,Livré,train,337.98,50b6dd7a25a72160,e895c17fdf9dce17,48.12121,-1.69914,7.0,56.436,FAIBLE
FR-421967,2025-06-01,,DHL,Lyon Distribution Center,Bordeaux,531.3,913.1,En attente,petit_camion,166.64,b5d62e25e9a7adb6,02c6b44361bb67ee,44.95708,-0.48243,,58.2156,AUCUN
FR-919285,2024-10-31,2024-11-10,FedEx,Paris-CDG Hub,Strasbourg,44.6,1069.3,Livré,fourgonnette,16.05,0915a7642195cf8a,8f0e35c04a561f6b,48.6489,7.68766,10.0,3.8153,FAIBLE
FR-641022,2026-02-04,2026-02-14,UPS,Lyon Distribution Center,Bourges,3492.2,12.5,Livré,gros_camion,388.91,d1d9c071e6672d29,c69a2fc3cbaed94d,47.20899,2.48003,10.0,9.167,FAIBLE
FR-630865,2024-12-21,2024-12-25,DHL,Lyon Distribution Center,Nantes,7756.4,1179.2,Livré,train,477.06,6dd72298f13e566b,679f26f766acc55c,47.18372,-1.59745,4.0,256.0977,AUCUN
FR-311997,2026-04-10,2026-04-21,XPO Logistics,Marseille Port Depot,Grenoble,2168.7,499.0,Livré,gros_camion,335.52,dcc4a7b2cb980dd1,1bb03235ca601a67,45.14568,5.67642,11.0,227.2581,FAIBLE
FR-873056,2025-03-20,2025-04-02,Unknown,Bordeaux Logistics Park,Nantes,1167.8,599.4,Retourné,gros_camion,376.65,b5d62e25e9a7adb6,5617898304f5b8db,47.2559,-1.5851,13.0,146.9957,AUCUN
FR-319280,2024-10-08,2024-10-17,DHL,Bordeaux Logistics Park,Lille,6236.6,549.4,Livré,train,336.05,b5eaeda6f050b47c,24089ef1f7c3d042,50.58734,3.07147,9.0,95.9389,FAIBLE
FR-296461,2025-12-30,2026-01-02,DB Schenker,Marseille Port Depot,Brest,112.3,1121.9,Livré,avion,356.82,6ab1a44406435c4c,d3b94377dc25e0ce,48.42259,-4.37734,3.0,119.6899,AUCUN
FR-189440,2025-01-18,,XPO Logistics,Paris-CDG Hub,Metz,61.4,238.1,En attente,avion,176.92,afdb5de261053424,599020696a6183fb,49.07738,6.23279,,13.8884,AUCUN
FR-913690,2024-05-04,,Kuehne+Nagel,Paris-CDG Hub,Brest,198.4,496.1,En transit,avion,398.92,57305694cae2b1d0,427eb598ddc9f5f3,48.40078,-4.53571,,93.5049,MOYEN
FR-812421,2025-12-20,,FedEx,Paris-CDG Hub,Saint-Étienne,612.3,287.2,En transit,petit_camion,122.57,9f825829469aca3d,daf73af63c18eb9a,45.50291,4.39841,,21.1023,MOYEN
FR-534409,2024-10-24,2024-11-04,FedEx,Paris-CDG Hub,Angers,1995.2,658.4,Livré,train,315.39,5bb1ecc8ac6edde3,71daacd6f8f6e92b,47.49927,-0.58038,11.0,36.7819,FAIBLE
FR-447717,2026-03-28,,DB Schenker,Bordeaux Logistics Park,Nantes,22.3,270.1,En attente,avion,204.32,50b6dd7a25a72160,2f416874cca1c929,47.18217,-1.60433,,5.7221,AUCUN
FR-145832,2025-03-01,,FedEx,Paris-CDG Hub,Strasbourg,11.6,182.5,En attente,fourgonnette,8.1,50b6dd7a25a72160,8d198dbc65e8ace0,48.51988,7.81181,,0.1694,AUCUN
FR-380180,2025-05-23,2025-05-30,XPO Logistics,Lyon Distribution Center,Strasbourg,3.5,290.9,Livré,fourgonnette,8.97,75a44226210eb23d,21c2376393a4b6bf,48.56737,7.76606,7.0,0.0815,FAIBLE
FR-618431,2024-06-27,2024-07-10,UPS,Lyon Distribution Center,Grenoble,29.0,884.9,Livré,fourgonnette,10.8,afdb5de261053424,3c9be25720a793d8,45.15981,5.82388,13.0,2.053,FAIBLE
FR-176789,2024-10-06,2024-10-09,UPS,Bordeaux Logistics Park,Bordeaux,205.6,398.1,Livré,avion,347.67,649f91ae50effe2e,8bec2da11d59b870,44.89878,-0.62442,3.0,77.7569,AUCUN
FR-953828,2025-07-12,2025-07-18,GLS,Marseille Port Depot,Strasbourg,2225.7,712.7,Livré,gros_camion,423.78,98c6fa9a1549ec58,60417e751a76783c,48.56135,7.73812,6.0,333.1138,FAIBLE
FR-207554,2025-02-14,,DHL,Lyon Distribution Center,Lille,2858.7,1038.7,En transit,train,327.14,076d9a82acb00f0c,90cc260959766190,50.67344,3.0485,,83.1413,MOYEN
FR-208574,2025-01-10,2025-01-17,Kuehne+Nagel,Bordeaux Logistics Park,Lille,,712.5,Livré,petit_camion,118.42,d23122a5cb6fdbb4,dd7ac24502da3dee,50.60328,3.02831,7.0,0.0,FAIBLE
FR-497010,2025-09-21,2025-09-23,Chronopost,Marseille Port Depot,Marseille,6773.9,453.1,Livré,train,344.68,64be089ea6398de1,c1a36caef513301e,43.35945,5.32544,2.0,85.9391,AUCUN
FR-950230,2025-06-17,2025-06-21,DHL,Lyon Distribution Center,Bordeaux,3313.7,873.1,Livré,train,307.95,98c6fa9a1549ec58,6f4cc581402a3fc7,44.82309,-0.55163,4.0,81.0094,AUCUN
FR-314367,2025-10-19,,XPO Logistics,Paris-CDG Hub,Lyon,50.9,395.7,En attente,avion,332.24,3714a4bb9c0df2e3,840fc0b3b00c852d,45.73545,4.80823,,19.1341,AUCUN
FR-279307,2026-04-06,2026-04-12,Chronopost,Marseille Port Depot,Paris,674.1,560.4,Livré,petit_camion,138.88,0a09e9b5dbb0d8ab,5e9aff34ae22490d,48.85388,2.35095,6.0,45.3319,FAIBLE
FR-211937,2025-10-27,,Chronopost,Marseille Port Depot,Lille,6483.4,1169.0,En transit,train,419.06,b5eaeda6f050b47c,b1c66d28ca8d82b0,50.53186,3.00747,,212.2146,MOYEN
FR-395001,2026-01-02,2026-01-12,Chronopost,Bordeaux Logistics Park,Brest,7911.9,730.1,Livré,train,467.77,232c9d11c882ea2c,689a22789bd28c16,48.39587,-4.50906,10.0,161.7414,FAIBLE
FR-158719,2025-08-02,2025-08-15,XPO Logistics,Marseille Port Depot,Vannes,6.0,978.0,Livré,fourgonnette,18.97,c8796666bc9acaab,6eee2d9ee67d4c7b,47.65893,-2.73986,13.0,0.4694,FAIBLE
FR-749093,2025-12-21,,Kuehne+Nagel,Bordeaux Logistics Park,Toulouse,149.6,161.4,En attente,petit_camion,66.43,9f825829469aca3d,4b7367cb37f2ca76,43.55485,1.48256,,2.8975,AUCUN
FR-363186,2026-02-26,2026-02-27,Kuehne+Nagel,Marseille Port Depot,Montpellier,103.1,330.5,Retardé,avion,274.55,80c6e1b004c4d98c,7ae01a53b61c8b82,43.5758,3.95413,1.0,32.3708,ÉLEVÉ
FR-425768,2025-06-19,2025-06-26,DHL,Bordeaux Logistics Park,Marseille,161.6,1181.1,Livré,avion,522.94,1e3f6890d2ddffa6,15c785996f2fe04c,43.35283,5.32111,7.0,181.3225,FAIBLE
FR-576991,2025-05-19,2025-05-30,DHL,Bordeaux Logistics Park,Rennes,2478.4,296.0,Livré,train,242.17,64be089ea6398de1,aafd0192b1684408,48.07796,-1.70382,11.0,20.541,FAIBLE
FR-790861,2025-01-17,2025-01-30,Kuehne+Nagel,Paris-CDG Hub,Lille,313.0,1099.9,Livré,petit_camion,120.37,2e49ed8efc869923,99f6166030e61d3c,50.69501,3.14207,13.0,41.3122,FAIBLE
FR-294650,2025-10-27,2025-11-02,FedEx,Paris-CDG Hub,La Rochelle,21.5,159.8,Livré,fourgonnette,7.08,d21c62bed959dcf6,6a48c5ec04582726,46.15755,-1.11249,6.0,0.2749,FAIBLE
FR-743940,2025-10-01,2025-10-14,Unknown,Paris-CDG Hub,Lyon,3006.4,1026.5,Livré,gros_camion,500.64,ff07dd0896d16f31,be618bf2b2104ec6,45.83521,4.83406,13.0,648.0746,FAIBLE
FR-609022,2024-08-25,,UPS,Lyon Distribution Center,Troyes,4.8,1075.2,En attente,fourgonnette,20.2,64be089ea6398de1,72cc849f0a5e7c53,48.32717,4.08371,,0.4129,AUCUN
FR-883171,2024-12-24,2024-12-27,Unknown,Marseille Port Depot,Toulon,677.8,1171.4,Livré,petit_camion,147.77,dcc4a7b2cb980dd1,fc8708273a403fce,43.1734,5.88236,3.0,95.277,AUCUN
FR-838161,2025-10-17,,UPS,Marseille Port Depot,Strasbourg,42.3,777.9,En transit,fourgonnette,21.95,0915a7642195cf8a,1d580aa5dd3be062,48.61997,7.80538,,2.6324,MOYEN
FR-392329,2025-12-22,2025-12-31,FedEx,Paris-CDG Hub,Nantes,4710.1,932.2,Livré,gros_camion,634.06,fb9a24e0a82c372f,38829ebffbe3f3d3,47.12984,-1.60303,9.0,922.0586,FAIBLE
FR-612584,2025-09-08,2025-09-13,Chronopost,Marseille Port Depot,Lille,47.6,778.3,Retardé,fourgonnette,16.58,213616dfc61bfad5,6ffe36c82c44efd4,50.70884,3.06583,5.0,2.9638,ÉLEVÉ
FR-104952,2025-02-07,2025-02-11,UPS,Lyon Distribution Center,Lille,25.5,806.4,Livré,fourgonnette,21.41,4f34261f7c38ba0c,d593a9f8f2561f5c,50.61308,3.05315,4.0,1.6451,AUCUN
FR-860073,2024-05-19,2024-05-27,DHL,Lyon Distribution Center,Strasbourg,108.9,902.4,Livré,avion,339.82,6ab1a44406435c4c,4caee07abb607350,48.56524,7.69412,8.0,93.3578,FAIBLE
FR-603078,2025-03-29,2025-04-01,GLS,Paris-CDG Hub,Rennes,182.2,665.9,Retardé,avion,374.46,ff07dd0896d16f31,170a4d610f12b9b7,48.03763,-1.64827,3.0,115.2606,ÉLEVÉ
FR-688699,2025-04-25,2025-05-05,Unknown,Lyon Distribution Center,Lille,3514.0,148.1,Livré,gros_camion,322.03,ff07dd0896d16f31,1c491a76c424e1ad,50.69684,3.03653,10.0,109.2889,FAIBLE
FR-890233,2025-04-04,2025-04-06,Chronopost,Lyon Distribution Center,Toulouse,5364.5,738.1,Livré,train,375.24,dcc4a7b2cb980dd1,3fc79311be11ef1e,43.5711,1.49026,2.0,110.867,AUCUN
FR-550947,2024-04-30,2024-05-06,Kuehne+Nagel,Marseille Port Depot,Caen,40.1,197.4,Livré,fourgonnette,9.75,4539984fb9bfe688,c9b353071177436e,49.24324,-0.36472,6.0,0.6333,FAIBLE
FR-865165,2024-09-28,,Unknown,Paris-CDG Hub,Rennes,10.2,836.3,En transit,fourgonnette,11.62,93141cbfc2990e76,ffea58262f4377ae,48.09967,-1.61876,,0.6824,MOYEN
FR-373104,2024-06-01,,DB Schenker,Marseille Port Depot,Mulhouse,3028.7,907.2,En transit,gros_camion,507.44,d21c62bed959dcf6,b2627c70d7fbfa1a,47.78154,7.35381,,577.0037,MOYEN
FR-512402,2024-09-30,2024-10-06,XPO Logistics,Bordeaux Logistics Park,Valence,1100.8,306.2,Livré,gros_camion,318.19,d23122a5cb6fdbb4,2300c2207af5c276,44.95606,4.95474,6.0,70.7836,FAIBLE
FR-291703,2025-09-10,2025-09-16,XPO Logistics,Paris-CDG Hub,Strasbourg,6.2,138.4,Retardé,fourgonnette,6.24,c3c93bf263ad82fc,4912d9504f16b3b8,48.53744,7.72246,6.0,0.0686,ÉLEVÉ
FR-279322,2025-03-29,2025-04-10,DHL,Paris-CDG Hub,Marseille,42.0,1175.6,Livré,fourgonnette,22.04,2debffb0c60c520e,47245187c92ceb2c,43.40462,5.34959,12.0,3.95,FAIBLE
FR-551549,2024-11-25,2024-12-01,Unknown,Bordeaux Logistics Park,Clermont-Ferrand,2689.5,996.8,Retardé,gros_camion,496.49,6e21cb30cd3271a9,7e678eb46e990e95,45.69049,3.16311,6.0,562.9877,ÉLEVÉ
FR-375525,2025-02-13,,FedEx,Bordeaux Logistics Park,Tours,3748.8,260.3,En transit,gros_camion,370.14,f057aa1333d44acb,b696b98bdf9c80e8,47.47896,0.66238,,204.9207,MOYEN
FR-653941,2026-04-09,2026-04-21,DHL,Bordeaux Logistics Park,Perpignan,4872.3,896.9,Livré,gros_camion,570.73,286f327fca2fc8f0,170c8bb41821f965,42.63618,2.85579,12.0,917.6928,FAIBLE
FR-483840,2024-11-03,2024-11-07,UPS,Paris-CDG Hub,Rennes,230.8,1137.0,Retardé,avion,534.8,737b27ae09a06d30,95fa3ef8bc764994,48.10085,-1.62751,4.0,249.2986,ÉLEVÉ
FR-588041,2024-05-20,,FedEx,Paris-CDG Hub,Marseille,2788.5,878.8,En attente,gros_camion,466.23,3714a4bb9c0df2e3,08c2b54d95ce7f0a,43.38256,5.33021,,514.6121,AUCUN
FR-570961,2025-03-27,2025-04-08,Kuehne+Nagel,Paris-CDG Hub,Marseille,233.4,719.6,Livré,avion,424.24,0a09e9b5dbb0d8ab,a4431d71a9cec7e0,43.24066,5.37459,12.0,159.5569,FAIBLE
FR-182293,2024-07-29,2024-08-10,Unknown,Lyon Distribution Center,Bordeaux,126.5,81.0,Retardé,avion,244.28,3275c62b4a30ee93,869196bc76810f1f,44.82973,-0.58271,12.0,9.7342,ÉLEVÉ
FR-349246,2024-07-21,2024-07-25,DHL,Bordeaux Logistics Park,Nice,234.4,1001.4,Livré,petit_camion,117.68,ddd94bb935d6fc90,443167573a34c54c,43.74304,7.24962,4.0,28.1674,AUCUN
FR-315570,2024-04-29,2024-05-01,Chronopost,Marseille Port Depot,Angers,231.8,467.5,Retardé,avion,312.2,b4b018a4be786430,9079b63989eaeec5,47.51998,-0.57679,2.0,102.9482,ÉLEVÉ
FR-957215,2024-11-22,2024-12-05,DHL,Marseille Port Depot,Caen,31.4,144.5,Livré,fourgonnette,9.78,2c7e84ab9c91b547,f051633d690bc6d0,49.13929,-0.37916,13.0,0.363,FAIBLE
FR-759199,2025-06-14,2025-06-27,XPO Logistics,Bordeaux Logistics Park,Marseille,125.5,839.9,Retourné,avion,327.22,7762a147989c85a8,a1c09e5348aaa6f3,43.22099,5.40589,13.0,100.1371,AUCUN
FR-798996,2025-11-17,,FedEx,Paris-CDG Hub,Toulouse,49.0,450.8,En transit,fourgonnette,20.86,184fcccb030ef7f7,eb2087e764347154,43.57597,1.45545,,1.7671,MOYEN
FR-425948,2025-02-08,,DHL,Bordeaux Logistics Park,Grenoble,672.1,398.1,En transit,petit_camion,158.05,97c134953eabb671,1cfa6abdc850feee,45.24656,5.73943,,32.1076,MOYEN
FR-754839,2025-11-29,2025-12-06,XPO Logistics,Paris-CDG Hub,Lille,728.7,1010.0,Livré,petit_camion,141.1,f057aa1333d44acb,f628c087d559b031,50.50491,3.02802,7.0,88.3184,FAIBLE
FR-794385,2024-12-20,2024-12-31,Kuehne+Nagel,Marseille Port Depot,Marseille,346.5,48.1,Retardé,petit_camion,87.61,2e49ed8efc869923,112af01eda12d291,43.32043,5.37087,11.0,2.0,ÉLEVÉ
FR-307348,2025-09-30,2025-10-12,XPO Logistics,Paris-CDG Hub,Rennes,397.4,367.3,Livré,petit_camion,91.64,6dd72298f13e566b,69ffac8707d5e108,48.16528,-1.62631,12.0,17.5158,FAIBLE
FR-280626,2024-05-28,2024-05-29,DHL,Bordeaux Logistics Park,Bordeaux,104.0,859.7,Livré,avion,418.93,6dcb5f2757af7881,1f72b0095e7361c6,44.77805,-0.57652,1.0,84.9384,AUCUN
FR-216151,2024-06-23,2024-06-25,GLS,Lyon Distribution Center,Le Havre,199.7,329.8,Livré,petit_camion,82.45,ae8ce543547ae3d4,f7a9868ba03f5643,49.45459,0.07322,2.0,7.9033,AUCUN
FR-635901,2025-07-23,2025-08-05,Kuehne+Nagel,Marseille Port Depot,Colmar,159.3,1021.6,Livré,avion,317.11,867749e4b7692143,c0a7350ab976eb32,48.09087,7.43049,13.0,154.6038,FAIBLE
FR-180928,2025-08-28,2025-09-07,Kuehne+Nagel,Bordeaux Logistics Park,Nice,4991.3,334.8,Livré,train,288.78,232c9d11c882ea2c,b87f31adac0e5d8b,43.76187,7.19832,10.0,46.7904,FAIBLE
FR-147897,2025-03-20,,FedEx,Lyon Distribution Center,Brest,306.9,275.1,En attente,petit_camion,102.75,3714a4bb9c0df2e3,f9221e828a10b9eb,48.41684,-4.50455,,10.1314,AUCUN
FR-516717,2025-09-12,2025-09-17,DHL,Lyon Distribution Center,Nice,4818.5,19.1,Retourné,gros_camion,354.93,64be089ea6398de1,515a326342e84bbe,43.84146,7.2952,5.0,19.327,AUCUN
FR-461039,2024-10-15,2024-10-25,XPO Logistics,Bordeaux Logistics Park,Dijon,132.3,435.7,Livré,avion,218.87,75a44226210eb23d,c5f24f09faad55e0,47.30574,5.02821,10.0,54.761,FAIBLE
FR-307039,2025-08-26,2025-09-07,Unknown,Bordeaux Logistics Park,Rennes,32.7,181.8,Retardé,fourgonnette,13.73,cca89aaad52adbdd,a7dbf91a8c9d249c,48.10498,-1.67504,12.0,0.4756,ÉLEVÉ
FR-532193,2025-06-28,2025-07-05,UPS,Bordeaux Logistics Park,Toulouse,3.6,705.6,Retourné,fourgonnette,19.85,dcc4a7b2cb980dd1,c91801570e7c9697,43.67779,1.39837,7.0,0.2032,AUCUN
FR-594582,2025-01-11,2025-01-23,UPS,Bordeaux Logistics Park,Nice,57.9,770.4,Livré,avion,207.71,144818883fd1fd2e,94787eb988f69bbc,43.77426,7.25601,12.0,42.3759,FAIBLE
FR-239293,2026-04-26,2026-05-03,DHL,Bordeaux Logistics Park,Rennes,133.7,1165.4,Livré,avion,370.04,ddd94bb935d6fc90,896d65265161a57d,48.08553,-1.72597,7.0,148.0233,FAIBLE
FR-553749,2026-01-30,2026-02-09,Kuehne+Nagel,Bordeaux Logistics Park,Rennes,746.4,703.1,Livré,petit_camion,175.35,97c134953eabb671,4b17104edec6c7d4,48.12287,-1.53401,10.0,62.9753,FAIBLE
FR-277972,2024-08-21,2024-08-27,GLS,Paris-CDG Hub,Bordeaux,182.2,478.4,Livré,avion,416.94,ba12f74cff0e9464,32a2be9b6a420e1d,44.83124,-0.59636,6.0,82.8063,FAIBLE
FR-866148,2024-08-24,,Kuehne+Nagel,Paris-CDG Hub,Rennes,6415.2,1087.1,En transit,train,442.38,4f34261f7c38ba0c,4eb40f205efb61ce,48.22028,-1.66842,,195.271,MOYEN
FR-788880,2024-08-19,2024-08-25,DHL,Lyon Distribution Center,Valence,4116.3,444.0,Retourné,gros_camion,469.48,1f5f2617ee232079,9ae584830cb51d7e,44.9889,4.85901,6.0,383.8038,AUCUN
FR-292154,2026-04-03,2026-04-06,Chronopost,Lyon Distribution Center,Paris,113.3,835.1,Livré,avion,416.3,2debffb0c60c520e,87ecae1644c03a4d,48.80975,2.3948,3.0,89.886,AUCUN
FR-734246,2025-03-08,2025-03-20,Kuehne+Nagel,Bordeaux Logistics Park,Rennes,42.4,81.6,Livré,fourgonnette,17.33,94f32f590e70c04a,6a2a53692e4a8068,48.15566,-1.7025,12.0,0.2768,FAIBLE
FR-314185,2026-01-15,,DHL,Paris-CDG Hub,Nantes,1999.8,418.5,En transit,gros_camion,381.29,b5eaeda6f050b47c,3e351b603e3765d2,47.28301,-1.62339,,175.7524,MOYEN
FR-681489,2025-03-02,2025-03-10,Unknown,Marseille Port Depot,Reims,703.1,231.7,Livré,petit_camion,131.44,4f34261f7c38ba0c,74162ecee5787df6,49.24754,3.20758,8.0,19.549,FAIBLE
FR-569907,2026-03-24,,Unknown,Marseille Port Depot,Rennes,5013.4,47.8,En transit,train,269.88,b5d62e25e9a7adb6,e030b07f042c9177,48.01052,-1.69531,,6.7099,MOYEN
FR-632440,2025-04-20,2025-04-23,Kuehne+Nagel,Marseille Port Depot,Caen,207.9,1122.5,Livré,avion,555.49,46b06486d10dd744,dc998082c9a20b26,49.13789,-0.34961,3.0,221.6994,AUCUN
FR-344365,2025-05-16,2025-05-22,UPS,Paris-CDG Hub,Paris,4485.4,153.1,Livré,gros_camion,421.06,cca89aaad52adbdd,3f7cd00de741109c,48.95573,2.47181,6.0,144.2101,FAIBLE
FR-654838,2024-08-28,,Unknown,Lyon Distribution Center,Dijon,4699.4,804.3,En transit,gros_camion,531.96,2e49ed8efc869923,38ffa37c096148b5,47.30229,5.02334,,793.7428,MOYEN
FR-811960,2024-11-09,,Chronopost,Marseille Port Depot,Nice,9.3,167.3,En transit,fourgonnette,9.26,286f327fca2fc8f0,764fc6a6304bedcf,43.70673,7.35116,,0.1245,MOYEN
FR-971815,2024-12-28,2025-01-01,UPS,Paris-CDG Hub,Lyon,,239.5,Retardé,petit_camion,93.03,5544f6afe2c2fa55,be8a94b44eaccfac,45.71609,4.88497,4.0,0.0,ÉLEVÉ
FR-646304,2025-01-16,,DHL,Lyon Distribution Center,Toulouse,95.8,18.7,En attente,avion,197.15,80c6e1b004c4d98c,fd5b0be36dd59895,43.59884,1.34295,,1.7019,AUCUN
FR-738454,2024-08-09,2024-08-19,GLS,Paris-CDG Hub,Le Havre,423.1,956.8,Retardé,petit_camion,119.15,b5eaeda6f050b47c,dba68a297c2453c7,49.44665,0.12404,10.0,48.5786,ÉLEVÉ
FR-752241,2025-12-07,,FedEx,Marseille Port Depot,Reims,332.6,653.4,En transit,petit_camion,95.5,2bfcfe607c0a5f31,e67ea78b3da6d50d,49.29949,3.20696,,26.0785,MOYEN
FR-976555,2024-06-17,2024-06-25,Chronopost,Marseille Port Depot,Toulouse,2697.5,322.3,Retardé,train,246.11,ccd16f4072984dcc,f181dcd76c4a6b1f,43.62166,1.39467,8.0,24.3433,ÉLEVÉ
FR-986497,2025-07-22,,Kuehne+Nagel,Bordeaux Logistics Park,Rennes,2180.4,1024.2,En transit,train,248.19,d0443b3d89fde63f,e6bfc9645c0f98d0,48.15198,-1.7271,,62.5286,MOYEN
FR-845483,2024-07-25,2024-08-04,Chronopost,Paris-CDG Hub,Brest,7595.7,815.8,Livré,train,460.47,ba12f74cff0e9464,b252ef32d602b114,48.38153,-4.47346,10.0,173.504,FAIBLE
FR-635194,2025-12-02,2025-12-04,Chronopost,Marseille Port Depot,Nice,854.2,105.9,Livré,train,129.69,c0fdb3ce997f47fa,2028c7275b091b4e,43.70909,7.29792,2.0,2.5329,AUCUN
FR-190672,2025-09-07,2025-09-19,Chronopost,Marseille Port Depot,Rennes,335.1,1007.6,Livré,petit_camion,110.51,0b9d5daff036d6da,0a31e763b2c71d13,48.07513,-1.67613,12.0,40.5176,FAIBLE
FR-501740,2024-10-09,2024-10-21,XPO Logistics,Marseille Port Depot,Strasbourg,96.9,965.0,Retardé,avion,398.67,ba4df4a50d5ef322,b493a18ded21636f,48.63206,7.71173,12.0,88.8331,ÉLEVÉ
FR-469744,2024-05-14,2024-05-22,DHL,Marseille Port Depot,Nice,98.2,1058.6,Retardé,avion,279.99,b3ede2357f536e0a,fd94a90b3dcfc94c,43.75334,7.21061,8.0,98.7568,ÉLEVÉ
FR-210903,2026-01-20,2026-01-27,Kuehne+Nagel,Marseille Port Depot,Rennes,4151.6,829.1,Livré,gros_camion,584.46,d0443b3d89fde63f,14e579d692826301,48.21098,-1.72247,7.0,722.8392,FAIBLE
FR-683639,2025-07-28,2025-08-02,Kuehne+Nagel,Paris-CDG Hub,Orléans,11.3,314.6,Livré,fourgonnette,9.96,dabcb1d63f05e568,8e510beb2d0bd46c,47.89687,1.91987,5.0,0.2844,AUCUN
FR-971983,2025-01-14,2025-01-18,Chronopost,Marseille Port Depot,Marseille,41.9,1076.8,Livré,fourgonnette,13.41,d0443b3d89fde63f,d8aa946598d63a3a,43.40374,5.34281,4.0,3.6094,AUCUN
FR-499984,2025-10-19,2025-10-21,Kuehne+Nagel,Bordeaux Logistics Park,Nantes,1169.9,1032.8,Livré,train,234.3,0915a7642195cf8a,ef78b94d7ecd9a17,47.21981,-1.51633,2.0,33.8316,AUCUN
FR-965378,2024-08-17,2024-08-25,Kuehne+Nagel,Bordeaux Logistics Park,Lyon,256.7,962.4,Livré,petit_camion,126.9,b5d62e25e9a7adb6,f82d348b698159e8,45.81843,4.79324,8.0,29.6458,FAIBLE
FR-221704,2025-07-02,2025-07-09,Unknown,Paris-CDG Hub,Clermont-Ferrand,9.7,1150.2,Livré,fourgonnette,17.93,ba4df4a50d5ef322,9e868995b8c37da2,45.78148,3.07613,7.0,0.8926,FAIBLE
FR-754856,2024-12-07,2024-12-18,DHL,Paris-CDG Hub,Le Mans,26.3,703.1,Livré,avion,294.96,577bd3cc79f49864,01d054b2d83162e1,47.92512,0.13589,11.0,17.567,FAIBLE
FR-694925,2024-09-25,2024-10-05,UPS,Paris-CDG Hub,Reims,63.8,142.0,Livré,avion,292.48,3275c62b4a30ee93,5cd9d6fa4510ed39,49.31644,3.2366,10.0,8.6066,FAIBLE
FR-103474,2025-01-09,2025-01-16,XPO Logistics,Paris-CDG Hub,Bordeaux,531.6,612.6,Retardé,petit_camion,157.55,abb3d464b81216db,6a844b0ec5233ae7,44.75735,-0.49661,7.0,39.079,ÉLEVÉ
FR-526993,2025-07-31,,FedEx,Bordeaux Logistics Park,Amiens,96.6,661.7,En transit,avion,246.79,a411faa4604af305,5d6d81a0a8345ad5,49.88748,2.34593,,60.7242,MOYEN
FR-885452,2024-10-15,2024-10-26,Chronopost,Lyon Distribution Center,Dunkerque,,875.3,Livré,fourgonnette,19.27,2e49ed8efc869923,e812f3d4da67da0f,51.02325,2.27932,11.0,0.0,FAIBLE
FR-248159,2025-06-07,,GLS,Lyon Distribution Center,Reims,3870.1,1002.2,En transit,gros_camion,539.55,6a5796584ab1ac8a,37bbb40678226639,49.33101,3.27064,,814.509,MOYEN
FR-307274,2026-04-12,2026-04-22,UPS,Lyon Distribution Center,Strasbourg,722.3,177.0,Livré,train,133.8,4dc658302b612f5c,7f0f421c4c6a4daf,48.67238,7.65335,10.0,3.5797,FAIBLE
FR-365803,2026-01-12,2026-01-15,Kuehne+Nagel,Lyon Distribution Center,Caen,438.5,121.0,Retardé,petit_camion,82.27,d0443b3d89fde63f,eb504238a4fb416f,49.17814,-0.43559,3.0,6.367,ÉLEVÉ
FR-443667,2025-03-14,2025-03-19,DB Schenker,Marseille Port Depot,Strasbourg,2229.0,67.6,Retardé,train,222.17,4539984fb9bfe688,6b376d8189b01b45,48.52103,7.73284,5.0,4.2191,ÉLEVÉ
FR-825474,2025-04-28,2025-05-04,Chronopost,Paris-CDG Hub,Auxerre,48.2,29.5,Livré,fourgonnette,14.84,b5eaeda6f050b47c,0387634e07ba18db,47.78476,3.51563,6.0,0.1138,FAIBLE
FR-402891,2024-11-28,2024-12-03,DHL,Lyon Distribution Center,Bordeaux,562.2,373.4,Livré,train,204.33,dcc4a7b2cb980dd1,962ae3cb0d747537,44.79318,-0.57263,5.0,5.8779,AUCUN
FR-137659,2025-08-12,2025-08-22,XPO Logistics,Marseille Port Depot,Lille,3.5,1061.0,Livré,fourgonnette,18.24,2210da77fef00168,cfaff80c7b1a91c4,50.68268,3.04096,10.0,0.2971,FAIBLE
FR-704633,2025-11-12,2025-11-17,XPO Logistics,Marseille Port Depot,Nantes,18.9,411.1,Livré,avion,301.66,7334ee7ff8765e16,68baf4bd9063a364,47.28232,-1.5954,5.0,7.3813,AUCUN
FR-482468,2024-08-05,2024-08-10,Unknown,Bordeaux Logistics Park,Nice,2183.3,449.3,Livré,train,271.23,57305694cae2b1d0,5ca4b261488c5fd2,43.71034,7.25504,5.0,27.4668,AUCUN
FR-160123,2024-12-26,2025-01-04,DHL,Marseille Port Depot,Rennes,1725.2,906.0,Livré,gros_camion,362.31,6ab1a44406435c4c,63c5033f8e812ed6,48.10501,-1.6767,9.0,328.2366,FAIBLE
FR-945513,2025-06-22,2025-07-02,Kuehne+Nagel,Paris-CDG Hub,Nice,27.0,1132.9,Livré,fourgonnette,11.18,ba4df4a50d5ef322,36b77166d96d7fd7,43.70546,7.17915,10.0,2.4471,FAIBLE
FR-850985,2024-10-29,2024-11-05,GLS,Paris-CDG Hub,Montpellier,225.3,158.0,Retardé,avion,293.33,98c6fa9a1549ec58,79d38be45f29d53e,43.6174,3.92968,7.0,33.8175,ÉLEVÉ
FR-216042,2026-04-22,2026-05-03,Unknown,Paris-CDG Hub,Le Havre,4479.0,734.9,Retardé,train,342.57,0915a7642195cf8a,f5ba843f09023d0b,49.40819,0.1372,11.0,92.1653,ÉLEVÉ
FR-435872,2024-09-10,2024-09-18,Chronopost,Marseille Port Depot,Paris,718.0,666.6,Livré,petit_camion,129.54,a9bc7e3c6079a06c,f562be6b18b7c260,48.8112,2.36958,8.0,57.4343,FAIBLE
FR-137853,2025-10-05,2025-10-13,DHL,Lyon Distribution Center,Marseille,209.5,1156.0,Livré,avion,376.47,a411faa4604af305,64bd0430a6e7fcfe,43.29665,5.33017,8.0,230.0729,FAIBLE
FR-997007,2025-05-05,2025-05-08,DB Schenker,Lyon Distribution Center,Bordeaux,4308.3,491.6,Livré,gros_camion,407.65,588860b1c06a5a7a,793fc2d866e1fbd2,44.86218,-0.53001,3.0,444.7717,AUCUN
FR-287974,2025-09-11,2025-09-12,XPO Logistics,Paris-CDG Hub,Perpignan,23.6,170.0,Livré,fourgonnette,11.32,a9bc7e3c6079a06c,4bca636d6ff3f178,42.72606,2.90697,1.0,0.321,AUCUN
FR-998458,2025-12-04,2025-12-08,Kuehne+Nagel,Marseille Port Depot,Dijon,15.3,1117.3,Retardé,avion,185.56,a9bc7e3c6079a06c,bec1728ceb0d3712,47.23161,5.10592,4.0,16.24,ÉLEVÉ
FR-959916,2025-10-23,2025-10-27,DHL,Marseille Port Depot,Paris,19.6,238.4,Livré,fourgonnette,17.48,232c9d11c882ea2c,bf6aa18af1440fb7,48.80517,2.26057,4.0,0.3738,AUCUN
FR-215290,2025-02-12,,UPS,Bordeaux Logistics Park,Paris,24.2,106.5,En attente,fourgonnette,14.6,d23122a5cb6fdbb4,c28e388c286046de,48.91356,2.33688,,0.2062,AUCUN
FR-864723,2025-04-28,,XPO Logistics,Paris-CDG Hub,Brest,40.2,757.1,En attente,avion,293.56,0a09e9b5dbb0d8ab,779c8cdf47893ff2,48.4255,-4.52449,,28.9136,AUCUN
FR-512152,2025-03-05,2025-03-18,Kuehne+Nagel,Bordeaux Logistics Park,Brest,5190.6,313.9,Livré,train,247.84,4761f7fa3a69433b,b305b9f2355a84d3,48.46809,-4.55296,13.0,45.6212,FAIBLE
FR-154501,2025-06-16,2025-06-20,DHL,Lyon Distribution Center,Nice,653.1,971.3,Livré,petit_camion,176.76,89b72f42de629ac1,f08c34bb5318a3e9,43.77447,7.32825,4.0,76.1227,AUCUN
FR-711016,2024-05-04,2024-05-14,Kuehne+Nagel,Lyon Distribution Center,Lille,4905.2,129.4,Livré,gros_camion,415.38,75a44226210eb23d,0135bf5e17cb2540,50.63985,3.11308,10.0,133.2939,FAIBLE
FR-311423,2024-11-25,2024-12-01,GLS,Bordeaux Logistics Park,Troyes,148.8,618.4,Retourné,petit_camion,94.14,60d3bd00a0e40db3,e8edc93013a19c55,48.25766,4.0567,6.0,11.0422,AUCUN
FR-602727,2024-11-22,2024-11-29,GLS,Bordeaux Logistics Park,Bordeaux,3373.8,831.7,Livré,gros_camion,510.62,6e21cb30cd3271a9,6630e4ad29a35e3a,44.91463,-0.60728,7.0,589.2578,FAIBLE
FR-774107,2026-02-22,,DB Schenker,Paris-CDG Hub,Rennes,162.3,436.6,En attente,avion,342.32,89b72f42de629ac1,d4e63cd43f94b8a7,48.1796,-1.65281,,67.3172,AUCUN
FR-736355,2024-04-29,2024-05-04,UPS,Paris-CDG Hub,Strasbourg,5854.0,77.5,Livré,train,269.97,4f34261f7c38ba0c,d4ebe0e459ad1176,48.558,7.71776,5.0,12.7032,AUCUN
FR-306776,2025-02-04,2025-02-11,Chronopost,Lyon Distribution Center,Strasbourg,6301.2,280.1,Livré,train,357.87,2210da77fef00168,70bc0209b93c62dc,48.58134,7.79219,7.0,49.4191,FAIBLE
FR-311920,2024-11-23,2024-12-01,FedEx,Bordeaux Logistics Park,Orléans,35.6,238.5,Livré,fourgonnette,13.89,97c134953eabb671,a4ab84a0fb82d781,47.90787,1.92007,8.0,0.6792,FAIBLE
FR-232409,2024-05-07,,Unknown,Bordeaux Logistics Park,Bordeaux,1615.8,1026.9,En transit,train,293.87,1f5f2617ee232079,6f85ef8886117e98,44.80217,-0.55603,,46.4594,MOYEN
FR-535232,2024-07-17,2024-07-22,Kuehne+Nagel,Paris-CDG Hub,Lille,6478.3,400.2,Livré,train,318.38,77a37e0c1eabf2ac,0123ed31ad90275e,50.69149,3.10334,5.0,72.5932,AUCUN
FR-898533,2025-06-11,2025-06-12,Unknown,Bordeaux Logistics Park,Reims,616.1,127.8,Livré,petit_camion,131.72,2bfcfe607c0a5f31,9e489ea5b27aa9e7,49.29345,3.24223,1.0,9.4485,AUCUN
FR-141949,2026-03-03,2026-03-12,Unknown,Marseille Port Depot,Reims,44.8,405.4,Livré,fourgonnette,15.67,3275c62b4a30ee93,13d87d37dc1efaf9,49.3164,3.33113,9.0,1.453,FAIBLE
FR-153445,2024-07-15,2024-07-22,Chronopost,Bordeaux Logistics Park,Nantes,177.7,368.1,Livré,avion,408.07,0a09e9b5dbb0d8ab,23d7f4ded92c09eb,47.22071,-1.63589,7.0,62.1408,FAIBLE
FR-169668,2026-02-13,,GLS,Marseille Port Depot,Nantes,1785.1,548.5,En transit,train,213.59,9f825829469aca3d,efd8adaa05de0d27,47.25281,-1.604,,27.4156,MOYEN
FR-946744,2024-08-29,2024-09-03,Unknown,Bordeaux Logistics Park,Lyon,4375.8,290.2,Livré,gros_camion,440.86,1f5f2617ee232079,9ade0019482254fa,45.73041,4.79502,5.0,266.67,AUCUN
FR-140503,2024-11-25,,DHL,Bordeaux Logistics Park,Angers,3429.1,761.7,En transit,train,363.6,577bd3cc79f49864,81b959d5ad314a4f,47.40741,-0.62274,,73.1345,MOYEN
FR-684963,2025-04-08,2025-04-16,Kuehne+Nagel,Lyon Distribution Center,Brest,132.4,770.6,Retardé,petit_camion,71.52,be6b5843204f29e6,b4b96a613ab079f1,48.29523,-4.48348,8.0,12.2433,ÉLEVÉ
FR-161402,2025-12-05,2025-12-08,DB Schenker,Lyon Distribution Center,Angers,9.3,1157.4,Livré,fourgonnette,10.33,75a44226210eb23d,e11baa442a0d2467,47.52068,-0.50409,3.0,0.8611,AUCUN
FR-971431,2024-10-02,,GLS,Paris-CDG Hub,Nantes,109.2,654.2,En transit,avion,396.43,c8796666bc9acaab,f527ff9e9c77a8d8,47.27886,-1.65676,,67.8667,MOYEN
FR-449570,2024-12-29,2025-01-06,UPS,Lyon Distribution Center,Nantes,112.6,952.7,Livré,avion,346.66,737b27ae09a06d30,f7aea4f9989100e6,47.25555,-1.59464,8.0,101.9103,FAIBLE
FR-850612,2025-09-15,2025-09-28,Chronopost,Bordeaux Logistics Park,Poitiers,20.7,240.3,Retardé,fourgonnette,14.12,ccd16f4072984dcc,d973a921257bcfe8,46.51314,0.32588,13.0,0.3979,ÉLEVÉ
FR-237818,2024-12-06,2024-12-15,FedEx,Lyon Distribution Center,Strasbourg,407.8,15.1,Livré,petit_camion,112.37,4dc658302b612f5c,ba27a649fdf6eb5f,48.62339,7.73938,9.0,0.7389,FAIBLE
FR-280686,2024-12-26,,DHL,Paris-CDG Hub,Bordeaux,6135.6,184.3,En transit,train,345.97,f057aa1333d44acb,d16a071a28d77cbe,44.78618,-0.69344,,31.6622,MOYEN
FR-442765,2025-07-06,2025-07-08,GLS,Marseille Port Depot,Rennes,3361.2,162.0,Livré,train,269.02,de6c9169a9ba75a9,c919b0843d067077,48.18023,-1.67738,2.0,15.2464,AUCUN
FR-365891,2026-03-08,2026-03-12,DHL,Paris-CDG Hub,Rennes,100.3,1008.6,Livré,avion,326.92,0a09e9b5dbb0d8ab,6463da5facc064c4,48.13398,-1.72369,4.0,96.1045,AUCUN
FR-731125,2026-01-14,2026-01-20,DB Schenker,Paris-CDG Hub,Clermont-Ferrand,1436.2,467.6,Livré,gros_camion,261.28,4937b40c2b9fb3af,70f169185ed4dafa,45.81797,3.08724,6.0,141.0291,FAIBLE
FR-421631,2025-05-12,2025-05-14,XPO Logistics,Marseille Port Depot,Nice,2961.3,566.2,Retardé,gros_camion,463.49,f057aa1333d44acb,e657f41476436557,43.70264,7.19505,2.0,352.1045,ÉLEVÉ
FR-437816,2025-11-16,,Chronopost,Bordeaux Logistics Park,Nantes,372.9,1014.1,En transit,petit_camion,119.78,0b9d5daff036d6da,14d20c68c1d8a10e,47.23129,-1.53493,,45.3789,MOYEN
FR-920902,2026-02-15,2026-02-23,UPS,Marseille Port Depot,Strasbourg,2856.5,908.9,Livré,gros_camion,460.85,5bb1ecc8ac6edde3,9032a39b38834d2a,48.605,7.71172,8.0,545.2173,FAIBLE
FR-969151,2024-04-28,2024-05-08,GLS,Paris-CDG Hub,Strasbourg,234.3,556.7,Retardé,avion,492.46,7762a147989c85a8,24b384c724e47c65,48.55153,7.71349,10.0,123.9131,ÉLEVÉ
FR-750654,2025-04-03,2025-04-15,Chronopost,Bordeaux Logistics Park,Bordeaux,12.6,735.7,Livré,fourgonnette,19.29,80c6e1b004c4d98c,1efc395a371b4e85,44.81149,-0.55628,12.0,0.7416,FAIBLE
FR-558407,2025-03-11,,Chronopost,Bordeaux Logistics Park,Perpignan,8.9,848.7,En transit,fourgonnette,18.32,a9bc7e3c6079a06c,79a0f67531a0ae7d,42.77228,2.94834,,0.6043,MOYEN
FR-891082,2025-02-25,2025-02-27,UPS,Marseille Port Depot,Bordeaux,4816.0,919.3,Livré,gros_camion,641.3,5544f6afe2c2fa55,e620315cd58a1bf2,44.9276,-0.62294,2.0,929.7432,AUCUN
FR-352393,2025-01-27,,FedEx,Marseille Port Depot,Clermont-Ferrand,7946.7,71.8,En transit,train,349.92,57305694cae2b1d0,d47dc5c86e451c80,45.77298,3.05436,,15.976,MOYEN
FR-409421,2024-05-10,2024-05-12,DB Schenker,Lyon Distribution Center,Angers,2889.5,539.9,Livré,train,285.33,213616dfc61bfad5,5cd791861ef93798,47.5126,-0.60158,2.0,43.6811,AUCUN
FR-813345,2025-06-09,,Kuehne+Nagel,Bordeaux Logistics Park,Calais,100.3,232.6,En transit,avion,280.99,b8ed8df564cec2ef,d2b096a75d0b47b6,50.95501,1.87951,,22.1633,MOYEN
FR-498396,2025-08-04,2025-08-15,UPS,Lyon Distribution Center,Poitiers,34.7,794.8,Livré,fourgonnette,9.6,2210da77fef00168,eeb1393904bc9494,46.48713,0.37587,11.0,2.2064,FAIBLE
FR-869260,2024-12-16,2024-12-23,DHL,Paris-CDG Hub,Nice,554.0,458.8,Livré,petit_camion,132.45,6dcb5f2757af7881,286aaf2502456946,43.72729,7.17899,7.0,30.501,FAIBLE
FR-899158,2025-11-12,2025-11-23,UPS,Marseille Port Depot,Bordeaux,234.5,785.9,Livré,avion,368.41,ddd94bb935d6fc90,dff7718dac60f8ea,44.79005,-0.67196,11.0,175.0789,FAIBLE
FR-148308,2025-03-03,2025-03-07,GLS,Lyon Distribution Center,Lyon,665.9,175.0,Livré,petit_camion,113.54,649f91ae50effe2e,0b7fa43ed9df0efa,45.86413,4.87729,4.0,13.9839,AUCUN
FR-974323,2026-04-05,2026-04-10,UPS,Bordeaux Logistics Park,Reims,3392.7,10.0,Livré,gros_camion,342.45,50b6dd7a25a72160,c60e4f2325c049b7,49.19093,3.29794,5.0,7.1247,AUCUN
FR-784388,2025-12-12,,UPS,Marseille Port Depot,Marseille,5914.4,343.7,En transit,train,315.7,97c134953eabb671,ef0fd1328db39677,43.35944,5.39935,,56.9178,MOYEN
FR-929122,2025-02-14,,UPS,Marseille Port Depot,Amiens,2.7,884.3,En attente,fourgonnette,8.07,0915a7642195cf8a,2cdb1f66732c8671,49.96198,2.24157,,0.191,AUCUN
FR-467181,2024-11-02,2024-11-09,DB Schenker,Paris-CDG Hub,Lille,166.4,920.7,Livré,avion,421.62,d23122a5cb6fdbb4,3829a9fc23a18c61,50.61087,3.07276,7.0,145.5443,FAIBLE
FR-931098,2024-10-10,,UPS,Marseille Port Depot,Rennes,4.4,106.8,En attente,fourgonnette,13.7,60d3bd00a0e40db3,57589865aaa8c039,48.06252,-1.63913,,0.0376,AUCUN
FR-253359,2025-01-09,2025-01-20,Kuehne+Nagel,Paris-CDG Hub,Brest,7188.0,694.4,Livré,train,441.84,dabcb1d63f05e568,aa488197c1040657,48.42002,-4.45091,11.0,139.7577,FAIBLE
FR-198226,2025-08-20,2025-08-24,GLS,Lyon Distribution Center,Lyon,9.5,325.1,Livré,fourgonnette,14.58,5bb1ecc8ac6edde3,88a4c492c7ba7ea2,45.79104,4.80097,4.0,0.2471,AUCUN
FR-896451,2026-04-25,2026-04-27,DHL,Lyon Distribution Center,Toulon,42.1,821.0,Livré,fourgonnette,21.03,4dc658302b612f5c,02f645fc2a1dd4f3,43.0912,5.89214,2.0,2.7651,AUCUN
FR-577293,2025-10-31,2025-11-11,Kuehne+Nagel,Paris-CDG Hub,Annecy,40.3,644.1,Livré,fourgonnette,20.19,60d3bd00a0e40db3,945c0e627db6ae14,46.02753,6.15402,11.0,2.0766,FAIBLE
FR-152084,2025-02-11,,DB Schenker,Lyon Distribution Center,Clermont-Ferrand,131.2,850.1,En attente,avion,383.43,2a457c97836df9d7,5907acf2965e6744,45.81048,3.12735,,105.9565,AUCUN
FR-342863,2026-01-30,,Kuehne+Nagel,Lyon Distribution Center,Angers,16.8,581.0,En transit,fourgonnette,18.73,2210da77fef00168,3ecd78f465c8053a,47.41968,-0.62649,,0.7809,MOYEN
FR-280482,2024-07-22,,Unknown,Lyon Distribution Center,Marseille,6186.4,760.2,En attente,train,396.1,7762a147989c85a8,168634a8adea23cc,43.3763,5.34257,,131.6812,AUCUN
FR-700983,2025-04-11,2025-04-19,GLS,Paris-CDG Hub,Rennes,1370.9,240.7,Retardé,train,181.3,98c6fa9a1549ec58,045e352539c2b25e,48.08255,-1.7272,8.0,9.2393,ÉLEVÉ
FR-418950,2024-07-08,2024-07-16,Unknown,Marseille Port Depot,Nantes,99.0,931.0,Livré,avion,432.51,c0fdb3ce997f47fa,5f652859e798b404,47.20164,-1.61704,8.0,87.5605,FAIBLE
FR-370239,2025-07-11,2025-07-13,XPO Logistics,Lyon Distribution Center,Rennes,36.3,677.0,Retardé,fourgonnette,19.88,a7343d238975093d,7020490838218fae,48.06865,-1.6626,2.0,1.966,ÉLEVÉ
FR-345139,2026-03-29,,Kuehne+Nagel,Paris-CDG Hub,Lille,39.2,1110.7,En attente,fourgonnette,19.58,a9bc7e3c6079a06c,0b9b3e11c9c5ec14,50.58531,3.10534,,3.4832,AUCUN
FR-262602,2024-12-19,2024-12-21,GLS,Marseille Port Depot,Toulouse,1954.9,282.1,Livré,gros_camion,361.65,abbd60b0df7fec89,eab2c8b4843df93b,43.67356,1.44416,2.0,115.8102,AUCUN
FR-585895,2025-09-03,,XPO Logistics,Lyon Distribution Center,Bayonne,5947.7,913.6,En attente,train,425.73,d1d9c071e6672d29,c7684b1d20d5c787,43.41843,-1.47752,,152.1469,AUCUN
FR-672842,2025-05-21,,GLS,Bordeaux Logistics Park,Saint-Étienne,247.7,259.8,En attente,petit_camion,109.04,588860b1c06a5a7a,0c46ed7899ef8301,45.47441,4.307,,7.7223,AUCUN
FR-457417,2025-12-07,2025-12-20,XPO Logistics,Marseille Port Depot,Perpignan,5202.0,93.1,Livré,train,227.48,6e21cb30cd3271a9,6e0553908977f957,42.73302,2.83794,13.0,13.5606,FAIBLE
FR-324895,2025-04-02,2025-04-11,Kuehne+Nagel,Marseille Port Depot,Aix-en-Provence,35.0,56.3,Livré,fourgonnette,12.28,d0443b3d89fde63f,01311d46b1bf72ee,43.41231,5.44101,9.0,0.1576,FAIBLE
FR-613339,2026-04-01,,Kuehne+Nagel,Paris-CDG Hub,Paris,19.4,652.6,En attente,avion,203.28,a7343d238975093d,7e69a0e25ebffa5a,48.8842,2.34525,,12.0274,AUCUN
FR-666999,2025-10-05,,DHL,Marseille Port Depot,Saint-Étienne,81.1,83.1,En transit,avion,264.41,ddd94bb935d6fc90,46fdcdfbbc179d7e,45.3783,4.39043,,6.4024,MOYEN
FR-310790,2025-11-03,2025-11-05,DHL,Lyon Distribution Center,Nantes,4507.8,164.8,Livré,gros_camion,450.17,4dc658302b612f5c,77043f70f3b01790,47.20708,-1.60743,2.0,156.0059,AUCUN
FR-992160,2026-04-10,,FedEx,Marseille Port Depot,Marseille,19.7,639.2,En transit,fourgonnette,13.62,184fcccb030ef7f7,b90f108a5d7dfb65,43.21322,5.43208,,1.0074,MOYEN
FR-916152,2025-12-28,2026-01-04,DHL,Marseille Port Depot,Rouen,139.3,560.5,Retourné,avion,336.52,2210da77fef00168,ef6ef9592dd4e4fb,49.50468,1.07926,7.0,74.1738,AUCUN
FR-665120,2024-09-17,2024-09-27,DHL,Marseille Port Depot,Lyon,15.7,563.0,Livré,fourgonnette,8.25,be6b5843204f29e6,a71ad47ea7375d8a,45.78556,4.84238,10.0,0.7071,FAIBLE
FR-587403,2025-08-12,2025-08-24,Chronopost,Paris-CDG Hub,Brest,7.1,167.4,Livré,avion,134.81,ccd16f4072984dcc,4cb089d55566227f,48.32751,-4.43128,12.0,1.1291,FAIBLE
FR-478945,2025-05-19,,FedEx,Marseille Port Depot,Colmar,2020.5,605.1,En attente,gros_camion,406.98,6ab1a44406435c4c,29e1366788b66c0d,48.12175,7.35926,,256.747,AUCUN
FR-853187,2024-05-25,2024-06-03,Chronopost,Marseille Port Depot,Toulouse,324.5,379.1,Retourné,petit_camion,88.87,dcc4a7b2cb980dd1,54a866af2f90e9a3,43.56681,1.37908,9.0,14.7622,AUCUN
FR-148577,2025-11-03,2025-11-11,GLS,Lyon Distribution Center,Le Mans,534.7,466.6,Livré,petit_camion,104.03,94f32f590e70c04a,620357b41d46373b,48.04101,0.20179,8.0,29.9389,FAIBLE
FR-354468,2026-02-17,,Chronopost,Marseille Port Depot,Nantes,44.9,886.2,En transit,fourgonnette,15.36,2210da77fef00168,a167b4b8af736c78,47.26225,-1.53166,,3.1832,MOYEN
FR-456460,2026-02-07,,DHL,Paris-CDG Hub,Toulouse,5.6,348.1,En transit,fourgonnette,8.38,b5d62e25e9a7adb6,e85edb9c26a1fe62,43.61549,1.46189,,0.1559,MOYEN
FR-668324,2025-10-24,,FedEx,Marseille Port Depot,Paris,469.0,313.6,En transit,petit_camion,85.51,232c9d11c882ea2c,1cc396e4583bb3bd,48.89615,2.3756,,17.6494,MOYEN
FR-440878,2026-03-26,,FedEx,Lyon Distribution Center,Nice,445.6,667.2,En attente,petit_camion,99.58,75a44226210eb23d,d2fe5a307b04d6a8,43.75942,7.19553,,35.6765,AUCUN
FR-563760,2025-05-26,2025-05-28,Unknown,Bordeaux Logistics Park,Rennes,3778.9,628.1,Livré,gros_camion,524.47,1f5f2617ee232079,2feb82c2e1bc0174,48.19402,-1.63162,2.0,498.4407,AUCUN
FR-575464,2024-08-02,2024-08-13,GLS,Paris-CDG Hub,Toulouse,16.3,122.0,Livré,fourgonnette,9.38,ddd94bb935d6fc90,90791f2ff07d4e8e,43.55014,1.51609,11.0,0.1591,FAIBLE
FR-863898,2024-11-20,,UPS,Bordeaux Logistics Park,Marseille,104.2,240.0,En transit,avion,308.4,232c9d11c882ea2c,2c69260985db7910,43.28863,5.35345,,23.7576,MOYEN
FR-209266,2025-11-14,2025-11-21,Kuehne+Nagel,Lyon Distribution Center,Rouen,,780.8,Livré,avion,281.76,ae8ce543547ae3d4,9903b5f3d40e2b6b,49.42728,1.13626,7.0,0.0,FAIBLE
FR-894786,2025-09-13,,DB Schenker,Paris-CDG Hub,Brest,150.1,871.6,En transit,avion,450.8,98c6fa9a1549ec58,7b97407151356efc,48.38107,-4.52866,,124.2858,MOYEN
FR-224945,2024-05-01,,Unknown,Paris-CDG Hub,Strasbourg,3782.8,43.0,En transit,train,196.38,afdb5de261053424,1470c5735d7073cb,48.62528,7.82055,,4.5545,MOYEN
FR-940860,2024-05-27,2024-06-05,GLS,Bordeaux Logistics Park,Nice,740.8,667.4,Livré,petit_camion,160.53,93141cbfc2990e76,e81781ea55ecc9eb,43.71088,7.25601,9.0,59.3292,FAIBLE
FR-657430,2025-02-18,2025-02-22,DHL,Marseille Port Depot,Rennes,6854.1,463.5,Retardé,train,323.9,3275c62b4a30ee93,19169130404bdfb6,48.20922,-1.70074,4.0,88.9525,ÉLEVÉ
FR-886927,2025-09-29,,Unknown,Bordeaux Logistics Park,Lyon,749.9,385.8,En transit,petit_camion,150.47,50b6dd7a25a72160,1861b7e21d8b704d,45.79858,4.84978,,34.7174,MOYEN
FR-597656,2024-08-16,2024-08-19,Chronopost,Bordeaux Logistics Park,Lille,35.1,1094.8,Livré,fourgonnette,11.9,d21c62bed959dcf6,7f01e252810c6a3b,50.63694,3.15411,3.0,3.0742,AUCUN
FR-948716,2025-10-02,2025-10-13,Unknown,Paris-CDG Hub,Clermont-Ferrand,2874.7,779.4,Livré,gros_camion,429.09,98c6fa9a1549ec58,0dc54d10bfbfcc77,45.82793,3.05507,11.0,470.5136,FAIBLE
FR-197143,2026-04-15,,Kuehne+Nagel,Paris-CDG Hub,Nantes,33.1,276.5,En attente,fourgonnette,10.08,1e3f6890d2ddffa6,8fd1fa8be5390a8e,47.19104,-1.56048,,0.7322,AUCUN
FR-174215,2025-12-29,2026-01-09,XPO Logistics,Paris-CDG Hub,Mulhouse,1051.4,451.0,Livré,gros_camion,259.26,232c9d11c882ea2c,8f9477d45809ddb1,47.70614,7.40902,11.0,99.5781,FAIBLE
FR-837358,2025-12-14,2025-12-26,Chronopost,Bordeaux Logistics Park,Toulouse,34.3,992.7,Livré,fourgonnette,20.76,4761f7fa3a69433b,784fd93e17fc8169,43.53815,1.52008,12.0,2.724,FAIBLE
FR-483352,2025-02-15,2025-02-20,Kuehne+Nagel,Bordeaux Logistics Park,Paris,3128.2,45.1,Retardé,train,168.75,184fcccb030ef7f7,2c2df77e7d7e6828,48.84503,2.35558,5.0,3.9503,ÉLEVÉ
FR-666686,2025-07-20,2025-07-22,Chronopost,Paris-CDG Hub,Dijon,207.4,1082.4,Livré,avion,536.57,75a44226210eb23d,2683ea194d2ef55b,47.30219,4.99482,2.0,213.2653,AUCUN
FR-577326,2024-07-05,2024-07-08,UPS,Lyon Distribution Center,Chartres,31.2,490.5,Livré,fourgonnette,11.76,649f91ae50effe2e,eedbb9ae8ca78766,48.4249,1.4479,3.0,1.2243,AUCUN
FR-699062,2025-07-02,2025-07-06,Kuehne+Nagel,Marseille Port Depot,Paris,2190.0,46.3,Livré,gros_camion,327.81,93141cbfc2990e76,67d2955c4f7b7c61,48.86117,2.37279,4.0,21.2934,AUCUN
FR-301047,2024-05-08,2024-05-15,XPO Logistics,Marseille Port Depot,Bourges,207.0,609.6,Livré,avion,367.79,5bb1ecc8ac6edde3,ed6ce59a70133aca,47.06246,2.49202,7.0,119.8778,FAIBLE
FR-757396,2025-12-22,2025-12-26,XPO Logistics,Bordeaux Logistics Park,Paris,4575.6,245.7,Livré,gros_camion,384.97,57305694cae2b1d0,36f99c4ce1f24a51,48.90889,2.37443,4.0,236.0872,AUCUN
FR-478649,2024-09-24,2024-10-05,Kuehne+Nagel,Paris-CDG Hub,Lille,4080.3,328.9,Livré,gros_camion,382.55,ac1dabffaec6f025,3323efb6a360901c,50.70858,3.02852,11.0,281.8222,FAIBLE
FR-712252,2024-07-04,,DHL,Lyon Distribution Center,Rennes,22.6,1052.5,En transit,fourgonnette,10.72,b5d62e25e9a7adb6,6b9d4a3193dca386,48.10469,-1.75773,,1.9029,MOYEN
FR-927138,2024-07-29,2024-08-04,FedEx,Marseille Port Depot,Strasbourg,1461.7,505.7,Livré,gros_camion,299.07,a411faa4604af305,94862221969adba3,48.6606,7.80255,6.0,155.2282,FAIBLE
FR-969464,2025-06-25,2025-07-06,FedEx,Paris-CDG Hub,Tours,206.8,304.0,Livré,avion,292.92,9f825829469aca3d,75b96b5664d3d21a,47.34574,0.69335,11.0,59.7238,FAIBLE
FR-509978,2024-11-21,,UPS,Marseille Port Depot,Strasbourg,7925.7,1035.6,En attente,train,458.97,309f7e2638c05965,eed7901cb4ab6735,48.60161,7.76089,,229.8199,AUCUN
FR-943564,2025-12-04,2025-12-11,Chronopost,Bordeaux Logistics Park,Rennes,1050.0,414.5,Livré,gros_camion,266.58,c3c93bf263ad82fc,461fd82cb4df4381,48.08679,-1.68656,7.0,91.3972,FAIBLE
FR-890449,2025-09-28,2025-10-02,FedEx,Bordeaux Logistics Park,Lyon,,462.7,Livré,petit_camion,138.54,6dcb5f2757af7881,2a6ee8190beb7415,45.76871,4.95077,4.0,0.0,AUCUN
FR-348243,2024-09-14,,DHL,Paris-CDG Hub,Nantes,38.7,62.9,En transit,fourgonnette,16.39,213616dfc61bfad5,f7291f8df631726e,47.14456,-1.53817,,0.1947,MOYEN
FR-851495,2025-06-21,,Chronopost,Marseille Port Depot,Reims,694.9,630.2,En attente,petit_camion,161.01,75a44226210eb23d,9a2914d7b2073f71,49.26442,3.31853,,52.5511,AUCUN
FR-696873,2024-09-30,2024-10-02,GLS,Bordeaux Logistics Park,Dijon,514.5,263.7,Livré,petit_camion,133.61,309f7e2638c05965,1adb70f15bdc1ea3,47.39156,5.04287,2.0,16.2808,AUCUN
FR-640412,2025-07-18,,DHL,Marseille Port Depot,Clermont-Ferrand,6705.0,1087.6,En transit,train,422.04,98c6fa9a1549ec58,e3b24162be69a225,45.71628,3.14183,,204.186,MOYEN
FR-442445,2025-08-07,2025-08-14,DHL,Lyon Distribution Center,Rennes,3216.5,258.1,Retardé,gros_camion,358.14,a9bc7e3c6079a06c,b2620cfc8c00e6a2,48.07447,-1.63354,7.0,174.3375,ÉLEVÉ
FR-734655,2026-01-09,2026-01-19,Unknown,Paris-CDG Hub,Bordeaux,,170.2,Livré,gros_camion,429.9,0915a7642195cf8a,06b5b1829d733ce5,44.88177,-0.61118,10.0,0.0,FAIBLE
FR-386132,2024-12-29,2024-12-31,FedEx,Bordeaux Logistics Park,Le Havre,609.6,323.8,Livré,petit_camion,142.84,ba12f74cff0e9464,eec23ee6c5efcf93,49.49621,0.13349,2.0,23.6866,AUCUN
FR-890413,2025-05-18,2025-05-25,DHL,Bordeaux Logistics Park,Strasbourg,3237.0,867.5,Livré,gros_camion,448.17,b8ed8df564cec2ef,6f4c6bf6c6d8f7e7,48.5237,7.81131,7.0,589.7005,FAIBLE
FR-559348,2026-02-27,,FedEx,Paris-CDG Hub,Rennes,45.3,617.8,En transit,fourgonnette,13.5,7334ee7ff8765e16,f8745a8afdfb1855,48.08666,-1.69072,,2.2389,MOYEN
FR-194499,2024-11-22,2024-11-25,Chronopost,Marseille Port Depot,Besançon,1331.1,1075.2,Livré,train,323.92,076d9a82acb00f0c,d7c7e18e2c8126f6,47.23184,6.06889,3.0,40.0736,AUCUN
FR-132309,2025-06-27,2025-07-04,Unknown,Paris-CDG Hub,Nice,36.9,132.3,Retourné,fourgonnette,13.91,75a44226210eb23d,fb61fdc9a1670aeb,43.71478,7.29673,7.0,0.3905,AUCUN
FR-984336,2025-07-12,2025-07-22,Unknown,Marseille Port Depot,Strasbourg,150.3,521.9,Livré,avion,241.05,b5eaeda6f050b47c,8914b5f24ed04f0a,48.59452,7.69304,10.0,74.5195,FAIBLE
FR-445277,2024-10-23,2024-10-30,DHL,Marseille Port Depot,Marseille,1294.1,1172.1,Livré,train,357.53,c3c93bf263ad82fc,db94ff46b75d2689,43.33128,5.32677,7.0,42.4708,FAIBLE
FR-462994,2025-07-05,2025-07-17,Unknown,Bordeaux Logistics Park,Rouen,,341.8,Livré,fourgonnette,11.44,afdb5de261053424,7ae9e2a47efc5f4d,49.39315,1.06147,12.0,0.0,FAIBLE
FR-679749,2024-05-21,2024-05-23,UPS,Paris-CDG Hub,Nice,1873.1,446.9,Livré,gros_camion,390.93,649f91ae50effe2e,29099acfc56c52f2,43.65979,7.26564,2.0,175.7886,AUCUN
FR-534186,2026-01-19,,Kuehne+Nagel,Lyon Distribution Center,Lyon,4171.1,1178.7,En attente,gros_camion,644.89,2e77fde05867cb62,4ee64a943dda9aab,45.84103,4.89895,,1032.4599,AUCUN
FR-175961,2024-07-14,2024-07-21,DHL,Lyon Distribution Center,Rennes,2000.0,259.5,Livré,gros_camion,320.91,6dd72298f13e566b,9ef5ebdac8cdb59e,48.08656,-1.6141,7.0,108.99,FAIBLE
FR-938978,2024-10-23,,UPS,Marseille Port Depot,Toulouse,1232.1,992.3,En transit,train,312.21,964fb47ecc48fb44,c659fe2ddb78c04e,43.60883,1.35665,,34.2332,MOYEN
FR-863658,2024-05-31,2024-06-05,FedEx,Lyon Distribution Center,Strasbourg,189.5,426.0,Livré,avion,345.53,45466476afe9982a,8c32c54885e445e4,48.5525,7.68799,5.0,76.6907,AUCUN
FR-997142,2026-01-23,2026-02-04,UPS,Paris-CDG Hub,Paris,2284.2,595.6,Livré,gros_camion,325.13,867749e4b7692143,7fb0f7ad6b62bd77,48.82998,2.40063,12.0,285.6986,FAIBLE
FR-285685,2025-08-31,2025-09-02,Chronopost,Lyon Distribution Center,Rennes,96.3,182.6,Retardé,avion,227.46,964fb47ecc48fb44,bddb6f020cd39e50,48.09587,-1.66462,2.0,16.7052,ÉLEVÉ
FR-122554,2024-11-19,,Unknown,Bordeaux Logistics Park,Toulouse,95.3,902.2,En transit,avion,321.28,7762a147989c85a8,be94dd7412a4b4a9,43.57398,1.43574,,81.6807,MOYEN
FR-217526,2025-08-29,,DHL,Paris-CDG Hub,Grenoble,125.8,232.1,En transit,avion,217.13,d23122a5cb6fdbb4,ae889c0d2f7c354b,45.14747,5.70948,,27.7383,MOYEN
FR-729272,2025-11-26,,UPS,Marseille Port Depot,Aix-en-Provence,5.1,399.0,En attente,avion,293.38,232c9d11c882ea2c,6a02c08970f2f03d,43.49713,5.40913,,1.9332,AUCUN
FR-918087,2024-06-23,2024-06-26,Chronopost,Lyon Distribution Center,Troyes,9.1,707.3,Livré,avion,301.47,6dd72298f13e566b,75e5b0abc55a6f0a,48.24704,4.02694,3.0,6.1146,AUCUN
FR-137896,2025-09-12,2025-09-23,DHL,Paris-CDG Hub,Marseille,49.1,1189.5,Livré,fourgonnette,17.57,213616dfc61bfad5,00dae9fe5a794de7,43.2662,5.31431,11.0,4.6724,FAIBLE
FR-560278,2025-09-04,,FedEx,Marseille Port Depot,Lyon,766.3,953.7,En transit,petit_camion,167.29,7762a147989c85a8,686b5266c128d58e,45.82488,4.8807,,87.6984,MOYEN
FR-311688,2025-11-22,2025-11-25,FedEx,Lyon Distribution Center,Toulouse,3535.2,774.8,Retardé,gros_camion,417.81,588860b1c06a5a7a,e0db1713c6cbc682,43.53429,1.38103,3.0,575.2053,ÉLEVÉ
FR-204596,2025-12-01,2025-12-09,Chronopost,Bordeaux Logistics Park,Strasbourg,172.9,788.1,Livré,avion,397.36,2210da77fef00168,02511db8930e01eb,48.66401,7.67893,8.0,129.4494,FAIBLE
FR-698857,2026-04-13,,GLS,Paris-CDG Hub,Bordeaux,3100.2,716.7,En transit,train,299.94,dc995e4ea96bebf0,4d6c9a507b52a2f2,44.89102,-0.58525,,62.2136,MOYEN
FR-766140,2025-01-26,2025-01-30,Chronopost,Bordeaux Logistics Park,Nantes,815.0,1079.1,Retardé,gros_camion,314.65,6b16b395ec3a9551,8226ea85c1b5c84d,47.27013,-1.51425,4.0,184.688,ÉLEVÉ
FR-708492,2024-08-30,2024-09-12,XPO Logistics,Lyon Distribution Center,Lyon,1348.4,47.9,Livré,gros_camion,236.82,286f327fca2fc8f0,b3bbe0dc2aa6d8be,45.88782,4.77686,13.0,13.5636,FAIBLE
FR-103293,2025-02-02,,Kuehne+Nagel,Bordeaux Logistics Park,Orléans,57.0,711.8,En transit,avion,213.17,c3c93bf263ad82fc,a6a2f753639c8e6c,47.90164,1.91121,,38.544,MOYEN
FR-367093,2025-06-29,2025-07-06,DHL,Marseille Port Depot,Nice,1501.3,336.1,Livré,gros_camion,273.26,2debffb0c60c520e,f0f0ceee4efb87fe,43.66389,7.29506,7.0,105.9633,FAIBLE
FR-501981,2025-09-21,2025-10-04,Kuehne+Nagel,Marseille Port Depot,Paris,2856.4,1174.7,Livré,train,369.82,076d9a82acb00f0c,b9707b22ab9a0c9a,48.67385,2.32788,13.0,93.9516,FAIBLE
FR-784831,2025-03-19,2025-03-21,GLS,Marseille Port Depot,Rennes,892.4,1138.1,Livré,train,274.53,f057aa1333d44acb,c55c207dded06497,48.14006,-1.65648,2.0,28.4379,AUCUN
FR-229076,2025-08-07,,GLS,Lyon Distribution Center,Bordeaux,32.8,660.4,En transit,fourgonnette,21.89,5544f6afe2c2fa55,26a8c06fad4145e7,44.90448,-0.5861,,1.7329,MOYEN
FR-706388,2024-05-26,2024-06-06,GLS,Paris-CDG Hub,Brest,6744.2,502.0,Livré,train,373.45,2debffb0c60c520e,65a283c54739f64a,48.34788,-4.47205,11.0,94.7965,FAIBLE
FR-384988,2025-01-20,2025-02-01,GLS,Bordeaux Logistics Park,Paris,36.7,449.4,Livré,fourgonnette,12.47,e99e31c1b5468d2d,d58beedae72126f7,48.92327,2.33531,12.0,1.3194,FAIBLE
FR-445059,2025-11-09,2025-11-10,UPS,Paris-CDG Hub,Nantes,762.4,1113.5,Livré,petit_camion,195.27,4539984fb9bfe688,bceb7fd21b37d759,47.27325,-1.53131,1.0,101.8719,AUCUN
FR-115523,2026-01-01,2026-01-12,DHL,Bordeaux Logistics Park,Nice,94.5,320.1,Livré,avion,246.22,184fcccb030ef7f7,15bc0551bd5095a5,43.73405,7.23967,11.0,28.737,FAIBLE
FR-897371,2025-10-09,2025-10-10,Unknown,Paris-CDG Hub,Marseille,2502.8,1162.7,Livré,gros_camion,427.41,b3ede2357f536e0a,24bb93a8c11e60df,43.48087,5.37891,1.0,611.1012,AUCUN
FR-617035,2024-05-10,2024-05-22,DHL,Marseille Port Depot,Rennes,39.4,604.5,Livré,avion,315.42,2debffb0c60c520e,cd03dfee9359c1d0,48.20769,-1.64489,12.0,22.6264,FAIBLE
FR-344378,2026-02-20,2026-03-01,UPS,Paris-CDG Hub,Rennes,24.4,157.1,Livré,avion,193.3,4f34261f7c38ba0c,9622383470fd7fc6,48.07355,-1.609,9.0,3.6416,FAIBLE
FR-488511,2024-08-15,2024-08-26,DHL,Marseille Port Depot,Rennes,4278.2,238.6,Retourné,gros_camion,422.45,ac1dabffaec6f025,fa453d2515c4a9a5,48.12601,-1.67951,11.0,214.3635,AUCUN
FR-133691,2026-01-05,2026-01-13,UPS,Bordeaux Logistics Park,Nice,622.9,382.8,Livré,petit_camion,105.93,588860b1c06a5a7a,b67bd2f71d9b851e,43.63689,7.36842,8.0,28.6135,FAIBLE
FR-446762,2025-08-15,2025-08-23,Kuehne+Nagel,Paris-CDG Hub,Nice,45.8,127.4,Livré,fourgonnette,10.73,2c7e84ab9c91b547,f3e51656e9b2e4d2,43.67844,7.19683,8.0,0.4668,FAIBLE
FR-225039,2024-09-22,2024-09-29,DB Schenker,Paris-CDG Hub,Nice,5863.5,238.4,Livré,train,314.05,89b72f42de629ac1,82bd899500f0c99e,43.69415,7.23306,7.0,39.14,FAIBLE
FR-197984,2025-09-01,2025-09-12,XPO Logistics,Paris-CDG Hub,Nantes,21.4,691.5,Livré,fourgonnette,21.27,2e77fde05867cb62,80ba9a8488b93302,47.20664,-1.51526,11.0,1.1838,FAIBLE
FR-798533,2024-08-30,2024-09-10,DB Schenker,Lyon Distribution Center,La Rochelle,5576.7,180.8,Livré,train,243.89,89b72f42de629ac1,d673ddd9d9482bec,46.23573,-1.13335,11.0,28.2315,FAIBLE
FR-709410,2024-06-04,2024-06-06,FedEx,Bordeaux Logistics Park,Caen,160.1,247.2,Livré,avion,359.74,80c6e1b004c4d98c,ce0219d088f8c81b,49.225,-0.27798,2.0,37.5979,AUCUN
FR-781624,2025-11-24,2025-12-04,UPS,Paris-CDG Hub,Toulouse,3560.5,1172.6,Retourné,gros_camion,472.95,bebe00cf88981ebb,b8ae5551e231a8e2,43.63396,1.43734,10.0,876.7589,AUCUN
FR-884708,2025-05-02,2025-05-09,Unknown,Bordeaux Logistics Park,Strasbourg,3830.4,633.4,Livré,train,284.99,3275c62b4a30ee93,e546b8e62d081f65,48.54139,7.74306,7.0,67.9329,FAIBLE
FR-275363,2024-08-28,2024-09-08,Chronopost,Bordeaux Logistics Park,Nice,27.7,338.1,Livré,fourgonnette,15.02,6dcb5f2757af7881,b400cd870be98462,43.70142,7.35264,11.0,0.7492,FAIBLE
FR-353200,2025-11-03,2025-11-10,Kuehne+Nagel,Marseille Port Depot,Saint-Étienne,3.6,740.4,Livré,fourgonnette,13.24,cca89aaad52adbdd,120b9fce0c9f192a,45.43948,4.46535,7.0,0.2132,FAIBLE
FR-473585,2024-08-23,2024-08-24,GLS,Paris-CDG Hub,Dijon,159.9,39.7,Retardé,petit_camion,91.46,2bfcfe607c0a5f31,27036c5eab5eb372,47.29878,5.01879,1.0,0.7618,ÉLEVÉ
FR-298823,2024-08-14,2024-08-23,UPS,Paris-CDG Hub,Rennes,2748.8,910.2,Livré,gros_camion,463.31,afdb5de261053424,e9bd34ec3915cd93,48.11827,-1.67926,9.0,525.4111,FAIBLE
FR-883261,2024-08-29,,FedEx,Marseille Port Depot,Rennes,47.8,187.0,En transit,fourgonnette,16.44,fb9a24e0a82c372f,7a34006c64ec3436,48.12748,-1.7269,,0.7151,MOYEN
FR-690620,2024-05-09,2024-05-22,Chronopost,Bordeaux Logistics Park,Nantes,19.7,18.2,Livré,fourgonnette,11.12,cca89aaad52adbdd,782f7a3cfc5d75e9,47.1655,-1.5808,13.0,0.0287,FAIBLE
FR-844012,2025-01-11,2025-01-14,Unknown,Marseille Port Depot,Lille,345.3,547.4,Retourné,petit_camion,122.16,4e3a294f61cb834d,cbcbe594e90d2782,50.59874,2.94586,3.0,22.6821,AUCUN
FR-737879,2025-07-21,2025-07-30,DHL,Paris-CDG Hub,Ajaccio,835.4,720.2,Livré,gros_camion,257.11,afdb5de261053424,e8c5b2abaded4482,41.95719,8.75713,9.0,126.3476,FAIBLE
FR-942541,2024-06-19,2024-06-27,Unknown,Paris-CDG Hub,Aix-en-Provence,139.0,734.9,Livré,avion,347.21,ba12f74cff0e9464,fcc372345a2890b5,43.63755,5.42448,8.0,97.0435,FAIBLE
FR-972041,2025-08-10,2025-08-19,GLS,Marseille Port Depot,Lyon,4626.8,890.3,Livré,gros_camion,581.42,75a44226210eb23d,e654677ccf743c03,45.791,4.82094,9.0,865.0404,FAIBLE
FR-613229,2026-04-09,2026-04-13,Chronopost,Bordeaux Logistics Park,Bayonne,707.6,307.4,Retardé,petit_camion,121.97,bebe00cf88981ebb,f83b2831a0bd3da7,43.50428,-1.46544,4.0,26.1019,ÉLEVÉ
FR-111416,2025-03-24,2025-03-31,GLS,Lyon Distribution Center,Nantes,1.8,1009.0,Retardé,fourgonnette,10.32,c0fdb3ce997f47fa,51f48bb31e767ca3,47.15922,-1.6126,7.0,0.1453,ÉLEVÉ
FR-219773,2024-12-13,2024-12-25,Kuehne+Nagel,Paris-CDG Hub,Lille,115.8,556.6,Livré,petit_camion,111.08,5544f6afe2c2fa55,8ba778be893e594f,50.66799,3.1114,12.0,7.7345,FAIBLE
FR-127139,2024-11-27,2024-11-28,Unknown,Bordeaux Logistics Park,Toulouse,9.5,1012.8,Livré,avion,219.07,b5eaeda6f050b47c,d1ca364c5c33ab10,43.60592,1.41288,1.0,9.1405,AUCUN
FR-216582,2025-03-25,,XPO Logistics,Bordeaux Logistics Park,Lille,6.9,131.1,En transit,fourgonnette,15.63,a411faa4604af305,1ba532b3e470951a,50.58581,3.04017,,0.0724,MOYEN
FR-487081,2025-09-23,2025-10-06,DHL,Lyon Distribution Center,Nantes,2566.7,244.4,Livré,gros_camion,323.72,c3c93bf263ad82fc,9c77d912c82edbbb,47.2035,-1.56031,13.0,131.7333,FAIBLE
FR-874993,2024-05-23,,DHL,Marseille Port Depot,Nantes,134.4,951.4,En transit,petit_camion,69.26,57305694cae2b1d0,3d54d21fa97444d6,47.22157,-1.61522,,15.3442,MOYEN
FR-561814,2025-05-19,2025-05-23,UPS,Paris-CDG Hub,Perpignan,1377.9,895.4,Retardé,train,208.56,bebe00cf88981ebb,d4726f77b711e005,42.72458,2.84519,4.0,34.5456,ÉLEVÉ
FR-106040,2024-09-02,,Chronopost,Bordeaux Logistics Park,Rennes,273.7,596.9,En attente,petit_camion,119.91,b8ed8df564cec2ef,bce18492af94ecf4,48.0784,-1.63531,,19.6046,AUCUN
FR-971641,2025-03-21,,Kuehne+Nagel,Paris-CDG Hub,Nice,234.3,25.6,En attente,avion,303.09,57305694cae2b1d0,6f725e3c7d091749,43.66311,7.29567,,5.6982,AUCUN
FR-901807,2025-06-11,,DB Schenker,Lyon Distribution Center,Bordeaux,24.9,437.5,En transit,fourgonnette,14.35,64be089ea6398de1,79e4e0e53df5d923,44.94771,-0.57338,,0.8715,MOYEN
FR-834137,2024-10-15,2024-10-19,Unknown,Bordeaux Logistics Park,Nice,87.1,655.1,Retardé,avion,253.47,97c134953eabb671,d67ec50ba8690351,43.69023,7.34208,4.0,54.2062,ÉLEVÉ
FR-983570,2025-06-02,2025-06-06,FedEx,Lyon Distribution Center,Avignon,6799.3,1188.6,Retardé,train,418.6,232c9d11c882ea2c,ee27a71a9f15cbb3,44.01687,4.85845,4.0,226.2861,ÉLEVÉ
FR-725689,2025-01-28,,UPS,Lyon Distribution Center,Toulouse,32.8,890.8,En transit,fourgonnette,13.69,420ccf90b5c7ed29,abf983bc8363b336,43.60025,1.41631,,2.3375,MOYEN
FR-183064,2024-06-20,,GLS,Bordeaux Logistics Park,Strasbourg,97.3,358.6,En transit,avion,227.22,d1d9c071e6672d29,8c59ba2ed3c2498d,48.68295,7.82536,,33.1472,MOYEN
FR-104886,2026-03-27,,DB Schenker,Marseille Port Depot,Lille,16.4,943.4,En attente,fourgonnette,9.35,b5eaeda6f050b47c,b63f463c9ca19a9c,50.65832,3.05793,,1.2377,AUCUN
FR-897293,2026-04-11,,DHL,Bordeaux Logistics Park,Lille,,425.6,En attente,gros_camion,229.99,a411faa4604af305,fb17191b298cc15f,50.67247,3.02797,,0.0,AUCUN
FR-764257,2025-04-20,2025-04-28,Unknown,Bordeaux Logistics Park,Le Havre,46.3,1126.8,Retourné,fourgonnette,12.07,4937b40c2b9fb3af,ddd579ef838df60a,49.47911,0.1063,8.0,4.1737,AUCUN
FR-684498,2025-04-24,2025-05-03,UPS,Bordeaux Logistics Park,Paris,1433.1,763.9,Livré,gros_camion,379.66,6dd72298f13e566b,1c533f2b4bff0c68,48.9237,2.35106,9.0,229.8965,FAIBLE
FR-469025,2026-01-16,2026-01-24,Kuehne+Nagel,Marseille Port Depot,Avignon,14.2,81.4,Livré,avion,235.35,737b27ae09a06d30,b77df70600f6b6c6,43.88875,4.76207,8.0,1.0981,FAIBLE
FR-547679,2025-08-26,2025-09-06,GLS,Marseille Port Depot,Orléans,3826.4,445.6,Livré,gros_camion,457.2,64be089ea6398de1,1eeac0a4143338e7,47.85542,1.84834,11.0,358.0592,FAIBLE
FR-800026,2024-06-01,2024-06-04,GLS,Lyon Distribution Center,Orléans,23.8,186.3,Livré,fourgonnette,16.07,577bd3cc79f49864,37b8ec4985f818df,47.84272,1.97563,3.0,0.3547,AUCUN
FR-574672,2024-08-26,,Chronopost,Bordeaux Logistics Park,Lille,3583.6,1077.2,En attente,gros_camion,490.05,89b72f42de629ac1,899b5431f90b5d5b,50.64011,3.10141,,810.6533,AUCUN
FR-430790,2024-09-08,,Chronopost,Lyon Distribution Center,Strasbourg,38.5,859.3,En transit,fourgonnette,21.73,4d783fa3092cb304,f29dc9cc87fbd2ae,48.50215,7.68359,,2.6466,MOYEN
FR-417174,2025-01-06,,UPS,Marseille Port Depot,Strasbourg,5467.5,1148.4,En attente,train,422.23,ac1dabffaec6f025,24b716888cbe0dd2,48.57215,7.75639,,175.8086,AUCUN
FR-136861,2026-03-14,2026-03-18,FedEx,Lyon Distribution Center,Rennes,4238.8,416.5,Livré,gros_camion,488.74,964fb47ecc48fb44,522932d5424610a2,48.03388,-1.68012,4.0,370.7466,AUCUN
FR-485810,2024-05-06,2024-05-16,Chronopost,Lyon Distribution Center,Orléans,4694.6,655.3,Retourné,gros_camion,519.58,dc995e4ea96bebf0,defec2e720b65c7c,47.79877,1.94567,10.0,646.038,AUCUN
FR-423340,2025-09-27,2025-10-10,Kuehne+Nagel,Lyon Distribution Center,Amiens,2605.1,1047.0,Livré,train,368.29,184fcccb030ef7f7,a7fb1bafd699a04c,49.85603,2.27177,13.0,76.3711,FAIBLE
FR-631091,2024-12-29,2025-01-08,UPS,Lyon Distribution Center,Toulouse,65.2,593.5,Livré,avion,364.44,b8ed8df564cec2ef,a546fe73de87292c,43.59951,1.51544,10.0,36.7614,FAIBLE
FR-247053,2024-06-03,2024-06-04,Unknown,Marseille Port Depot,Paris,46.2,661.2,Livré,fourgonnette,10.56,6a5796584ab1ac8a,17776cdf2ddfc0ca,48.91139,2.24007,1.0,2.4438,AUCUN
FR-265783,2026-01-02,,FedEx,Marseille Port Depot,Rennes,188.7,1092.2,En transit,avion,448.06,649f91ae50effe2e,a0afadf4456d62b4,48.06779,-1.70297,,195.7932,MOYEN
FR-736725,2025-10-20,2025-10-26,Unknown,Bordeaux Logistics Park,Rennes,397.4,1186.7,Retourné,petit_camion,148.69,a7343d238975093d,c44eff4519c5cba3,48.1335,-1.6209,6.0,56.5913,AUCUN
FR-808684,2026-01-22,,FedEx,Bordeaux Logistics Park,Marseille,35.9,684.1,En transit,fourgonnette,9.38,1f5f2617ee232079,0e2b854498e1b673,43.37718,5.43674,,1.9647,MOYEN
FR-572360,2026-01-20,,UPS,Marseille Port Depot,Lyon,2072.0,804.8,En transit,train,275.27,c0fdb3ce997f47fa,79a5b408e6d669e2,45.70636,4.8161,,46.6913,MOYEN
FR-658599,2025-10-17,2025-10-28,Unknown,Lyon Distribution Center,Rennes,348.9,1190.1,Livré,petit_camion,116.68,ff07dd0896d16f31,d9b405d3d2b44bdd,48.14448,-1.67336,11.0,49.8271,FAIBLE
FR-587258,2024-07-29,2024-08-02,FedEx,Lyon Distribution Center,Lyon,2891.6,742.6,Livré,gros_camion,495.68,c0fdb3ce997f47fa,6047d9ba67401384,45.76317,4.75821,4.0,450.9335,AUCUN
FR-565348,2025-05-24,2025-06-01,GLS,Paris-CDG Hub,Strasbourg,2770.4,907.2,Livré,train,294.8,46b06486d10dd744,3d0a4fd77b81bfa4,48.56304,7.78637,8.0,70.3726,FAIBLE
FR-436752,2024-09-04,2024-09-05,XPO Logistics,Bordeaux Logistics Park,Angers,21.0,266.0,Retourné,fourgonnette,16.6,6b16b395ec3a9551,c1ffa66efeeae657,47.4345,-0.58746,1.0,0.4469,AUCUN
FR-684134,2024-09-08,,Unknown,Marseille Port Depot,Paris,6666.7,799.8,En transit,train,385.61,afdb5de261053424,e0f9cfa09c3fb367,48.88383,2.36276,,149.2967,MOYEN
FR-922828,2024-06-18,2024-06-29,FedEx,Marseille Port Depot,Marseille,2503.5,98.4,Livré,train,192.19,75a44226210eb23d,8773184f24388567,43.32207,5.3336,11.0,6.8976,FAIBLE
FR-327551,2025-06-19,2025-06-30,GLS,Paris-CDG Hub,Besançon,577.6,469.4,Livré,petit_camion,118.42,b5d62e25e9a7adb6,62d57c0d736fcd60,47.27771,6.07263,11.0,32.5351,FAIBLE
FR-184694,2026-03-03,2026-03-16,FedEx,Bordeaux Logistics Park,Ajaccio,16.6,1172.0,Livré,fourgonnette,23.22,b8ed8df564cec2ef,6f7b99cb00706611,41.89748,8.70035,13.0,1.5564,FAIBLE
FR-436352,2026-01-19,,XPO Logistics,Bordeaux Logistics Park,Bourges,116.9,946.6,En attente,avion,273.09,b4b018a4be786430,915e539357d55af7,47.17333,2.4474,,105.1247,AUCUN
FR-303631,2025-07-12,2025-07-23,GLS,Marseille Port Depot,Marseille,3830.0,662.7,Livré,train,352.26,184fcccb030ef7f7,6e5514ebaab55fc4,43.38018,5.35556,11.0,71.0679,FAIBLE
FR-340127,2025-04-04,2025-04-12,Kuehne+Nagel,Paris-CDG Hub,Toulouse,44.7,337.1,Livré,avion,309.34,737b27ae09a06d30,9f717702fcabeab8,43.6444,1.43458,8.0,14.315,FAIBLE
FR-666660,2025-03-22,,FedEx,Paris-CDG Hub,Orléans,730.6,149.5,En transit,petit_camion,107.46,2e77fde05867cb62,0fa58d1b0ba1de54,47.86002,1.87955,,13.107,MOYEN
FR-222850,2025-06-06,,XPO Logistics,Marseille Port Depot,Strasbourg,3.4,683.5,En attente,avion,263.58,2e77fde05867cb62,7d63eda47489b433,48.56483,7.74005,,2.2077,AUCUN
FR-995005,2025-07-08,,GLS,Marseille Port Depot,La Rochelle,682.5,819.7,En attente,petit_camion,180.46,176085ab92f665ad,5556674bd846a5e0,46.16898,-1.15089,,67.1334,AUCUN
FR-188901,2025-09-14,2025-09-19,Kuehne+Nagel,Lyon Distribution Center,Nice,252.0,1143.2,Livré,petit_camion,139.58,ac1dabffaec6f025,93d565067b866d2d,43.72115,7.21886,5.0,34.5704,AUCUN
FR-910956,2025-10-10,2025-10-19,DB Schenker,Paris-CDG Hub,Lyon,2774.0,528.2,Retardé,train,309.76,d1d9c071e6672d29,2b80920d843443da,45.70075,4.8846,9.0,41.0264,ÉLEVÉ
FR-209318,2025-12-02,,GLS,Paris-CDG Hub,Strasbourg,102.0,337.8,En transit,petit_camion,82.17,213616dfc61bfad5,dc73bacd5117f436,48.53136,7.74856,,4.1347,MOYEN
FR-563530,2024-05-20,,DHL,Bordeaux Logistics Park,Reims,83.1,760.5,En transit,avion,311.77,ddd94bb935d6fc90,8267cd66b8c0799d,49.32886,3.31854,,60.0377,MOYEN
FR-599781,2024-07-06,2024-07-12,DHL,Lyon Distribution Center,Marseille,31.9,1171.9,Livré,fourgonnette,12.33,dc995e4ea96bebf0,589280e623e2de47,43.34786,5.30377,6.0,2.9907,FAIBLE
FR-520376,2024-10-23,,GLS,Lyon Distribution Center,Ajaccio,738.3,785.7,En transit,train,228.89,5bb1ecc8ac6edde3,13bf0c22611039c9,41.96242,8.67814,,16.2423,MOYEN
FR-719134,2024-07-20,,FedEx,Lyon Distribution Center,Marseille,29.7,576.8,En attente,avion,244.59,309f7e2638c05965,85d2ace2d006dfda,43.23242,5.36643,,16.2744,AUCUN
FR-789932,2024-06-02,2024-06-13,Unknown,Paris-CDG Hub,Marseille,254.1,508.7,Retardé,petit_camion,99.32,c3c93bf263ad82fc,1b24c36ebd2f300a,43.3246,5.40321,11.0,15.5113,ÉLEVÉ
FR-649228,2025-06-17,2025-06-23,FedEx,Lyon Distribution Center,Aix-en-Provence,4654.0,334.4,Retourné,gros_camion,498.3,4dc658302b612f5c,2dedc22c693bcd9c,43.50153,5.4419,6.0,326.8225,AUCUN
FR-884217,2025-05-16,2025-05-25,Chronopost,Marseille Port Depot,Nice,6949.3,425.8,Livré,train,295.94,b3ede2357f536e0a,a642a0027fb48b64,43.69789,7.26112,9.0,82.8523,FAIBLE
FR-713368,2025-12-11,2025-12-17,Unknown,Marseille Port Depot,Strasbourg,41.2,377.7,Livré,fourgonnette,18.98,64be089ea6398de1,bbbf62ca3ce5062e,48.51795,7.72013,6.0,1.2449,FAIBLE
FR-516104,2025-07-16,2025-07-21,Unknown,Paris-CDG Hub,Bordeaux,5173.0,484.4,Livré,train,260.17,b8ed8df564cec2ef,f50c541a4c24076a,44.85312,-0.53862,5.0,70.1624,AUCUN
FR-286683,2024-07-12,2024-07-25,Unknown,Paris-CDG Hub,Paris,2.4,792.8,Retourné,fourgonnette,18.99,57305694cae2b1d0,4d22da3ca680e77d,48.7846,2.32848,13.0,0.1522,AUCUN
FR-268728,2026-03-01,2026-03-05,Kuehne+Nagel,Marseille Port Depot,Toulouse,102.4,587.4,Livré,petit_camion,74.73,4f34261f7c38ba0c,b9c91bd77603b561,43.66927,1.45215,4.0,7.218,AUCUN
FR-830232,2026-01-01,2026-01-06,FedEx,Lyon Distribution Center,Paris,7679.6,421.8,Livré,train,412.19,1f5f2617ee232079,164f558af2dbe1b6,48.95575,2.36947,5.0,90.6991,AUCUN
FR-134804,2025-01-13,,Chronopost,Paris-CDG Hub,Rennes,22.3,560.7,En transit,fourgonnette,20.05,a9bc7e3c6079a06c,a3acb47a9bb1432c,48.21028,-1.71917,,1.0003,MOYEN
FR-711974,2025-05-02,2025-05-12,Kuehne+Nagel,Bordeaux Logistics Park,Bordeaux,2319.1,402.4,Livré,train,260.6,b3ede2357f536e0a,0b040408e10af43d,44.88031,-0.60276,10.0,26.1298,FAIBLE
FR-222179,2025-04-30,2025-05-09,DHL,Lyon Distribution Center,Amiens,5.0,345.7,Livré,fourgonnette,16.12,4539984fb9bfe688,7549bda9f15fc240,49.85395,2.27131,9.0,0.1383,FAIBLE
FR-772999,2026-01-03,2026-01-13,DHL,Paris-CDG Hub,Marseille,242.7,374.9,Retardé,petit_camion,89.58,ae8ce543547ae3d4,5d992226dd4f3ded,43.31855,5.35706,10.0,10.9186,ÉLEVÉ
FR-967233,2025-09-22,2025-10-01,Unknown,Bordeaux Logistics Park,Nantes,109.8,853.2,Livré,petit_camion,91.93,577bd3cc79f49864,3c74aa60f73cec90,47.21942,-1.51284,9.0,11.2418,FAIBLE
FR-630976,2025-12-31,2026-01-13,Unknown,Paris-CDG Hub,Le Havre,152.7,231.6,Livré,avion,363.52,2bfcfe607c0a5f31,97c59836c2622878,49.39276,0.13155,13.0,33.5971,FAIBLE
FR-752140,2024-06-22,2024-06-26,Chronopost,Marseille Port Depot,Le Mans,4443.7,635.9,Retardé,gros_camion,493.98,bebe00cf88981ebb,2c029b954a2fe969,47.99273,0.19935,4.0,593.4073,ÉLEVÉ
FR-721939,2024-09-11,2024-09-16,XPO Logistics,Paris-CDG Hub,Annecy,3602.9,1077.6,Livré,gros_camion,537.84,cca89aaad52adbdd,b5a7c408a8715c38,45.9958,6.07921,5.0,815.3219,AUCUN
FR-450934,2025-09-29,2025-10-01,Kuehne+Nagel,Paris-CDG Hub,Bordeaux,54.2,284.4,Livré,avion,254.2,420ccf90b5c7ed29,77a9e257ea109da4,44.85549,-0.62486,2.0,14.6438,AUCUN
FR-843206,2024-05-28,,GLS,Paris-CDG Hub,Toulon,47.5,843.8,En transit,fourgonnette,22.38,964fb47ecc48fb44,fbf2ef6dddd5c754,43.17265,5.92704,,3.2064,MOYEN
FR-598864,2024-06-30,2024-07-12,UPS,Lyon Distribution Center,Lille,114.3,1106.8,Livré,avion,376.56,176085ab92f665ad,7ae71651c0579263,50.68899,3.02678,12.0,120.1819,FAIBLE
FR-596605,2024-05-30,,UPS,Paris-CDG Hub,Lille,749.6,640.4,En attente,petit_camion,173.03,577bd3cc79f49864,6dae438a31b0469a,50.66478,3.10591,,57.6053,AUCUN
FR-107974,2025-01-27,2025-02-07,Kuehne+Nagel,Marseille Port Depot,Lille,1490.7,573.1,Livré,train,268.82,6dd72298f13e566b,4599d3cd279702ac,50.62619,3.05911,11.0,23.921,FAIBLE
FR-848655,2024-09-30,2024-10-08,Unknown,Bordeaux Logistics Park,Paris,3973.8,533.7,Livré,gros_camion,460.5,076d9a82acb00f0c,063774a6ba6c0e08,48.75324,2.30364,8.0,445.3716,FAIBLE
FR-534076,2025-09-18,2025-09-19,Kuehne+Nagel,Marseille Port Depot,Le Havre,63.0,905.5,Livré,avion,207.6,60d3bd00a0e40db3,c7d2e567c2ca5a55,49.38653,0.11986,1.0,54.1942,AUCUN
FR-828584,2026-03-04,2026-03-13,Chronopost,Marseille Port Depot,Clermont-Ferrand,4211.7,431.2,Livré,train,261.64,6b16b395ec3a9551,f15c07b48ade453a,45.69639,3.11334,9.0,50.8504,FAIBLE
FR-667831,2025-05-07,2025-05-11,FedEx,Lyon Distribution Center,Poitiers,200.5,705.0,Livré,avion,432.57,4937b40c2b9fb3af,f869553910ca0946,46.51642,0.29337,4.0,134.2849,AUCUN
FR-906781,2026-03-16,2026-03-22,DB Schenker,Paris-CDG Hub,Strasbourg,950.5,807.8,Livré,gros_camion,272.16,0a09e9b5dbb0d8ab,7a3d24d0cb8a6c85,48.44589,7.7797,6.0,161.2409,FAIBLE
FR-686891,2024-10-15,,FedEx,Paris-CDG Hub,Bordeaux,159.6,1003.0,En attente,avion,443.7,b3ede2357f536e0a,c21e7d5589730f34,44.77698,-0.58671,,152.0749,AUCUN
FR-874331,2024-09-24,2024-09-30,UPS,Paris-CDG Hub,Marseille,748.5,651.3,Livré,petit_camion,153.33,4f34261f7c38ba0c,1bb45dd789affc50,43.31741,5.37377,6.0,58.4998,FAIBLE
FR-856679,2025-08-01,2025-08-02,Kuehne+Nagel,Marseille Port Depot,Lyon,311.7,57.3,Retourné,petit_camion,73.39,6a5796584ab1ac8a,a3e3431be666607e,45.72011,4.82817,1.0,2.1432,AUCUN
FR-460201,2025-01-09,2025-01-16,Chronopost,Bordeaux Logistics Park,Tours,9.7,99.5,Livré,fourgonnette,11.3,4539984fb9bfe688,c36c684a5ea94274,47.35225,0.64415,7.0,0.0772,FAIBLE
FR-922269,2025-09-07,2025-09-10,FedEx,Marseille Port Depot,Strasbourg,3478.0,1176.3,Livré,gros_camion,578.82,ac1dabffaec6f025,b2b1f6929127544d,48.66712,7.75228,3.0,859.146,AUCUN
FR-952168,2024-12-13,2024-12-24,UPS,Lyon Distribution Center,Metz,7540.5,241.7,Livré,train,288.55,4f34261f7c38ba0c,bf67069ac82fdfcf,49.09535,6.19284,11.0,51.0311,FAIBLE
FR-427983,2024-08-13,2024-08-26,GLS,Bordeaux Logistics Park,Nice,1836.3,478.1,Livré,gros_camion,394.67,97c134953eabb671,0cebafd8c50541bb,43.83936,7.30351,13.0,184.3664,FAIBLE
FR-963937,2024-05-30,2024-06-05,GLS,Paris-CDG Hub,Toulouse,4588.9,1184.4,Retardé,train,441.01,e99e31c1b5468d2d,c1915b7857c66f71,43.63665,1.36922,6.0,152.1826,ÉLEVÉ
FR-538028,2024-10-05,2024-10-09,UPS,Paris-CDG Hub,Lyon,6828.8,140.4,Livré,train,257.4,dc995e4ea96bebf0,74ef23593099641f,45.84733,4.77344,4.0,26.8454,AUCUN
FR-170343,2026-01-01,2026-01-08,Chronopost,Paris-CDG Hub,Clermont-Ferrand,219.7,595.1,Livré,petit_camion,78.2,c3c93bf263ad82fc,8fff6aa3dbddcf5b,45.886,2.9881,7.0,15.6892,FAIBLE
FR-354072,2025-11-22,2025-11-26,UPS,Paris-CDG Hub,Paris,139.4,463.7,Livré,petit_camion,97.49,1f5f2617ee232079,b91e02621623ad18,48.86034,2.38355,4.0,7.7568,AUCUN
FR-695005,2024-09-19,2024-09-21,Kuehne+Nagel,Bordeaux Logistics Park,Reims,41.1,601.5,Livré,avion,238.89,afdb5de261053424,cccf94ecb5fb10a0,49.25937,3.24516,2.0,23.4856,AUCUN
FR-593881,2024-11-23,,DB Schenker,Marseille Port Depot,Dijon,164.6,224.2,En attente,petit_camion,64.81,d23122a5cb6fdbb4,15a5e43974698a2e,47.34913,5.01443,,4.4284,AUCUN
FR-851961,2025-05-06,,DHL,Bordeaux Logistics Park,Dijon,42.4,409.1,En attente,fourgonnette,18.34,d21c62bed959dcf6,2b7f418951189b51,47.34197,5.00873,,1.3877,AUCUN
FR-954257,2025-04-03,2025-04-14,XPO Logistics,Paris-CDG Hub,Rennes,20.5,589.6,Livré,fourgonnette,7.8,46b06486d10dd744,c81426a2b1a8d990,48.0954,-1.58237,11.0,0.9669,FAIBLE
FR-159049,2025-06-23,2025-07-02,GLS,Marseille Port Depot,Tours,37.7,1146.6,Livré,fourgonnette,10.98,cca89aaad52adbdd,f2b868e2af049ba9,47.31047,0.6877,9.0,3.4581,FAIBLE
FR-221686,2026-02-27,,GLS,Paris-CDG Hub,Lille,1038.4,890.5,En attente,gros_camion,350.27,4e3a294f61cb834d,562858497c1fd85e,50.60521,3.05295,,194.186,AUCUN
FR-912773,2025-07-09,2025-07-18,UPS,Lyon Distribution Center,Lyon,23.4,133.1,Retourné,fourgonnette,12.67,bebe00cf88981ebb,fa451d02eb204ed0,45.87108,4.88067,9.0,0.2492,AUCUN
FR-506201,2024-10-26,2024-11-05,DHL,Paris-CDG Hub,Lille,6020.9,246.6,Livré,train,276.86,46b06486d10dd744,158f2f815b15f910,50.62891,3.06086,10.0,41.5731,FAIBLE
FR-832470,2025-03-21,2025-03-24,DHL,Bordeaux Logistics Park,Strasbourg,224.9,350.6,Livré,avion,321.56,6dd72298f13e566b,3f602f25bfa7c851,48.59557,7.67631,3.0,74.9074,AUCUN
FR-588518,2025-08-04,2025-08-12,Unknown,Lyon Distribution Center,Aix-en-Provence,84.4,242.3,Livré,avion,278.1,a7343d238975093d,6e76b6b80ea6694a,43.58157,5.50397,8.0,19.4276,FAIBLE
FR-787616,2026-03-07,2026-03-17,GLS,Paris-CDG Hub,Marseille,6776.4,704.3,Retardé,train,343.66,3275c62b4a30ee93,75e9f5ec4a483218,43.26149,5.43568,10.0,133.6333,ÉLEVÉ
FR-718181,2025-12-26,2026-01-08,UPS,Bordeaux Logistics Park,Marseille,2538.8,1085.4,Retardé,gros_camion,418.25,cca89aaad52adbdd,5fe891730da268ea,43.27106,5.36264,13.0,578.6788,ÉLEVÉ
FR-440919,2024-08-14,2024-08-23,Kuehne+Nagel,Marseille Port Depot,Toulouse,28.4,1013.3,Livré,avion,196.35,77a37e0c1eabf2ac,b0f2ef68a07d77cb,43.56348,1.4158,9.0,27.3388,FAIBLE
FR-896919,2024-09-23,2024-09-29,Chronopost,Paris-CDG Hub,Paris,29.0,403.7,Livré,fourgonnette,15.46,4f34261f7c38ba0c,ee4871f72f131127,48.90365,2.40462,6.0,0.9366,FAIBLE
FR-740171,2025-08-28,,DB Schenker,Paris-CDG Hub,Montpellier,37.6,216.7,En transit,fourgonnette,8.33,ddd94bb935d6fc90,2624e7bd13f21ec6,43.57537,3.86712,,0.6518,MOYEN
FR-145231,2025-12-01,2025-12-06,UPS,Marseille Port Depot,Nantes,3397.1,1154.3,Livré,train,333.13,a9bc7e3c6079a06c,6bf0a99550fc0427,47.29871,-1.60075,5.0,109.7956,AUCUN
FR-280279,2025-02-11,2025-02-23,Kuehne+Nagel,Paris-CDG Hub,Dijon,200.0,723.0,Livré,avion,372.01,ba12f74cff0e9464,d1cff835da6ffa19,47.39591,4.99115,12.0,137.37,FAIBLE
FR-660650,2024-05-19,2024-05-20,XPO Logistics,Marseille Port Depot,Bordeaux,2979.0,391.9,Livré,gros_camion,356.96,4e3a294f61cb834d,683b5eee9c0be723,44.83248,-0.50868,1.0,245.1687,AUCUN
FR-904306,2024-07-09,,GLS,Paris-CDG Hub,Marseille,11.5,1035.3,En attente,fourgonnette,17.44,144818883fd1fd2e,b076acfa48b482fe,43.33315,5.32187,,0.9525,AUCUN
FR-326544,2024-06-06,2024-06-17,DHL,Paris-CDG Hub,Angers,171.3,664.2,Livré,petit_camion,72.43,b8ed8df564cec2ef,a5a7669249ac9ede,47.35889,-0.60474,11.0,13.6533,FAIBLE
FR-317665,2024-10-20,2024-10-23,FedEx,Marseille Port Depot,Toulouse,4912.3,130.9,Livré,train,245.73,144818883fd1fd2e,fbbb3e1a3f970251,43.55866,1.49432,3.0,18.0046,AUCUN
FR-156433,2025-10-03,2025-10-06,Unknown,Lyon Distribution Center,Bordeaux,51.1,718.0,Livré,avion,181.77,2c7e84ab9c91b547,91a164b8f1b5ee3a,44.81384,-0.55126,3.0,34.8553,AUCUN
FR-456670,2026-02-13,2026-02-17,DHL,Marseille Port Depot,Angers,703.5,788.4,Livré,petit_camion,145.44,a9bc7e3c6079a06c,ea984b08002ba3e2,47.4693,-0.62384,4.0,66.5567,AUCUN
FR-752064,2024-09-06,,DHL,Marseille Port Depot,Nantes,2521.3,390.5,En transit,gros_camion,330.66,3275c62b4a30ee93,dad5911d7192d9fe,47.25405,-1.60685,,206.7592,MOYEN
FR-730730,2024-12-25,2024-12-29,DHL,Bordeaux Logistics Park,Tours,,348.4,Livré,train,286.31,176085ab92f665ad,f7c4df5f239341b1,47.45572,0.61168,4.0,0.0,AUCUN
FR-593073,2024-09-04,2024-09-17,DHL,Lyon Distribution Center,Tours,446.3,787.8,Livré,petit_camion,146.18,bebe00cf88981ebb,aec059a9a7f7a0f0,47.36336,0.67476,13.0,42.1914,FAIBLE
FR-219940,2026-03-11,2026-03-13,FedEx,Marseille Port Depot,Nantes,2240.3,357.6,Retourné,train,221.08,57305694cae2b1d0,ab497586a5783092,47.17903,-1.51643,2.0,22.4317,AUCUN
FR-136892,2025-08-22,2025-08-24,DHL,Paris-CDG Hub,Nice,2431.5,41.8,Livré,gros_camion,344.73,b3ede2357f536e0a,ad1dd7709f76553c,43.63255,7.20576,2.0,21.3437,AUCUN
FR-766892,2025-04-23,2025-05-05,FedEx,Bordeaux Logistics Park,Nantes,3788.2,736.3,Livré,train,307.92,75a44226210eb23d,4e6b983532c76733,47.20605,-1.54645,12.0,78.099,FAIBLE
FR-291050,2024-11-01,2024-11-05,UPS,Paris-CDG Hub,Strasbourg,18.7,92.9,Livré,fourgonnette,12.4,de6c9169a9ba75a9,02cfcdca308b020c,48.52185,7.71638,4.0,0.139,AUCUN
FR-266730,2025-01-03,,GLS,Marseille Port Depot,Toulouse,2129.8,172.3,En transit,gros_camion,291.54,0915a7642195cf8a,c5c999252a6db4f3,43.63331,1.40933,,77.0626,MOYEN
FR-645362,2025-11-14,2025-11-20,GLS,Paris-CDG Hub,Nice,2267.4,187.4,Retardé,gros_camion,304.57,75a44226210eb23d,23b46cf4967e3e9e,43.69418,7.27986,6.0,89.2313,ÉLEVÉ
FR-162676,2024-10-25,2024-10-28,Unknown,Lyon Distribution Center,Toulouse,29.5,1084.9,Livré,fourgonnette,16.32,3714a4bb9c0df2e3,8a1522f4ae60425d,43.54951,1.43659,3.0,2.5604,AUCUN
FR-707192,2024-04-30,2024-05-04,GLS,Bordeaux Logistics Park,Bastia,434.2,370.3,Retourné,petit_camion,126.66,d21c62bed959dcf6,a8c4967dca8bb6c9,42.62955,9.52558,4.0,19.2941,AUCUN
FR-631877,2026-03-30,2026-04-04,Chronopost,Paris-CDG Hub,Lyon,566.0,635.5,Livré,petit_camion,157.74,c8796666bc9acaab,12c976cac4467975,45.72961,4.80987,5.0,43.1632,AUCUN
FR-497921,2024-07-26,2024-07-31,GLS,Paris-CDG Hub,Strasbourg,34.5,1154.1,Livré,fourgonnette,16.45,2c7e84ab9c91b547,aead279e86174911,48.56945,7.80135,5.0,3.1853,AUCUN
FR-253417,2025-02-01,2025-02-02,DHL,Lyon Distribution Center,Perpignan,972.7,501.4,Retardé,gros_camion,327.93,3714a4bb9c0df2e3,0d9c5dfcc0346030,42.68683,2.93945,1.0,102.4195,ÉLEVÉ
FR-556498,2025-12-23,2025-12-30,DHL,Bordeaux Logistics Park,Grenoble,229.0,1136.4,Livré,petit_camion,105.08,ccd16f4072984dcc,1c7e63343f392eb1,45.13521,5.73818,7.0,31.2283,FAIBLE
FR-911956,2025-02-22,2025-03-02,GLS,Lyon Distribution Center,Paris,246.3,1155.4,Livré,avion,455.24,5544f6afe2c2fa55,55fb4c08cfbf6271,48.83917,2.45912,8.0,270.3463,FAIBLE
FR-795078,2024-05-06,2024-05-18,Unknown,Paris-CDG Hub,Nantes,6.3,979.1,Livré,avion,179.87,80c6e1b004c4d98c,b46bbb0fe2495785,47.23662,-1.59738,12.0,5.8599,FAIBLE
FR-270404,2024-06-27,2024-07-08,DB Schenker,Lyon Distribution Center,Toulouse,132.5,1166.2,Livré,avion,477.96,144818883fd1fd2e,58ffa93c855b339b,43.60215,1.38651,11.0,146.7954,FAIBLE
FR-322858,2025-12-17,2025-12-21,DB Schenker,Paris-CDG Hub,Montpellier,508.9,855.9,Livré,petit_camion,108.78,46b06486d10dd744,453fe19a72d4490d,43.6487,3.81428,4.0,52.2681,AUCUN
FR-225277,2025-07-12,2025-07-24,Chronopost,Paris-CDG Hub,Lyon,380.7,1144.0,Retourné,petit_camion,135.34,588860b1c06a5a7a,cd562220657b4d88,45.83186,4.81644,12.0,52.2625,AUCUN
FR-294437,2025-01-09,2025-01-17,GLS,Marseille Port Depot,Toulon,4075.1,232.6,Livré,gros_camion,410.54,64be089ea6398de1,441604f9feab523a,43.14103,5.85062,8.0,199.0523,FAIBLE
FR-484638,2025-09-19,2025-09-29,XPO Logistics,Lyon Distribution Center,Clermont-Ferrand,,141.0,Livré,fourgonnette,15.38,649f91ae50effe2e,634736bba88e9a65,45.70342,3.07069,10.0,0.0,FAIBLE
FR-700573,2025-09-27,2025-09-30,UPS,Lyon Distribution Center,Rennes,148.6,113.5,Livré,avion,234.42,e05e06b51a7aca3c,ed53bbf95e6a8856,48.13908,-1.71563,3.0,16.0228,AUCUN
FR-766469,2025-10-08,2025-10-09,Kuehne+Nagel,Marseille Port Depot,Toulouse,1910.3,872.7,Livré,train,275.53,a9bc7e3c6079a06c,80e6c20143782057,43.62101,1.39134,1.0,46.6793,AUCUN
FR-756853,2024-07-13,2024-07-26,Kuehne+Nagel,Marseille Port Depot,Paris,39.1,1047.1,Livré,fourgonnette,16.53,b4b018a4be786430,97924b05483d9c0f,48.83207,2.29285,13.0,3.2753,FAIBLE
FR-702307,2025-01-13,2025-01-25,UPS,Bordeaux Logistics Park,Bayonne,5587.5,208.3,Livré,train,316.92,588860b1c06a5a7a,7305ae2a2aeef3f1,43.4022,-1.48716,12.0,32.5885,FAIBLE
FR-436903,2024-11-19,,Chronopost,Lyon Distribution Center,Bordeaux,137.5,711.9,En transit,avion,301.84,64be089ea6398de1,f7edb80e4a28f168,44.72486,-0.61773,,92.9919,MOYEN
FR-428567,2025-12-19,2025-12-28,Kuehne+Nagel,Paris-CDG Hub,Rennes,120.2,146.1,Livré,petit_camion,62.27,7334ee7ff8765e16,e3dc3c1049f357ef,48.209,-1.58831,9.0,2.1073,FAIBLE
FR-411732,2024-05-06,2024-05-09,XPO Logistics,Paris-CDG Hub,Strasbourg,1631.6,257.4,Livré,gros_camion,334.49,ccd16f4072984dcc,2728c06132da8105,48.52228,7.69779,3.0,88.1945,AUCUN
FR-810907,2024-10-05,2024-10-09,GLS,Lyon Distribution Center,Bordeaux,26.3,699.4,Livré,fourgonnette,15.43,588860b1c06a5a7a,e5f400592aace521,44.88014,-0.54502,4.0,1.4715,AUCUN
FR-426901,2025-12-14,2025-12-21,FedEx,Bordeaux Logistics Park,Lyon,780.6,1187.7,Retourné,petit_camion,226.98,1e3f6890d2ddffa6,ca4ba3c47391e07d,45.81634,4.87602,7.0,111.2542,AUCUN
FR-871148,2024-08-06,2024-08-11,GLS,Paris-CDG Hub,Marseille,232.0,478.6,Livré,avion,315.37,2e49ed8efc869923,560bf8bca7be88a5,43.30729,5.40462,5.0,105.4834,AUCUN
FR-902552,2024-04-28,,Unknown,Marseille Port Depot,Toulon,519.3,1164.6,En transit,petit_camion,158.35,232c9d11c882ea2c,69327518fd935980,43.16954,5.96454,,72.5732,MOYEN
FR-144049,2025-11-03,2025-11-16,Unknown,Marseille Port Depot,Lille,410.2,373.3,Livré,petit_camion,103.08,e05e06b51a7aca3c,d0ad3316999c96ca,50.66532,3.07266,13.0,18.3753,FAIBLE
FR-164840,2025-04-22,2025-05-01,DB Schenker,Lyon Distribution Center,Marseille,225.3,1163.6,Livré,avion,423.41,184fcccb030ef7f7,cdc04f7ec149930c,43.33509,5.36189,9.0,249.0511,FAIBLE
FR-816969,2024-06-01,2024-06-04,Chronopost,Bordeaux Logistics Park,Lille,121.4,583.5,Livré,avion,240.34,afdb5de261053424,47504fea45c89ab2,50.5037,3.02773,3.0,67.2951,AUCUN
FR-715802,2026-03-05,2026-03-16,Kuehne+Nagel,Paris-CDG Hub,Nice,3923.4,558.8,Livré,train,269.16,6e21cb30cd3271a9,b0a5d6e12f087745,43.66846,7.23579,11.0,61.3871,FAIBLE
FR-512207,2024-11-03,2024-11-09,Unknown,Lyon Distribution Center,Grenoble,4776.6,1122.4,Retardé,train,359.15,5544f6afe2c2fa55,2e9882e0914ef4fe,45.16837,5.72034,6.0,150.1152,ÉLEVÉ
FR-933042,2024-07-03,2024-07-04,GLS,Paris-CDG Hub,Nantes,497.2,788.2,Livré,petit_camion,156.19,b8ed8df564cec2ef,85f740e4d181d617,47.23872,-1.55585,1.0,47.0272,AUCUN
FR-777766,2024-08-08,,DHL,Marseille Port Depot,Paris,49.9,342.8,En attente,fourgonnette,15.69,a411faa4604af305,622ec2399b5d54be,48.84866,2.28681,,1.3685,AUCUN
FR-566682,2026-01-21,2026-02-02,Unknown,Paris-CDG Hub,Mulhouse,194.1,286.5,Livré,avion,304.91,60d3bd00a0e40db3,38fd75be4591d400,47.74514,7.3846,12.0,52.8292,FAIBLE
FR-697100,2025-08-02,2025-08-04,DHL,Bordeaux Logistics Park,Paris,120.8,726.5,Retourné,petit_camion,113.35,45466476afe9982a,96a6eba50ac1cb96,48.88399,2.40309,2.0,10.5313,AUCUN
FR-403666,2025-02-08,2025-02-14,DHL,Lyon Distribution Center,Rennes,760.9,650.2,Livré,petit_camion,144.12,6b16b395ec3a9551,9dfaccf4d631c29e,48.0302,-1.66301,6.0,59.3685,FAIBLE
FR-793435,2024-06-17,,DHL,Paris-CDG Hub,Nice,4.6,844.6,En attente,fourgonnette,17.51,d0443b3d89fde63f,99b7cc82d543bcd1,43.66363,7.29114,,0.3108,AUCUN
FR-453130,2025-12-16,2025-12-20,UPS,Paris-CDG Hub,Metz,895.8,901.3,Livré,train,178.68,ff07dd0896d16f31,853ee1b992d6a56d,49.05902,6.26657,4.0,22.6068,AUCUN
FR-797924,2025-02-21,2025-03-01,Kuehne+Nagel,Lyon Distribution Center,Saint-Étienne,125.8,1156.5,Livré,petit_camion,131.23,420ccf90b5c7ed29,58c46f179777be2e,45.52913,4.33474,8.0,17.4585,FAIBLE
FR-837884,2025-10-13,2025-10-16,UPS,Marseille Port Depot,Le Mans,1970.2,557.6,Livré,train,263.42,e05e06b51a7aca3c,b896576d53eb81bc,48.0631,0.19552,3.0,30.7603,AUCUN
FR-321930,2025-09-23,2025-10-02,UPS,Marseille Port Depot,Bordeaux,20.3,1077.9,Livré,fourgonnette,10.36,2a457c97836df9d7,7cf4e6eafd34a58b,44.74914,-0.63191,9.0,1.7505,FAIBLE
FR-735472,2026-04-09,,Chronopost,Paris-CDG Hub,Besançon,192.8,340.2,En transit,petit_camion,71.1,a411faa4604af305,5f4d747a8e2b5d18,47.25691,6.13279,,7.8709,MOYEN
FR-575751,2025-05-02,2025-05-10,Unknown,Bordeaux Logistics Park,Bordeaux,1167.9,474.0,Livré,train,202.43,46b06486d10dd744,b073de66cfa36d01,44.89129,-0.60471,8.0,15.5004,FAIBLE
FR-233294,2025-09-29,2025-10-03,GLS,Paris-CDG Hub,Rennes,80.1,55.2,Retourné,avion,292.89,176085ab92f665ad,6c307a22b8db1480,48.11337,-1.66626,4.0,4.2004,AUCUN
FR-358295,2025-11-09,2025-11-10,GLS,Marseille Port Depot,Orléans,655.2,268.2,Livré,train,216.73,e05e06b51a7aca3c,423da6a64ff4b68f,47.89648,1.8563,1.0,4.9203,AUCUN
FR-542832,2024-12-10,2024-12-16,DB Schenker,Paris-CDG Hub,Nice,4123.5,815.7,Livré,gros_camion,456.27,144818883fd1fd2e,19b6dbae2b7e039d,43.67687,7.24821,6.0,706.3432,FAIBLE
FR-900706,2025-02-14,2025-02-21,DHL,Paris-CDG Hub,Lyon,40.1,775.9,Retourné,fourgonnette,12.04,dc995e4ea96bebf0,54c44eeda81fc347,45.82724,4.7566,7.0,2.4891,AUCUN
FR-103943,2024-10-07,,XPO Logistics,Paris-CDG Hub,Nantes,12.1,462.2,En transit,fourgonnette,11.58,77a37e0c1eabf2ac,c1b957307f854370,47.21755,-1.54333,,0.4474,MOYEN
FR-207753,2024-12-17,2024-12-30,Kuehne+Nagel,Bordeaux Logistics Park,Lyon,49.9,765.7,Livré,fourgonnette,22.44,4937b40c2b9fb3af,e620502cc96c94bd,45.76682,4.96026,13.0,3.0567,FAIBLE
FR-218747,2025-04-22,2025-04-23,GLS,Marseille Port Depot,Grenoble,5141.4,1160.0,Livré,train,367.55,184fcccb030ef7f7,12ed9b7a25f5efbd,45.17227,5.82935,1.0,166.9927,AUCUN
FR-197219,2024-07-16,,Chronopost,Lyon Distribution Center,Lille,42.2,1079.9,En transit,fourgonnette,13.63,d1d9c071e6672d29,ab360a89d657f925,50.69256,2.98761,,3.6457,MOYEN
FR-546811,2024-06-28,2024-07-10,GLS,Marseille Port Depot,Tours,509.1,729.6,Retardé,petit_camion,132.79,2c7e84ab9c91b547,4ddb4c033166946d,47.42522,0.7852,12.0,44.5727,ÉLEVÉ
FR-258834,2024-11-15,2024-11-23,UPS,Lyon Distribution Center,Paris,1.0,860.7,Livré,fourgonnette,13.94,f057aa1333d44acb,3c6a7abcd775e7f5,48.89739,2.40343,8.0,0.0689,FAIBLE
FR-985868,2025-08-09,2025-08-14,FedEx,Marseille Port Depot,Orléans,564.6,830.6,Retardé,petit_camion,149.91,6e21cb30cd3271a9,3b9fbe30d1bfbbcf,47.89602,1.8546,5.0,56.2748,ÉLEVÉ
FR-291852,2024-05-02,2024-05-09,Chronopost,Paris-CDG Hub,Le Mans,516.7,730.3,Livré,petit_camion,109.0,144818883fd1fd2e,0cc5b0cecc600c7f,48.01289,0.25393,7.0,45.2815,FAIBLE
FR-182159,2025-04-28,2025-05-05,UPS,Marseille Port Depot,Toulouse,6.8,215.9,Retardé,avion,148.82,4761f7fa3a69433b,d15b577aab49c0e0,43.56374,1.5029,7.0,1.3947,ÉLEVÉ
FR-185567,2026-03-14,2026-03-16,DHL,Marseille Port Depot,Bordeaux,702.7,1133.6,Livré,petit_camion,174.93,b8ed8df564cec2ef,b8ad68b9655419dd,44.97124,-0.58901,2.0,95.5897,AUCUN
FR-941152,2026-03-16,,XPO Logistics,Lyon Distribution Center,Rennes,2002.3,295.8,En transit,gros_camion,323.41,0915a7642195cf8a,9537d7f974f3de1e,48.21225,-1.69931,,124.3789,MOYEN
FR-266891,2025-07-04,,DB Schenker,Lyon Distribution Center,Rouen,4116.4,962.3,En attente,gros_camion,480.08,b3ede2357f536e0a,cf2d7e9281a88a7b,49.48019,1.07116,,831.8545,AUCUN
FR-536854,2024-06-03,2024-06-06,UPS,Marseille Port Depot,Marseille,202.1,786.2,Livré,avion,483.92,77a37e0c1eabf2ac,9adf46e4899b7829,43.33381,5.29172,3.0,150.9465,AUCUN
FR-386265,2024-06-22,2024-06-30,Chronopost,Bordeaux Logistics Park,Toulouse,59.9,326.3,Livré,avion,196.65,46b06486d10dd744,00b0e98a7bcac04e,43.61285,1.43679,8.0,18.5681,FAIBLE
FR-304669,2026-01-17,,Kuehne+Nagel,Marseille Port Depot,Lyon,2799.8,981.2,En attente,gros_camion,491.82,ff07dd0896d16f31,152235104de9b0f9,45.7157,4.82495,,576.9044,AUCUN
FR-717699,2025-02-28,2025-03-05,DHL,Paris-CDG Hub,Clermont-Ferrand,485.0,1069.3,Livré,petit_camion,114.85,a7343d238975093d,782b1c726f1ac358,45.81513,3.05129,5.0,62.2333,AUCUN
FR-383235,2026-01-09,2026-01-21,DB Schenker,Bordeaux Logistics Park,Lille,3130.8,616.2,Livré,gros_camion,406.68,a9bc7e3c6079a06c,e70c1be8fead8d91,50.70762,3.04533,12.0,405.1318,FAIBLE
FR-494426,2024-06-01,2024-06-04,UPS,Marseille Port Depot,Marseille,14.8,1054.3,Retardé,fourgonnette,15.19,232c9d11c882ea2c,599421c95f2cf32c,43.28572,5.36527,3.0,1.2483,ÉLEVÉ
FR-261971,2026-01-23,,DB Schenker,Paris-CDG Hub,Lille,27.6,644.3,En attente,fourgonnette,9.01,5bb1ecc8ac6edde3,3fcbcd9fd109bebe,50.60078,3.03103,,1.4226,AUCUN
FR-272647,2024-07-30,2024-08-08,XPO Logistics,Marseille Port Depot,Paris,2291.2,413.0,Livré,gros_camion,292.97,bebe00cf88981ebb,7be1fc8c00f8cee9,48.80541,2.41034,9.0,198.7158,FAIBLE
FR-336106,2025-02-27,2025-03-01,FedEx,Lyon Distribution Center,Nantes,162.5,363.3,Livré,avion,258.89,de6c9169a9ba75a9,0d2757e2108ac046,47.26538,-1.55541,2.0,56.0844,AUCUN
FR-775827,2024-07-16,2024-07-26,Chronopost,Paris-CDG Hub,Reims,61.0,580.5,Retardé,petit_camion,58.97,a9bc7e3c6079a06c,8ea0b06fef24e1cd,49.22319,3.29771,10.0,4.2493,ÉLEVÉ
FR-954018,2025-04-12,2025-04-22,Unknown,Marseille Port Depot,Avignon,7.0,634.2,Livré,fourgonnette,14.11,964fb47ecc48fb44,8976a0f61ba8fe43,43.98727,4.79063,10.0,0.3552,FAIBLE
FR-941853,2025-11-10,2025-11-21,DHL,Lyon Distribution Center,Rennes,11.8,926.8,Retardé,avion,193.9,c8796666bc9acaab,4ded068d04bfc073,48.09987,-1.65505,11.0,10.3894,ÉLEVÉ
FR-787595,2025-06-05,,DB Schenker,Paris-CDG Hub,Strasbourg,708.4,106.4,En transit,petit_camion,134.49,2e77fde05867cb62,7648b8d12f4526d7,48.56973,7.79602,,9.0449,MOYEN
FR-359923,2025-03-31,2025-04-03,XPO Logistics,Paris-CDG Hub,Bordeaux,1603.6,105.4,Livré,gros_camion,296.19,7762a147989c85a8,1a4a9257c7cef419,44.89552,-0.51093,3.0,35.4941,AUCUN
FR-131935,2025-01-22,2025-02-03,Unknown,Bordeaux Logistics Park,Nice,207.0,186.6,Livré,avion,316.37,d21c62bed959dcf6,ff6df819db66e584,43.76548,7.36305,12.0,36.6949,FAIBLE
FR-605263,2024-09-08,2024-09-13,Kuehne+Nagel,Paris-CDG Hub,Bordeaux,7444.5,1196.0,Livré,train,522.49,588860b1c06a5a7a,651dc775af025c3e,44.76826,-0.6437,5.0,249.3014,AUCUN
FR-170071,2024-08-10,2024-08-20,Chronopost,Bordeaux Logistics Park,Strasbourg,651.1,254.8,Livré,petit_camion,118.03,176085ab92f665ad,098a3d9a573df2e2,48.47821,7.82774,10.0,19.908,FAIBLE
FR-233425,2026-03-26,,DHL,Marseille Port Depot,Strasbourg,34.8,95.5,En transit,fourgonnette,8.61,d21c62bed959dcf6,50b1cf1cca576e8c,48.61195,7.84149,,0.2659,MOYEN
FR-655288,2025-07-04,2025-07-15,Chronopost,Lyon Distribution Center,Paris,4299.1,204.9,Livré,train,303.09,64be089ea6398de1,7b50928cb85711c9,48.80044,2.30819,11.0,24.6648,FAIBLE
FR-762698,2024-09-18,2024-09-23,Kuehne+Nagel,Paris-CDG Hub,Strasbourg,2788.4,543.9,Retardé,train,258.42,afdb5de261053424,06fb862df02c8659,48.56516,7.75706,5.0,42.4651,ÉLEVÉ
FR-636486,2024-10-28,,Chronopost,Marseille Port Depot,Amiens,2598.8,499.1,En transit,gros_camion,435.72,6dcb5f2757af7881,3e5775c320412328,49.96481,2.26535,,272.3828,MOYEN
FR-237697,2024-10-13,2024-10-18,Kuehne+Nagel,Lyon Distribution Center,Paris,193.9,259.0,Livré,avion,283.63,2e77fde05867cb62,0dbe556bc7e143fd,48.98928,2.31473,5.0,47.7091,AUCUN
FR-850121,2025-01-20,2025-01-25,Chronopost,Bordeaux Logistics Park,Rouen,107.9,703.6,Retardé,avion,308.17,b3ede2357f536e0a,fe8b68105e5df2ed,49.4265,1.03607,5.0,72.1225,ÉLEVÉ
FR-539709,2024-10-12,2024-10-14,Unknown,Paris-CDG Hub,Strasbourg,,1008.5,Retardé,train,474.5,4dc658302b612f5c,0ec9629305f2d373,48.63947,7.70271,2.0,0.0,ÉLEVÉ
FR-371190,2025-08-30,2025-09-10,GLS,Bordeaux Logistics Park,Rennes,130.4,640.7,Livré,avion,375.37,232c9d11c882ea2c,162aa054e4387f4e,48.11033,-1.76483,11.0,79.3699,FAIBLE
FR-453266,2024-11-09,2024-11-16,DHL,Lyon Distribution Center,Caen,2319.4,157.6,Livré,train,195.9,dc995e4ea96bebf0,d5197e7799e7cf66,49.16822,-0.38459,7.0,10.235,FAIBLE
FR-403596,2025-03-30,,Unknown,Bordeaux Logistics Park,Strasbourg,13.9,400.6,En attente,fourgonnette,17.0,577bd3cc79f49864,940c09cbadf24838,48.59245,7.79745,,0.4455,AUCUN
FR-491886,2025-03-14,,FedEx,Bordeaux Logistics Park,La Rochelle,7.1,576.4,En transit,fourgonnette,11.0,2210da77fef00168,35025fb429e2c822,46.13457,-1.02749,,0.3274,MOYEN
FR-150570,2025-11-03,2025-11-16,FedEx,Marseille Port Depot,Tours,,101.8,Livré,avion,282.83,0a09e9b5dbb0d8ab,9189123d34258fd8,47.28885,0.70887,13.0,0.0,FAIBLE
FR-405076,2026-01-02,2026-01-10,UPS,Paris-CDG Hub,Toulouse,16.7,171.9,Livré,fourgonnette,11.57,abbd60b0df7fec89,0df9076312dfcc65,43.62824,1.46375,8.0,0.2297,FAIBLE
FR-683579,2024-08-24,,DHL,Bordeaux Logistics Park,Lille,183.6,942.7,En transit,avion,463.81,2e77fde05867cb62,34d9d9cea9e5183e,50.6951,3.07445,,164.4257,MOYEN
FR-753207,2025-10-15,2025-10-17,UPS,Bordeaux Logistics Park,Reims,7953.1,927.2,Retardé,train,463.86,0b9d5daff036d6da,9448ae3da6f5fcf9,49.28958,3.25033,2.0,206.4752,ÉLEVÉ
FR-722946,2025-03-11,2025-03-12,GLS,Paris-CDG Hub,Nantes,,361.5,Livré,fourgonnette,17.21,2debffb0c60c520e,d1dfdec327d6007a,47.16272,-1.58532,1.0,0.0,AUCUN
FR-713192,2024-11-15,2024-11-16,FedEx,Paris-CDG Hub,Grenoble,712.7,444.5,Livré,train,169.36,f057aa1333d44acb,3932704e62713151,45.21448,5.71997,1.0,8.8703,AUCUN
FR-365906,2025-09-27,2025-10-07,FedEx,Bordeaux Logistics Park,Nantes,7153.1,736.0,Livré,train,442.35,f057aa1333d44acb,ef50c4a3fba2af5a,47.30545,-1.56109,10.0,147.4111,FAIBLE
FR-151507,2025-01-03,,Kuehne+Nagel,Marseille Port Depot,Strasbourg,435.9,1156.1,En transit,petit_camion,146.07,5544f6afe2c2fa55,cc0a11efebfc64d7,48.53835,7.71416,,60.4733,MOYEN
FR-390427,2024-09-26,2024-10-04,DB Schenker,Marseille Port Depot,Le Mans,61.1,397.2,Livré,petit_camion,49.69,ac1dabffaec6f025,b88a0b6787a917aa,48.0055,0.14645,8.0,2.9123,FAIBLE
FR-398643,2024-05-27,2024-05-29,DB Schenker,Bordeaux Logistics Park,Calais,5205.3,737.5,Livré,train,317.91,a7343d238975093d,39b7e30e85d7ec60,50.96127,1.86009,2.0,107.4894,AUCUN
FR-647484,2024-07-09,,DB Schenker,Marseille Port Depot,Paris,1834.7,572.4,En attente,train,287.77,d23122a5cb6fdbb4,33493ad087341dc6,48.80236,2.30634,,29.4051,AUCUN
FR-623841,2024-10-28,2024-11-10,Unknown,Paris-CDG Hub,Bordeaux,,125.6,Retardé,gros_camion,353.9,588860b1c06a5a7a,e9cb8ada13c71e38,44.87866,-0.64938,13.0,0.0,ÉLEVÉ
FR-296822,2026-01-13,2026-01-23,DHL,Bordeaux Logistics Park,Nice,10.5,713.7,Livré,fourgonnette,14.32,a9bc7e3c6079a06c,c77e67aad0b5ee01,43.71987,7.25657,10.0,0.5995,FAIBLE
FR-217004,2025-07-12,2025-07-15,Kuehne+Nagel,Paris-CDG Hub,Pau,4164.7,679.4,Livré,gros_camion,537.28,144818883fd1fd2e,3a58b6f3b62e8883,43.30811,-0.35724,3.0,594.1944,AUCUN
FR-421520,2024-11-13,2024-11-26,FedEx,Paris-CDG Hub,Paris,190.8,81.1,Livré,avion,269.8,4dc658302b612f5c,45f6bb03beb0df31,48.86191,2.30356,13.0,14.7002,FAIBLE
FR-930089,2025-05-22,2025-05-30,Unknown,Paris-CDG Hub,Nantes,4748.6,272.8,Livré,train,268.01,649f91ae50effe2e,4ba6b8bb0df37d5d,47.14186,-1.50593,8.0,36.2717,FAIBLE
FR-215095,2024-09-28,,DB Schenker,Paris-CDG Hub,Strasbourg,45.5,17.7,En attente,fourgonnette,9.02,420ccf90b5c7ed29,504e51d61a28db83,48.53807,7.73793,,0.0644,AUCUN
FR-213917,2025-10-28,2025-11-10,DHL,Bordeaux Logistics Park,Paris,18.4,366.6,Retardé,avion,168.79,ddd94bb935d6fc90,41e7214f1c5c9a4d,48.9029,2.41244,13.0,6.4082,ÉLEVÉ
FR-450745,2025-11-24,2025-12-07,GLS,Paris-CDG Hub,Bordeaux,1352.0,716.6,Livré,gros_camion,356.28,89b72f42de629ac1,6b76ad2a7a7effd6,44.80751,-0.66542,13.0,203.4571,FAIBLE
FR-184872,2025-01-17,2025-01-26,GLS,Lyon Distribution Center,Bordeaux,3249.1,416.4,Livré,gros_camion,441.84,dc995e4ea96bebf0,c49fe95dbebf1ac7,44.86951,-0.59711,9.0,284.1143,FAIBLE
FR-772384,2025-10-19,2025-10-28,Kuehne+Nagel,Paris-CDG Hub,Lille,565.7,914.8,Livré,petit_camion,173.02,4937b40c2b9fb3af,6aced9bcb2a849b2,50.62917,2.98743,9.0,62.1003,FAIBLE
FR-880385,2025-02-02,,DB Schenker,Lyon Distribution Center,Marseille,1.8,319.3,En transit,fourgonnette,16.52,abbd60b0df7fec89,d0cdcd2eb078c9ca,43.27368,5.35044,,0.046,MOYEN
FR-625809,2024-06-08,2024-06-13,FedEx,Marseille Port Depot,Dijon,158.5,1107.6,Livré,avion,422.67,176085ab92f665ad,6a3c81ae7ee7617b,47.31753,5.03551,5.0,166.7769,AUCUN
FR-458586,2025-06-30,2025-07-01,DHL,Marseille Port Depot,Nice,1384.7,620.7,Livré,gros_camion,398.22,ae8ce543547ae3d4,c23c41b9fc488c00,43.7671,7.31817,1.0,180.4915,AUCUN
FR-394980,2026-03-31,2026-04-10,UPS,Marseille Port Depot,Marseille,3230.4,114.6,Livré,gros_camion,340.01,a411faa4604af305,7cdf29c0459f36d3,43.37638,5.28476,10.0,77.7428,FAIBLE
FR-463124,2025-06-24,2025-06-30,FedEx,Paris-CDG Hub,Lille,30.4,716.9,Livré,fourgonnette,9.03,77a37e0c1eabf2ac,19b7e618bf5d4f0f,50.63927,3.03817,6.0,1.7435,FAIBLE
FR-952711,2025-05-12,2025-05-24,Unknown,Lyon Distribution Center,Toulouse,40.4,335.2,Livré,fourgonnette,12.41,0a09e9b5dbb0d8ab,b5eecd5276b7e305,43.58488,1.50132,12.0,1.0834,FAIBLE
FR-693120,2025-04-19,,XPO Logistics,Bordeaux Logistics Park,Dijon,250.9,1178.3,En transit,petit_camion,88.63,964fb47ecc48fb44,407e34a4e3be480f,47.33349,5.04726,,35.4763,MOYEN
FR-794031,2024-11-28,,GLS,Marseille Port Depot,Nice,750.8,1056.3,En transit,petit_camion,190.68,a411faa4604af305,08957b4b92399600,43.72184,7.26209,,95.1684,MOYEN
FR-356005,2025-08-25,2025-08-31,DHL,Bordeaux Logistics Park,Paris,3426.9,585.6,Retourné,gros_camion,446.13,4d783fa3092cb304,32bd7412590bd495,48.94788,2.38575,6.0,421.4265,AUCUN
FR-634754,2024-10-17,2024-10-20,DB Schenker,Bordeaux Logistics Park,Perpignan,1535.8,302.6,Livré,train,216.42,309f7e2638c05965,2be35b660e54d616,42.676,2.8432,3.0,13.0125,AUCUN
FR-460729,2025-10-08,2025-10-10,DHL,Bordeaux Logistics Park,Bordeaux,21.5,562.7,Livré,fourgonnette,13.42,649f91ae50effe2e,6dfe40af9e47ebe0,44.81379,-0.63118,2.0,0.9678,AUCUN
FR-952733,2025-06-15,2025-06-21,FedEx,Bordeaux Logistics Park,Le Havre,1469.8,593.7,Livré,train,288.7,6dcb5f2757af7881,2495e19c88efc086,49.57872,0.12272,6.0,24.4334,FAIBLE
FR-617640,2025-01-30,2025-02-12,DHL,Lyon Distribution Center,Rennes,3448.5,1072.5,Livré,gros_camion,494.23,abbd60b0df7fec89,9798cdbf83d2068e,48.15602,-1.58718,13.0,776.6884,FAIBLE
FR-674906,2026-03-18,2026-03-27,GLS,Lyon Distribution Center,Amiens,3522.6,311.6,Livré,gros_camion,357.28,4539984fb9bfe688,93d71d9e22434831,49.91519,2.18255,9.0,230.5049,FAIBLE
FR-852326,2025-10-08,2025-10-16,XPO Logistics,Marseille Port Depot,Toulouse,259.8,597.2,Livré,petit_camion,91.56,d21c62bed959dcf6,0d72ae6bbc039364,43.58516,1.39584,8.0,18.6183,FAIBLE
FR-322892,2025-05-20,2025-05-30,FedEx,Bordeaux Logistics Park,Toulouse,489.7,1020.2,Livré,petit_camion,112.72,4539984fb9bfe688,46c8dccd5ac595d6,43.55118,1.46458,10.0,59.951,FAIBLE
FR-662071,2024-05-30,2024-06-02,DHL,Bordeaux Logistics Park,Rennes,460.2,292.0,Retardé,petit_camion,88.05,737b27ae09a06d30,f95f58a842dd9e8c,48.10557,-1.73439,3.0,16.1254,ÉLEVÉ
FR-853961,2024-09-28,,DHL,Bordeaux Logistics Park,Aix-en-Provence,18.3,930.9,En attente,fourgonnette,12.45,2debffb0c60c520e,edae52925c41b08c,43.45428,5.43483,,1.3628,AUCUN
FR-510692,2025-11-29,2025-12-02,Chronopost,Marseille Port Depot,Rennes,69.7,13.3,Livré,avion,228.85,d1d9c071e6672d29,35da9f16bdd73549,48.09528,-1.66011,3.0,0.8807,AUCUN
FR-513769,2024-09-08,2024-09-17,DHL,Bordeaux Logistics Park,Dunkerque,45.3,77.1,Retardé,fourgonnette,15.99,b8ed8df564cec2ef,980debaa7013ed36,50.97851,2.42412,9.0,0.2794,ÉLEVÉ
FR-543154,2024-04-30,2024-05-10,FedEx,Bordeaux Logistics Park,Rennes,5820.7,377.4,Livré,train,335.97,076d9a82acb00f0c,447bcd39558eed68,48.19173,-1.69798,10.0,61.5085,FAIBLE
FR-666371,2026-01-20,2026-01-27,DHL,Paris-CDG Hub,Strasbourg,3281.3,670.1,Retourné,train,224.93,286f327fca2fc8f0,f61b2cbd9eabafa8,48.61058,7.79246,7.0,61.5664,AUCUN
FR-195551,2025-02-07,2025-02-18,XPO Logistics,Lyon Distribution Center,Bordeaux,4430.6,629.4,Retardé,gros_camion,471.06,a9bc7e3c6079a06c,6dcd04e091927b6a,44.84408,-0.58836,11.0,585.6101,ÉLEVÉ
FR-801483,2024-10-28,,Unknown,Bordeaux Logistics Park,Marseille,4620.6,646.5,En attente,train,376.39,be6b5843204f29e6,0434469baf91235f,43.23658,5.45232,,83.6421,AUCUN
FR-805369,2024-06-13,,FedEx,Bordeaux Logistics Park,Amiens,0.5,397.3,En transit,fourgonnette,14.17,6e21cb30cd3271a9,11a187fdf21f7ee0,49.83607,2.25753,,0.0159,MOYEN
FR-333571,2024-08-23,2024-08-27,Unknown,Marseille Port Depot,Vannes,169.0,1139.3,Livré,avion,401.43,d23122a5cb6fdbb4,41fc6365f71fb334,47.64011,-2.73068,4.0,182.9146,AUCUN
FR-390951,2025-12-23,2025-12-25,DHL,Lyon Distribution Center,Lyon,3674.1,843.8,Livré,train,252.82,420ccf90b5c7ed29,73b765f4d0aee93e,45.72855,4.79276,2.0,86.8058,AUCUN
FR-337819,2026-02-24,,DHL,Paris-CDG Hub,Lyon,96.7,691.2,En transit,avion,414.43,2debffb0c60c520e,ec115516d38f8af2,45.79855,4.80303,,63.4971,MOYEN
FR-858996,2024-08-19,,UPS,Paris-CDG Hub,Strasbourg,3390.4,342.7,En transit,gros_camion,411.51,80c6e1b004c4d98c,26bb05feb80b3004,48.58862,7.8381,,243.9969,MOYEN
FR-118898,2024-08-12,2024-08-21,Unknown,Marseille Port Depot,Paris,22.4,1050.5,Livré,fourgonnette,17.8,b1a521ada32f8bf9,359e9b8268bf89eb,48.8253,2.36199,9.0,1.8825,FAIBLE
FR-450384,2025-07-09,2025-07-16,Chronopost,Bordeaux Logistics Park,Paris,161.6,719.4,Livré,avion,432.13,abbd60b0df7fec89,76e300ee7a829cd3,48.80206,2.29093,7.0,110.4423,FAIBLE
FR-821473,2024-06-23,,Kuehne+Nagel,Bordeaux Logistics Park,Nantes,,150.3,En transit,fourgonnette,13.5,b4b018a4be786430,c145586419692b7b,47.19924,-1.55722,,0.0,MOYEN
FR-669020,2024-07-06,2024-07-10,Chronopost,Lyon Distribution Center,Marseille,2468.7,696.1,Livré,train,275.28,77a37e0c1eabf2ac,41f4f89e62469d65,43.30665,5.38069,4.0,48.1169,AUCUN
FR-942023,2024-07-28,2024-08-01,Chronopost,Bordeaux Logistics Park,Nantes,2198.6,402.5,Livré,gros_camion,384.31,ba4df4a50d5ef322,f57a8b5983e48695,47.15632,-1.50202,4.0,185.8367,AUCUN
FR-575591,2024-10-22,2024-10-24,UPS,Lyon Distribution Center,Dijon,4587.4,372.5,Livré,train,307.86,0b9d5daff036d6da,34b70bc422a6933e,47.3467,4.999,2.0,47.8466,AUCUN
FR-455640,2025-09-14,,Kuehne+Nagel,Marseille Port Depot,Nice,541.4,815.8,En attente,petit_camion,141.39,a411faa4604af305,0c6f7ffa79cdfbb6,43.79721,7.26875,,53.0009,AUCUN
FR-693682,2025-09-05,2025-09-10,XPO Logistics,Paris-CDG Hub,Lyon,41.9,476.7,Retardé,avion,289.98,b5eaeda6f050b47c,c1d027fb3bef8ed5,45.72987,4.83099,5.0,18.975,ÉLEVÉ
FR-500450,2026-02-08,2026-02-12,Chronopost,Marseille Port Depot,Saint-Étienne,2.8,1022.5,Livré,fourgonnette,22.09,0a09e9b5dbb0d8ab,e9fa23f14da781e9,45.39553,4.33363,4.0,0.229,AUCUN
FR-196003,2024-05-28,2024-06-10,DB Schenker,Bordeaux Logistics Park,Paris,4275.5,1088.9,Livré,train,359.76,ae8ce543547ae3d4,f75893e797db697d,48.8671,2.34158,13.0,130.3566,FAIBLE
FR-932121,2024-11-24,2024-12-02,Chronopost,Paris-CDG Hub,Dijon,5.1,693.7,Retardé,fourgonnette,19.32,4dc658302b612f5c,0e47f9899a0d58f7,47.30035,5.07867,8.0,0.283,ÉLEVÉ
FR-461460,2025-01-07,2025-01-10,Unknown,Marseille Port Depot,Nantes,4491.7,850.0,Livré,gros_camion,594.52,b5eaeda6f050b47c,eeeef019ee7b1b12,47.17265,-1.60995,3.0,801.7684,AUCUN
FR-963201,2024-05-21,2024-05-28,GLS,Paris-CDG Hub,Angers,414.2,1162.7,Livré,petit_camion,172.79,ac1dabffaec6f025,7dcca39dba4ff782,47.4932,-0.55768,7.0,57.7908,FAIBLE
FR-515362,2025-02-15,2025-02-25,UPS,Paris-CDG Hub,Clermont-Ferrand,31.2,1105.6,Retourné,fourgonnette,13.84,2c7e84ab9c91b547,5bf252580bfb550e,45.81357,3.07964,10.0,2.7596,AUCUN
FR-742042,2025-01-19,2025-01-22,FedEx,Paris-CDG Hub,Bordeaux,482.0,657.8,Retardé,petit_camion,150.02,bcda6b0629bed55e,859c01e581c6fc90,44.85742,-0.48787,3.0,38.0472,ÉLEVÉ
FR-642079,2024-11-20,2024-11-26,GLS,Marseille Port Depot,Lille,177.3,341.4,Retardé,avion,268.01,ba12f74cff0e9464,18a137f091a1d018,50.67014,3.05935,6.0,57.5037,ÉLEVÉ
FR-141464,2026-04-16,2026-04-17,Chronopost,Paris-CDG Hub,Toulouse,203.9,113.2,Retardé,avion,331.13,c8796666bc9acaab,ea3b324c34dbc98b,43.62713,1.40195,1.0,21.9274,ÉLEVÉ
FR-479697,2026-02-15,2026-02-23,Unknown,Marseille Port Depot,Lille,736.2,909.2,Livré,petit_camion,166.08,4937b40c2b9fb3af,69646532d18ea694,50.63602,3.00828,8.0,80.3224,FAIBLE
FR-352385,2025-03-07,2025-03-14,FedEx,Marseille Port Depot,Rennes,640.1,682.3,Livré,petit_camion,153.96,d21c62bed959dcf6,f203ea40aa8874e8,48.06526,-1.6609,7.0,52.4088,FAIBLE
FR-868683,2025-10-30,,DHL,Paris-CDG Hub,Nantes,630.2,285.0,En transit,petit_camion,107.66,d23122a5cb6fdbb4,770bec4f4c2b7e3f,47.20384,-1.46785,,21.5528,MOYEN
FR-700853,2025-07-17,2025-07-27,Unknown,Lyon Distribution Center,Strasbourg,11.8,100.5,Retardé,fourgonnette,11.79,577bd3cc79f49864,44505d2843a05bfc,48.59547,7.72503,10.0,0.0949,ÉLEVÉ
FR-849146,2026-03-31,,DHL,Lyon Distribution Center,Lyon,1144.4,450.7,En transit,gros_camion,279.01,ba12f74cff0e9464,72f2734fabd7ea08,45.75232,4.81798,,108.314,MOYEN
FR-920289,2025-08-22,2025-08-26,GLS,Lyon Distribution Center,Toulouse,725.6,1144.7,Retardé,petit_camion,198.34,46b06486d10dd744,8eec3d59010eb365,43.67247,1.44949,4.0,99.6713,ÉLEVÉ
FR-377980,2024-05-06,2024-05-11,DHL,Bordeaux Logistics Park,Paris,1782.5,895.3,Livré,train,279.6,420ccf90b5c7ed29,e437c897b5779789,48.82511,2.28485,5.0,44.6844,AUCUN
FR-257431,2024-08-23,2024-08-24,GLS,Paris-CDG Hub,Bordeaux,4993.7,97.6,Livré,gros_camion,434.25,a9bc7e3c6079a06c,9a9c1c39db52f418,44.8097,-0.54467,1.0,102.3509,AUCUN
FR-239881,2024-10-19,2024-10-27,FedEx,Bordeaux Logistics Park,Strasbourg,417.3,543.5,Livré,petit_camion,90.4,ddd94bb935d6fc90,f100d07fbbf301e3,48.58682,7.73646,8.0,27.2163,FAIBLE
FR-481194,2025-12-26,2026-01-07,FedEx,Paris-CDG Hub,Strasbourg,32.6,703.8,Livré,fourgonnette,12.55,abb3d464b81216db,369a0d8d80c87db9,48.62193,7.68756,12.0,1.8355,FAIBLE
FR-635679,2025-04-02,2025-04-13,GLS,Marseille Port Depot,Aix-en-Provence,32.6,599.8,Livré,fourgonnette,14.5,80c6e1b004c4d98c,7439f6287b3c3a71,43.52897,5.40819,11.0,1.5643,FAIBLE
FR-902373,2025-01-16,2025-01-21,Unknown,Marseille Port Depot,Strasbourg,5549.0,589.7,Livré,train,295.85,bcda6b0629bed55e,73c62fce243b67ee,48.62085,7.69945,5.0,91.6229,AUCUN
FR-383691,2024-05-22,2024-06-03,Chronopost,Lyon Distribution Center,Bordeaux,44.5,74.7,Retardé,fourgonnette,14.01,184fcccb030ef7f7,4064f5b5323d29cc,44.78884,-0.62643,12.0,0.2659,ÉLEVÉ
FR-244929,2025-01-06,2025-01-14,DHL,Paris-CDG Hub,Paris,225.2,586.0,Livré,petit_camion,95.29,c0fdb3ce997f47fa,0a2332b17830d8d3,48.89527,2.32279,8.0,15.8361,FAIBLE
FR-446125,2025-09-27,2025-09-30,GLS,Paris-CDG Hub,Nantes,,1054.2,Retardé,gros_camion,536.98,2a457c97836df9d7,dea94c4b5f8782fb,47.16206,-1.54118,3.0,0.0,ÉLEVÉ
FR-593217,2026-02-20,2026-02-22,DHL,Bordeaux Logistics Park,Perpignan,249.0,34.2,Livré,avion,383.19,dabcb1d63f05e568,aa5333015a729c17,42.72604,2.91355,2.0,8.09,AUCUN
FR-315723,2026-01-19,2026-01-21,FedEx,Marseille Port Depot,Saint-Étienne,,57.8,Livré,train,125.77,94f32f590e70c04a,ee6af7c05a600a80,45.50054,4.44732,2.0,0.0,AUCUN
FR-852598,2025-12-31,2026-01-01,Kuehne+Nagel,Lyon Distribution Center,Nice,1889.6,1086.3,Livré,gros_camion,395.69,80c6e1b004c4d98c,6ec0e682bf054119,43.56245,7.3974,1.0,431.0612,AUCUN
FR-196279,2025-09-06,2025-09-09,XPO Logistics,Lyon Distribution Center,Nice,3425.4,112.1,Retourné,train,239.15,d21c62bed959dcf6,fd2543f975d3ce78,43.66914,7.23401,3.0,10.7516,AUCUN
FR-851268,2025-06-14,,FedEx,Paris-CDG Hub,Mulhouse,1530.4,320.7,En transit,gros_camion,349.33,ba12f74cff0e9464,d561bbc1aed6168a,47.70152,7.28516,,103.0678,MOYEN
FR-601459,2026-04-20,2026-05-01,Unknown,Paris-CDG Hub,Toulouse,1717.1,1187.4,Livré,train,318.05,abbd60b0df7fec89,ebabce8d956f4b32,43.53069,1.44392,11.0,57.0888,FAIBLE
FR-579966,2024-12-17,2024-12-21,Chronopost,Marseille Port Depot,Rennes,7730.8,1175.4,Livré,train,471.92,6a5796584ab1ac8a,39e8df4cd1b34dff,48.15517,-1.67065,4.0,254.4299,AUCUN
FR-779500,2024-05-22,,FedEx,Lyon Distribution Center,Strasbourg,5671.8,470.0,En transit,train,368.36,abbd60b0df7fec89,af19233228ffcf7b,48.56301,7.82289,,74.6409,MOYEN
FR-741222,2025-06-29,2025-07-07,DB Schenker,Lyon Distribution Center,Orléans,3464.2,229.4,Livré,gros_camion,353.42,0b9d5daff036d6da,8ac5f884bd8676b8,47.8251,1.9659,8.0,166.8844,FAIBLE
FR-437025,2024-05-19,,Unknown,Lyon Distribution Center,Chartres,7457.3,250.9,En attente,train,338.29,ba12f74cff0e9464,2535db1df40ab41e,48.39393,1.43977,,52.389,AUCUN
FR-266373,2025-09-01,,DB Schenker,Paris-CDG Hub,Nantes,32.5,921.4,En transit,fourgonnette,20.46,6dd72298f13e566b,7caa04bcc1d8db6b,47.19684,-1.60714,,2.3956,MOYEN
FR-253440,2025-06-24,2025-07-02,DHL,Paris-CDG Hub,Orléans,4.1,729.2,Livré,fourgonnette,17.61,4f34261f7c38ba0c,153a202d8f292c1d,48.00459,1.94204,8.0,0.2392,FAIBLE
FR-667352,2024-12-22,2024-12-23,UPS,Bordeaux Logistics Park,Toulouse,6221.6,414.6,Livré,train,283.83,2210da77fef00168,8e5cb9b5fa57a4d7,43.68991,1.49055,1.0,72.2253,AUCUN
FR-257866,2026-03-17,2026-03-25,FedEx,Lyon Distribution Center,Metz,6583.4,1144.9,Livré,train,415.75,ccd16f4072984dcc,037dcd47e3728c4d,49.15962,6.07055,8.0,211.0454,FAIBLE
FR-238684,2024-07-16,2024-07-28,GLS,Lyon Distribution Center,Pau,4334.4,314.3,Livré,gros_camion,446.22,64be089ea6398de1,3480f5d21336547e,43.33078,-0.4139,12.0,286.0834,FAIBLE
FR-585609,2024-10-29,2024-11-04,GLS,Bordeaux Logistics Park,Lille,276.5,323.8,Retourné,petit_camion,116.26,c0fdb3ce997f47fa,0ca527a966bd5fb1,50.62996,2.98941,6.0,10.7437,AUCUN
FR-701725,2026-03-31,2026-04-12,FedEx,Bordeaux Logistics Park,Limoges,932.7,733.7,Livré,train,190.98,9f825829469aca3d,ecaed068f299be80,45.77386,1.26196,12.0,19.161,FAIBLE
FR-405425,2025-11-07,2025-11-17,Unknown,Paris-CDG Hub,Paris,7972.6,731.3,Retourné,train,461.27,588860b1c06a5a7a,fd76bb413257d4bb,48.91177,2.37359,10.0,163.2501,AUCUN
FR-222243,2026-03-19,2026-03-21,Kuehne+Nagel,Paris-CDG Hub,Paris,112.1,224.8,Livré,avion,252.37,93141cbfc2990e76,645f60d9ff8891de,48.78698,2.3812,2.0,23.9401,AUCUN
FR-327314,2025-09-08,2025-09-20,Kuehne+Nagel,Marseille Port Depot,Nice,486.1,118.3,Livré,petit_camion,94.1,b6a35244625ccc34,6d68cb6f1c669cfb,43.71105,7.18539,12.0,6.9007,FAIBLE
FR-294006,2026-04-05,2026-04-08,Unknown,Marseille Port Depot,Bayonne,3015.7,713.4,Livré,train,322.37,076d9a82acb00f0c,a47708c0b6cfdefc,43.39889,-1.43516,3.0,60.2392,AUCUN
FR-508331,2025-03-15,2025-03-27,XPO Logistics,Bordeaux Logistics Park,Caen,4208.0,318.0,Retardé,gros_camion,445.47,bebe00cf88981ebb,d92452b4ec18722c,49.1449,-0.37783,12.0,281.0102,ÉLEVÉ
FR-171721,2026-04-10,,Kuehne+Nagel,Lyon Distribution Center,Lille,2695.9,268.3,En attente,train,219.83,b6a35244625ccc34,6ea52bda91557097,50.61344,3.03469,,20.2527,AUCUN
FR-678677,2026-02-18,,Kuehne+Nagel,Paris-CDG Hub,Paris,3752.2,522.6,En transit,train,343.42,80c6e1b004c4d98c,357595369bf8122d,48.85458,2.35429,,54.9052,MOYEN
FR-982894,2025-03-03,2025-03-06,Unknown,Bordeaux Logistics Park,Le Havre,36.8,472.6,Livré,fourgonnette,18.71,de6c9169a9ba75a9,9ff1ba6f1b7d342f,49.50673,0.02693,3.0,1.3913,AUCUN
FR-731485,2024-07-14,2024-07-27,FedEx,Paris-CDG Hub,Toulouse,2978.5,1059.6,Livré,gros_camion,498.59,afdb5de261053424,4652dcd7903b2430,43.62204,1.46947,13.0,662.7639,FAIBLE
FR-972468,2024-05-12,2024-05-18,UPS,Paris-CDG Hub,Brest,1523.6,1032.3,Retardé,train,214.76,b1a521ada32f8bf9,c0e348ae488e8cff,48.42052,-4.5182,6.0,44.0387,ÉLEVÉ
FR-126510,2025-06-23,2025-07-06,GLS,Paris-CDG Hub,Lyon,759.3,189.4,Livré,petit_camion,141.4,176085ab92f665ad,36367860bad1e46f,45.73463,4.82846,13.0,17.2574,FAIBLE
FR-826623,2025-10-26,2025-11-02,FedEx,Marseille Port Depot,Strasbourg,147.6,926.2,Livré,avion,483.72,de6c9169a9ba75a9,8db81057294e5b86,48.60351,7.81787,7.0,129.8718,FAIBLE
FR-917518,2024-08-26,2024-08-30,Kuehne+Nagel,Bordeaux Logistics Park,Bordeaux,0.6,399.0,Livré,fourgonnette,10.11,abb3d464b81216db,97256622f622b261,44.79441,-0.67461,4.0,0.0192,AUCUN
FR-449316,2025-09-07,,FedEx,Lyon Distribution Center,Nice,132.3,242.6,En transit,avion,219.33,e05e06b51a7aca3c,b2725b81d9cd3f83,43.67921,7.29752,,30.4912,MOYEN
FR-166021,2025-05-08,2025-05-10,XPO Logistics,Paris-CDG Hub,Rennes,242.1,1039.6,Livré,avion,438.83,176085ab92f665ad,e38d7cc63bb92858,48.17093,-1.6133,2.0,239.1028,AUCUN
FR-647487,2024-10-07,2024-10-13,FedEx,Marseille Port Depot,Lille,37.0,894.8,Livré,fourgonnette,17.01,dc995e4ea96bebf0,855995bc4989618f,50.62197,2.99134,6.0,2.6486,FAIBLE
FR-901190,2024-09-08,2024-09-20,GLS,Lyon Distribution Center,Tours,697.0,1142.6,Livré,petit_camion,174.13,cca89aaad52adbdd,cb61a639c2f5a9d2,47.38775,0.73853,12.0,95.5671,FAIBLE
FR-951758,2024-10-22,2024-11-02,Kuehne+Nagel,Paris-CDG Hub,Paris,4950.3,243.0,Livré,gros_camion,450.51,4dc658302b612f5c,b4a10e3d9cb4b3ce,48.79498,2.3131,11.0,252.6138,FAIBLE
FR-949186,2025-04-01,2025-04-03,Unknown,Paris-CDG Hub,Rennes,30.8,116.7,Livré,fourgonnette,14.44,6a5796584ab1ac8a,6a2625ce3ea24efe,48.05296,-1.75261,2.0,0.2875,AUCUN
FR-130762,2025-03-13,2025-03-23,Unknown,Marseille Port Depot,Toulouse,33.7,687.8,Livré,fourgonnette,17.81,213616dfc61bfad5,f73ad25fd41fc190,43.63698,1.41081,10.0,1.8543,FAIBLE
FR-676724,2024-10-26,2024-11-02,Chronopost,Paris-CDG Hub,Marseille,3709.4,986.7,Livré,gros_camion,550.79,2bfcfe607c0a5f31,31d76a1895f6f345,43.26037,5.36894,7.0,768.6136,FAIBLE
FR-753900,2024-07-17,,DHL,Marseille Port Depot,Mulhouse,3331.6,260.0,En attente,train,197.67,3275c62b4a30ee93,f0546a0a724faf5e,47.7748,7.35159,,24.254,AUCUN
FR-973997,2024-12-25,,GLS,Bordeaux Logistics Park,Marseille,24.5,885.7,En transit,fourgonnette,17.84,144818883fd1fd2e,50b2e30540fb1fc5,43.30911,5.31737,,1.736,MOYEN
FR-963616,2025-05-10,,Chronopost,Bordeaux Logistics Park,Vannes,543.0,77.1,En attente,petit_camion,119.35,c0fdb3ce997f47fa,202a3bd8fdcaeb6e,47.62236,-2.7861,,5.0238,AUCUN
FR-496587,2024-06-09,2024-06-17,Chronopost,Bordeaux Logistics Park,Lille,4165.7,865.1,Livré,gros_camion,536.63,a7343d238975093d,49da74fa3b4a35d6,50.62453,3.01878,8.0,756.7869,FAIBLE
FR-540417,2025-03-18,2025-03-24,UPS,Lyon Distribution Center,Toulon,7975.8,177.7,Livré,train,387.31,94f32f590e70c04a,f881a194f7d9f2a0,43.17353,5.88289,6.0,39.6844,FAIBLE
FR-229486,2025-10-20,2025-10-26,Unknown,Paris-CDG Hub,Marseille,128.4,687.3,Retardé,avion,404.82,176085ab92f665ad,1f909ce522c86866,43.3469,5.38752,6.0,83.8369,ÉLEVÉ
FR-843110,2025-12-17,2025-12-26,FedEx,Marseille Port Depot,Lille,295.0,345.3,Livré,petit_camion,99.86,6dd72298f13e566b,e50c718fdf5f77b4,50.53455,3.09055,9.0,12.2236,FAIBLE
FR-803457,2025-10-18,2025-10-25,Unknown,Paris-CDG Hub,Bordeaux,11.0,165.8,Livré,fourgonnette,8.63,144818883fd1fd2e,8ea342cb1925481a,44.86111,-0.65081,7.0,0.1459,FAIBLE
FR-208460,2024-09-22,,Chronopost,Marseille Port Depot,Reims,145.7,1047.7,En attente,petit_camion,76.78,7334ee7ff8765e16,c7137821b8f41717,49.26105,3.14549,,18.318,AUCUN
FR-895060,2024-12-05,,Unknown,Paris-CDG Hub,Aix-en-Provence,95.9,1116.1,En transit,avion,405.41,4f34261f7c38ba0c,71d6299587a3febe,43.51255,5.44946,,101.6823,MOYEN
FR-905935,2024-07-03,,UPS,Bordeaux Logistics Park,Aix-en-Provence,142.7,477.5,En attente,avion,276.99,dabcb1d63f05e568,c0ee7735737343e2,43.55743,5.43554,,64.7323,AUCUN
FR-644698,2026-03-22,2026-03-29,UPS,Marseille Port Depot,Rennes,1592.6,1144.4,Livré,train,316.33,5bb1ecc8ac6edde3,54b3b6d6d63e38fe,48.14826,-1.74744,7.0,51.032,FAIBLE
FR-487264,2025-02-27,2025-03-09,Chronopost,Paris-CDG Hub,Lyon,7398.6,1098.0,Livré,train,385.79,dc995e4ea96bebf0,848d60bd4d3bdd38,45.708,4.79694,10.0,227.4626,FAIBLE
FR-826787,2024-05-22,2024-05-23,XPO Logistics,Bordeaux Logistics Park,Amiens,2719.6,752.1,Retardé,train,251.47,3714a4bb9c0df2e3,116e99e7819bcd05,49.85373,2.29748,1.0,57.2715,ÉLEVÉ
FR-277045,2025-03-07,2025-03-11,DB Schenker,Bordeaux Logistics Park,Toulouse,3012.2,326.7,Livré,train,278.18,abbd60b0df7fec89,fd6765fc81fe9424,43.673,1.36439,4.0,27.5544,AUCUN
FR-793725,2025-06-06,2025-06-14,FedEx,Paris-CDG Hub,Lyon,1341.8,1030.0,Livré,train,223.97,2a457c97836df9d7,ce0b7d4e3f7268dd,45.78985,4.77748,8.0,38.6975,FAIBLE
FR-375189,2024-07-24,,Chronopost,Paris-CDG Hub,Toulon,118.5,31.4,En attente,avion,185.8,c0fdb3ce997f47fa,7e3d03fb7fb65aa7,43.14887,5.94809,,3.5349,AUCUN
FR-900089,2025-12-11,2025-12-23,GLS,Bordeaux Logistics Park,Strasbourg,843.0,853.9,Livré,train,287.45,867749e4b7692143,8c9479dcdb205cad,48.53122,7.78304,12.0,20.1555,FAIBLE
FR-464673,2024-10-02,2024-10-11,UPS,Marseille Port Depot,Rennes,19.5,1026.4,Livré,fourgonnette,22.09,50b6dd7a25a72160,c1db7f42fbf89e69,48.237,-1.67879,9.0,1.6012,FAIBLE
FR-405026,2026-02-20,2026-02-26,UPS,Bordeaux Logistics Park,Rennes,2551.9,1100.8,Livré,gros_camion,397.4,ae8ce543547ae3d4,3dd9e2bcaa7e209e,48.09769,-1.6845,6.0,589.9176,FAIBLE
FR-345453,2025-05-25,,GLS,Bordeaux Logistics Park,Bordeaux,4703.4,752.0,En transit,train,295.5,6a5796584ab1ac8a,eb90c14d69339594,44.79157,-0.50333,,99.0348,MOYEN
FR-861223,2024-10-30,2024-11-02,Kuehne+Nagel,Paris-CDG Hub,Dijon,3918.3,496.8,Livré,gros_camion,396.47,4d783fa3092cb304,070935503a984e62,47.28247,5.05765,3.0,408.7884,AUCUN
FR-746979,2026-02-26,,XPO Logistics,Paris-CDG Hub,Caen,3611.7,985.2,En transit,gros_camion,508.07,75a44226210eb23d,d448162fb5c7269d,49.11086,-0.47746,,747.2318,MOYEN
FR-153283,2024-05-13,2024-05-25,FedEx,Lyon Distribution Center,Bordeaux,205.6,86.3,Livré,avion,249.49,75a44226210eb23d,4672485156af5c10,44.81046,-0.55693,12.0,16.8561,FAIBLE
FR-326904,2025-12-17,2025-12-28,UPS,Bordeaux Logistics Park,Nice,148.3,543.2,Livré,avion,290.05,1e3f6890d2ddffa6,bab31ab6fd772b5b,43.7977,7.26455,11.0,76.5287,FAIBLE
FR-936156,2025-04-29,2025-05-12,FedEx,Bordeaux Logistics Park,Le Havre,27.8,786.0,Livré,fourgonnette,14.15,2e49ed8efc869923,88ca3c88422fbcde,49.6071,0.16954,13.0,1.7481,FAIBLE
FR-646425,2024-11-25,2024-12-07,GLS,Marseille Port Depot,Aix-en-Provence,587.8,495.3,Livré,petit_camion,105.69,dabcb1d63f05e568,fb4d009d31be5349,43.54879,5.44462,12.0,34.9365,FAIBLE
FR-314762,2025-07-19,2025-07-22,FedEx,Marseille Port Depot,Rennes,2449.5,1031.9,Retardé,train,348.86,420ccf90b5c7ed29,23f50c689359e92c,48.07574,-1.68954,3.0,70.7739,ÉLEVÉ
FR-596921,2026-01-24,2026-02-06,Unknown,Paris-CDG Hub,Nice,172.2,810.2,Livré,avion,486.04,9f825829469aca3d,d2dabbf8fc7a6143,43.67878,7.29556,13.0,132.5406,FAIBLE
FR-217131,2024-11-21,2024-12-04,DB Schenker,Bordeaux Logistics Park,Lyon,,1087.4,Livré,fourgonnette,8.73,80c6e1b004c4d98c,3ca9dfa75aa18d67,45.79429,4.81608,13.0,0.0,FAIBLE
FR-770679,2025-10-11,,DB Schenker,Bordeaux Logistics Park,Toulouse,2381.2,1106.6,En transit,gros_camion,425.42,97c134953eabb671,c755d58e623396b3,43.59579,1.46169,,553.3575,MOYEN
FR-400465,2025-02-18,2025-02-22,Chronopost,Paris-CDG Hub,Dijon,3945.8,302.3,Livré,gros_camion,446.5,ff07dd0896d16f31,7c0d7e6b6a82ea35,47.26229,5.00124,4.0,250.4912,AUCUN
FR-601696,2024-06-10,,UPS,Marseille Port Depot,Strasbourg,165.8,540.9,En attente,avion,363.49,45466476afe9982a,2abfd216adf28585,48.62303,7.6937,,85.1972,AUCUN
FR-411735,2026-01-19,2026-01-27,DHL,Paris-CDG Hub,Marseille,3907.3,431.8,Retardé,gros_camion,429.09,4dc658302b612f5c,49cd06f284b3cc82,43.30348,5.37489,8.0,354.3061,ÉLEVÉ
FR-576258,2025-09-21,,XPO Logistics,Paris-CDG Hub,Le Havre,7174.8,1104.4,En transit,train,527.96,7334ee7ff8765e16,bfd0af3ce99eee12,49.52532,0.15198,,221.8678,MOYEN
FR-214048,2026-01-23,,Kuehne+Nagel,Lyon Distribution Center,Marseille,4639.2,1107.0,En attente,train,303.6,7334ee7ff8765e16,ba1965f12a46cbeb,43.27174,5.42058,,143.7966,AUCUN
FR-354527,2025-02-08,2025-02-10,GLS,Paris-CDG Hub,Montpellier,30.3,1125.6,Retardé,fourgonnette,18.92,a7343d238975093d,37f0d653b2c73388,43.65577,3.84686,2.0,2.7285,ÉLEVÉ
FR-565518,2025-09-28,2025-10-08,DHL,Bordeaux Logistics Park,Rouen,9.1,549.3,Retardé,fourgonnette,16.67,0b9d5daff036d6da,ce7911156f477838,49.42651,1.02748,10.0,0.3999,ÉLEVÉ
FR-407162,2024-07-16,,UPS,Paris-CDG Hub,Lyon,49.7,932.4,En attente,fourgonnette,18.9,d0443b3d89fde63f,5fd2920a6716df4a,45.80825,4.95451,,3.7072,AUCUN
FR-179820,2024-07-14,2024-07-16,DHL,Bordeaux Logistics Park,Brest,127.5,754.4,Retardé,petit_camion,91.81,dc995e4ea96bebf0,749a3308488a644f,48.39818,-4.53285,2.0,11.5423,ÉLEVÉ
FR-107385,2025-06-27,2025-06-28,GLS,Marseille Port Depot,Mulhouse,4286.9,981.7,Retardé,train,424.97,9f825829469aca3d,9e7cf00df38895df,47.70512,7.29167,1.0,117.8366,ÉLEVÉ
FR-756453,2024-10-17,2024-10-24,Unknown,Bordeaux Logistics Park,Toulouse,282.8,772.3,Livré,petit_camion,121.85,4d783fa3092cb304,5fd59f2631cf84d4,43.55345,1.43756,7.0,26.2088,FAIBLE
FR-929403,2025-04-26,,Unknown,Bordeaux Logistics Park,Strasbourg,1980.8,89.7,En transit,gros_camion,270.17,176085ab92f665ad,adbe9ce566973341,48.60658,7.71812,,37.3123,MOYEN
FR-616450,2024-08-10,2024-08-12,Chronopost,Lyon Distribution Center,Mulhouse,182.6,349.9,Livré,avion,341.3,176085ab92f665ad,a8c0bdfe38748ea0,47.74449,7.34689,2.0,60.6972,AUCUN
FR-550951,2024-08-09,,UPS,Lyon Distribution Center,Strasbourg,400.6,30.5,En attente,petit_camion,92.89,ddd94bb935d6fc90,8f9d4405c5312e3c,48.59002,7.69928,,1.4662,AUCUN
FR-747167,2026-01-28,2026-01-29,Kuehne+Nagel,Paris-CDG Hub,Mulhouse,7723.6,1014.2,Livré,train,521.66,213616dfc61bfad5,e104086d9ff9b3a0,47.6853,7.26292,1.0,219.3317,AUCUN
FR-587282,2024-09-02,2024-09-07,DB Schenker,Bordeaux Logistics Park,Toulouse,382.9,64.3,Livré,petit_camion,90.95,e99e31c1b5468d2d,51f83b8d73179fd6,43.64939,1.41701,5.0,2.9545,AUCUN
FR-904009,2025-03-31,,UPS,Paris-CDG Hub,Clermont-Ferrand,569.2,294.1,En transit,petit_camion,121.93,abb3d464b81216db,577883c994d34eac,45.78494,3.03689,,20.0882,MOYEN
FR-393770,2024-05-02,2024-05-07,UPS,Paris-CDG Hub,Clermont-Ferrand,47.4,222.4,Livré,fourgonnette,13.67,184fcccb030ef7f7,48ccfc90650e65c5,45.76587,3.02062,5.0,0.8433,AUCUN
FR-258649,2025-01-13,2025-01-19,FedEx,Paris-CDG Hub,Toulouse,306.3,916.6,Livré,petit_camion,118.6,7762a147989c85a8,7cf328ba64c9ff4c,43.50429,1.47699,6.0,33.6905,FAIBLE
FR-790666,2025-08-27,2025-08-28,Chronopost,Bordeaux Logistics Park,Dunkerque,1722.6,387.1,Retardé,train,231.13,bebe00cf88981ebb,5aaf9481dd01f3a9,51.00104,2.27156,1.0,18.6709,ÉLEVÉ
FR-856494,2025-09-07,,DB Schenker,Bordeaux Logistics Park,Vannes,7086.3,133.7,En attente,train,284.72,d21c62bed959dcf6,7034a26a45e85de3,47.67194,-2.64379,,26.5283,AUCUN
FR-807749,2025-02-17,,Chronopost,Marseille Port Depot,Strasbourg,1520.1,554.6,En attente,train,257.36,2e49ed8efc869923,55dd8b50f724f5ea,48.47471,7.73885,,23.6053,AUCUN
FR-663626,2024-11-24,2024-12-07,DHL,Paris-CDG Hub,Angers,106.7,657.0,Retardé,avion,402.0,ba4df4a50d5ef322,812d0f5e6da3b7c4,47.47255,-0.54376,13.0,66.5968,ÉLEVÉ
FR-674435,2024-07-12,2024-07-22,Chronopost,Lyon Distribution Center,Paris,565.4,750.8,Retardé,petit_camion,137.94,97c134953eabb671,058783de61376d4a,48.79301,2.38056,10.0,50.9403,ÉLEVÉ
FR-413320,2026-02-13,2026-02-21,GLS,Lyon Distribution Center,Tours,2341.9,1106.4,Livré,gros_camion,472.03,2e49ed8efc869923,f82d15af705d209f,47.31744,0.65215,8.0,544.1264,FAIBLE
FR-271610,2026-03-02,2026-03-07,Unknown,Lyon Distribution Center,Toulon,8.9,907.4,Livré,fourgonnette,13.96,93141cbfc2990e76,f177b3c96b905a72,43.16966,5.98431,5.0,0.6461,AUCUN
FR-474774,2024-10-23,2024-10-25,Unknown,Paris-CDG Hub,Nantes,4797.4,1162.8,Retardé,gros_camion,588.51,213616dfc61bfad5,23e0080944095015,47.24384,-1.56674,2.0,1171.4675,ÉLEVÉ
FR-744227,2025-01-14,2025-01-22,DHL,Paris-CDG Hub,Nantes,937.8,502.1,Livré,gros_camion,338.47,bcda6b0629bed55e,4f0011718ebd1515,47.19007,-1.52599,8.0,98.8826,FAIBLE
FR-908187,2025-12-29,2026-01-08,DB Schenker,Paris-CDG Hub,Toulouse,2065.4,1185.9,Livré,train,362.98,c8796666bc9acaab,449f9f76de152654,43.60487,1.41307,10.0,68.582,FAIBLE
FR-377651,2026-01-01,2026-01-13,Kuehne+Nagel,Paris-CDG Hub,Paris,151.7,303.5,Livré,avion,325.54,b6a35244625ccc34,79fca117f7009933,48.88382,2.37406,12.0,43.7389,FAIBLE
FR-797448,2025-04-28,2025-05-03,GLS,Paris-CDG Hub,Avignon,7112.8,80.3,Livré,train,275.59,80c6e1b004c4d98c,33a1b9f5e080a1a9,43.92985,4.83883,5.0,15.9924,AUCUN
FR-461554,2026-02-05,,DHL,Paris-CDG Hub,Bordeaux,478.8,942.2,En attente,petit_camion,140.03,cca89aaad52adbdd,55c248994a6fbe4c,44.81885,-0.57414,,54.135,AUCUN
FR-262839,2025-03-17,2025-03-30,Unknown,Marseille Port Depot,Lyon,6.8,144.1,Livré,fourgonnette,11.5,e99e31c1b5468d2d,a60a7c712e6ee553,45.77149,4.88497,13.0,0.0784,FAIBLE
FR-249793,2026-03-24,2026-03-25,Unknown,Bordeaux Logistics Park,Nice,145.3,1095.6,Livré,avion,495.51,4e3a294f61cb834d,5d00c86e9aaee72b,43.72056,7.32108,1.0,151.2311,AUCUN
FR-835167,2024-04-29,,UPS,Paris-CDG Hub,Auxerre,12.3,671.1,En transit,fourgonnette,18.57,b8ed8df564cec2ef,2c23949b753f09d5,47.79509,3.60473,,0.6604,MOYEN
FR-722306,2024-07-30,,GLS,Lyon Distribution Center,Nice,4019.0,362.3,En transit,gros_camion,448.62,64be089ea6398de1,fb4b6e0b0a93fbcb,43.68151,7.16169,,305.7776,MOYEN
FR-342759,2024-11-29,2024-11-30,Kuehne+Nagel,Paris-CDG Hub,Tours,5515.6,909.4,Livré,train,419.62,4e3a294f61cb834d,f29e4c0561bb3ae3,47.34797,0.74452,1.0,140.4448,AUCUN
FR-303880,2026-01-27,2026-01-30,DHL,Paris-CDG Hub,Lyon,7540.3,1052.5,Retardé,train,492.15,ccd16f4072984dcc,36ac429a1038f8ad,45.87245,4.76123,3.0,222.2126,ÉLEVÉ
FR-756445,2026-02-13,2026-02-17,GLS,Marseille Port Depot,Rennes,4467.8,385.9,Livré,gros_camion,463.12,4dc658302b612f5c,1cbd20e54276ba13,48.13092,-1.73703,4.0,362.066,AUCUN
FR-922654,2024-12-08,2024-12-12,Kuehne+Nagel,Marseille Port Depot,Toulouse,1641.5,801.0,Livré,train,243.38,afdb5de261053424,5e05ffabae3b940e,43.60072,1.41975,4.0,36.8156,AUCUN
FR-503126,2025-06-04,2025-06-13,GLS,Bordeaux Logistics Park,Lille,5397.9,239.7,Retourné,train,279.63,2bfcfe607c0a5f31,b53c90431984c31d,50.67073,3.03906,9.0,36.2285,AUCUN
FR-287100,2025-06-03,2025-06-13,GLS,Paris-CDG Hub,Tours,11.5,1092.3,Livré,fourgonnette,11.22,be6b5843204f29e6,1e33dc5673755308,47.35707,0.68369,10.0,1.0049,FAIBLE
FR-135297,2024-11-20,2024-12-03,UPS,Paris-CDG Hub,Bordeaux,262.1,842.9,Livré,petit_camion,79.91,4e3a294f61cb834d,770ddae598e636f8,44.7827,-0.48902,13.0,26.5109,FAIBLE
FR-844161,2025-05-17,2025-05-28,GLS,Marseille Port Depot,Paris,30.0,149.9,Retardé,fourgonnette,16.0,4e3a294f61cb834d,d911d99006c32539,48.91726,2.38256,11.0,0.3598,ÉLEVÉ
FR-329111,2025-06-19,2025-06-30,DHL,Marseille Port Depot,Strasbourg,4496.5,857.2,Retardé,gros_camion,583.5,93141cbfc2990e76,12b9dca34b6ee094,48.61221,7.78078,11.0,809.424,ÉLEVÉ
FR-947197,2024-08-04,2024-08-15,DHL,Paris-CDG Hub,Nice,727.0,296.1,Livré,petit_camion,149.27,bebe00cf88981ebb,c0c1f882934381e3,43.69254,7.22427,11.0,25.8318,FAIBLE
FR-294173,2024-06-04,2024-06-16,Unknown,Marseille Port Depot,Lille,3153.7,281.8,Livré,gros_camion,362.09,b5eaeda6f050b47c,54563db150d0ede8,50.60397,3.08298,12.0,186.6297,FAIBLE
FR-123473,2024-09-27,,Unknown,Paris-CDG Hub,Clermont-Ferrand,2897.5,1120.2,En transit,gros_camion,448.02,e05e06b51a7aca3c,8f904bf849e41b05,45.77948,3.12464,,681.6137,MOYEN
FR-981090,2025-12-24,2025-12-29,XPO Logistics,Paris-CDG Hub,Lille,6394.5,1163.5,Retourné,train,482.18,c0fdb3ce997f47fa,b0e19e07caf7f205,50.62366,3.02481,5.0,208.32,AUCUN
FR-850406,2025-11-23,2025-12-05,FedEx,Lyon Distribution Center,Lille,188.8,251.3,Retardé,avion,338.65,0b9d5daff036d6da,58083da2d89a15d9,50.62987,3.04706,12.0,45.0732,ÉLEVÉ
FR-994415,2025-10-05,2025-10-17,GLS,Marseille Port Depot,La Rochelle,171.3,729.5,Livré,avion,479.23,0a09e9b5dbb0d8ab,bb3c9d817380763f,46.14032,-1.21426,12.0,118.7152,FAIBLE
FR-397011,2024-09-24,2024-09-26,Kuehne+Nagel,Paris-CDG Hub,Mulhouse,47.6,576.5,Livré,fourgonnette,20.63,964fb47ecc48fb44,233264836a7cd138,47.65871,7.30913,2.0,2.1953,AUCUN
FR-256591,2026-03-28,2026-03-29,Kuehne+Nagel,Paris-CDG Hub,Le Havre,456.9,1175.5,Livré,petit_camion,143.86,77a37e0c1eabf2ac,840754623537d6f0,49.52638,0.10279,1.0,64.4503,AUCUN
FR-141893,2025-11-23,2025-12-05,Chronopost,Lyon Distribution Center,Toulouse,222.4,816.9,Livré,avion,384.07,d0443b3d89fde63f,adc2fdb9a6b12f55,43.63841,1.34964,12.0,172.5946,FAIBLE
FR-566836,2024-05-17,2024-05-18,UPS,Paris-CDG Hub,Nice,644.1,212.9,Retardé,train,148.97,80c6e1b004c4d98c,45bf8b1cc573207e,43.7378,7.29075,1.0,3.8396,ÉLEVÉ
FR-376029,2025-06-03,2025-06-09,Chronopost,Bordeaux Logistics Park,Toulouse,596.8,84.6,Livré,petit_camion,130.55,a7343d238975093d,d8ca9d8ca1743bf0,43.56783,1.42221,6.0,6.0587,FAIBLE
FR-655252,2025-02-03,,DHL,Bordeaux Logistics Park,Nice,6013.6,227.9,En attente,train,283.07,98c6fa9a1549ec58,973460f394283afc,43.69526,7.24006,,38.374,AUCUN
FR-773226,2024-12-14,,DHL,Lyon Distribution Center,Toulouse,7939.2,411.8,En transit,train,346.32,cca89aaad52adbdd,fdb55678b4fafede,43.53485,1.50851,,91.5422,MOYEN
FR-308271,2025-05-28,2025-05-29,GLS,Paris-CDG Hub,Nantes,496.0,267.2,Retardé,petit_camion,114.05,6dd72298f13e566b,6a63db18d786d6f7,47.22428,-1.52388,1.0,15.9037,ÉLEVÉ
FR-750578,2024-09-16,2024-09-21,DHL,Lyon Distribution Center,Saint-Étienne,16.1,874.9,Retardé,fourgonnette,11.53,286f327fca2fc8f0,fe8266759c6ea41d,45.42168,4.34145,5.0,1.1269,ÉLEVÉ
FR-122706,2025-04-23,2025-05-01,XPO Logistics,Bordeaux Logistics Park,Marseille,1086.9,527.8,Retourné,gros_camion,294.01,60d3bd00a0e40db3,7260d77c70861a17,43.2833,5.41217,8.0,120.4698,AUCUN
FR-665361,2024-05-14,2024-05-27,Chronopost,Lyon Distribution Center,Marseille,46.9,551.7,Retardé,fourgonnette,10.47,98c6fa9a1549ec58,a18bdbe4948298b6,43.19463,5.4054,13.0,2.07,ÉLEVÉ
FR-345567,2024-05-31,2024-06-12,DHL,Paris-CDG Hub,Lille,26.2,15.5,Livré,fourgonnette,6.69,97c134953eabb671,67663d9d06cf0dfd,50.64844,2.9935,12.0,0.0325,FAIBLE
FR-857001,2024-09-08,2024-09-19,Chronopost,Marseille Port Depot,Toulouse,1827.4,485.0,Livré,gros_camion,308.27,b1a521ada32f8bf9,075f920771574f06,43.56907,1.52718,11.0,186.1207,FAIBLE
FR-130900,2025-09-16,,GLS,Lyon Distribution Center,Marseille,47.8,923.4,En transit,fourgonnette,24.88,2c7e84ab9c91b547,47d1fe289dfaf292,43.31549,5.34944,,3.5311,MOYEN
FR-466563,2024-08-04,,FedEx,Bordeaux Logistics Park,Strasbourg,4996.1,476.4,En attente,gros_camion,464.72,ba4df4a50d5ef322,221c669ce0624d8e,48.51694,7.73291,,499.8298,AUCUN
FR-263475,2024-10-22,2024-11-02,GLS,Marseille Port Depot,Lille,2113.5,144.6,Retardé,gros_camion,308.49,57305694cae2b1d0,3f4bd74e1ac144fb,50.62912,3.00197,11.0,64.1785,ÉLEVÉ
FR-813608,2025-09-15,2025-09-24,Chronopost,Marseille Port Depot,Nice,718.9,768.2,Retourné,petit_camion,144.08,ff07dd0896d16f31,63c03ffe5cbcce31,43.82104,7.27433,9.0,66.2711,AUCUN
FR-249621,2024-09-24,2024-10-03,DHL,Lyon Distribution Center,Perpignan,1382.4,538.1,Livré,gros_camion,299.99,6ab1a44406435c4c,dbdaa791d6a3f122,42.70226,2.97827,9.0,156.2126,FAIBLE
FR-788427,2025-01-09,2025-01-14,Unknown,Paris-CDG Hub,Metz,55.5,627.9,Livré,petit_camion,70.17,bebe00cf88981ebb,b0f56b262a4584ed,49.0902,6.11868,5.0,4.1818,AUCUN
FR-131649,2024-10-13,2024-10-26,GLS,Lyon Distribution Center,Brest,3848.7,711.8,Livré,gros_camion,419.07,98c6fa9a1549ec58,d7302ee37795c545,48.40581,-4.56212,13.0,575.296,FAIBLE
FR-938532,2025-11-13,2025-11-16,Chronopost,Lyon Distribution Center,Nice,7819.8,747.0,Livré,train,367.5,4f34261f7c38ba0c,48535933c2e66596,43.74947,7.21658,3.0,163.5589,AUCUN
FR-542701,2025-06-18,2025-06-19,UPS,Lyon Distribution Center,Strasbourg,33.8,587.3,Retardé,fourgonnette,11.59,1e3f6890d2ddffa6,dc7c122aafaada09,48.55886,7.79855,1.0,1.5881,ÉLEVÉ
FR-960090,2024-11-21,,UPS,Bordeaux Logistics Park,Rennes,142.5,623.4,En attente,avion,293.56,d21c62bed959dcf6,bd0cd2a25e9d7e7d,48.13526,-1.68116,,84.3928,AUCUN
FR-276703,2024-10-10,,Unknown,Lyon Distribution Center,Lille,147.2,1136.3,En attente,avion,400.13,ccd16f4072984dcc,6a6ba19b573b5ca3,50.56972,3.02291,,158.9002,AUCUN
FR-936635,2024-08-11,2024-08-21,DHL,Paris-CDG Hub,Rennes,349.4,387.1,Livré,petit_camion,97.61,577bd3cc79f49864,cc867f39ec4ed99c,48.17624,-1.57199,10.0,16.2303,FAIBLE
FR-299923,2025-09-25,,Unknown,Paris-CDG Hub,Valence,137.7,290.9,En attente,avion,220.83,4761f7fa3a69433b,07397f48c5a2d288,44.97303,4.83524,,38.0541,AUCUN
FR-301109,2024-05-17,2024-05-25,Unknown,Bordeaux Logistics Park,Lyon,160.7,701.0,Livré,avion,412.3,e99e31c1b5468d2d,940098ab6f7c16d5,45.74341,4.85644,8.0,107.0182,FAIBLE
FR-629180,2025-06-28,2025-07-02,Kuehne+Nagel,Bordeaux Logistics Park,Lyon,28.7,934.1,Livré,avion,338.8,93141cbfc2990e76,d42de5bf9575ef6f,45.81004,4.79563,4.0,25.4682,AUCUN
FR-635549,2024-08-09,2024-08-17,GLS,Marseille Port Depot,Lyon,2304.0,539.5,Livré,gros_camion,382.91,144818883fd1fd2e,acd04cf37b8ecc3b,45.7353,4.88144,8.0,261.0317,FAIBLE
FR-919618,2024-05-18,2024-05-31,DHL,Paris-CDG Hub,Annecy,166.7,625.3,Livré,avion,307.2,309f7e2638c05965,eda154ddcf4b4908,45.89868,6.09264,13.0,99.0256,FAIBLE
FR-206537,2025-07-30,,DHL,Bordeaux Logistics Park,Strasbourg,250.7,452.1,En attente,petit_camion,105.51,6dcb5f2757af7881,7ecc339a25342cdd,48.44864,7.81319,,13.601,AUCUN
FR-205722,2024-12-02,2024-12-14,XPO Logistics,Paris-CDG Hub,Chambéry,,369.5,Livré,train,281.04,213616dfc61bfad5,d2a909f8bf067c14,45.6324,5.95735,12.0,0.0,FAIBLE
FR-181808,2026-03-24,2026-04-01,Chronopost,Paris-CDG Hub,Bordeaux,997.0,849.0,Livré,gros_camion,375.57,60d3bd00a0e40db3,19ec1e401d3c1158,44.84537,-0.6121,8.0,177.7551,FAIBLE
FR-988661,2025-10-17,2025-10-26,FedEx,Bordeaux Logistics Park,Paris,2870.5,921.3,Livré,train,277.14,4f34261f7c38ba0c,8b0aaf063dd70582,48.85616,2.33096,9.0,74.0486,FAIBLE
FR-706474,2025-06-06,,Unknown,Bordeaux Logistics Park,Lyon,172.3,1171.6,En transit,avion,431.04,d23122a5cb6fdbb4,49e876484e95e947,45.79918,4.80517,,191.7733,MOYEN
FR-843963,2025-09-18,2025-09-20,XPO Logistics,Marseille Port Depot,Nice,415.5,1004.5,Livré,petit_camion,145.58,9f825829469aca3d,7700b965bd5a5318,43.72988,7.30578,2.0,50.0844,AUCUN
FR-265927,2026-02-05,2026-02-08,Kuehne+Nagel,Lyon Distribution Center,Mulhouse,8.2,565.6,Livré,fourgonnette,16.28,50b6dd7a25a72160,cc6db231a2ca1347,47.78892,7.34441,3.0,0.371,AUCUN
FR-450762,2025-03-14,2025-03-26,DHL,Paris-CDG Hub,Nice,4878.6,567.4,Retourné,train,316.59,b5eaeda6f050b47c,d604096330f504c5,43.73505,7.27729,12.0,77.5073,AUCUN
FR-854004,2026-03-21,2026-03-30,GLS,Paris-CDG Hub,Valence,3309.0,947.6,Retardé,gros_camion,556.41,6dcb5f2757af7881,6da050b5292cfdcb,44.97763,4.91311,9.0,658.4778,ÉLEVÉ
FR-846550,2025-02-25,2025-02-28,UPS,Marseille Port Depot,Nice,243.7,637.6,Livré,avion,350.34,9f825829469aca3d,6dff0eeb350e7283,43.65312,7.27148,3.0,147.614,AUCUN
FR-151055,2025-02-10,,Kuehne+Nagel,Lyon Distribution Center,Orléans,284.4,885.6,En attente,petit_camion,119.06,a411faa4604af305,7aadefdd31c96494,47.94433,1.95589,,30.2238,AUCUN
FR-108438,2024-10-20,2024-10-28,Unknown,Lyon Distribution Center,Rennes,44.5,346.3,Livré,fourgonnette,11.11,a9bc7e3c6079a06c,92b0d3f54eae1f4c,48.01129,-1.65769,8.0,1.2328,FAIBLE
FR-836906,2025-03-19,2025-03-26,Kuehne+Nagel,Bordeaux Logistics Park,Paris,40.1,559.7,Retardé,fourgonnette,18.25,309f7e2638c05965,c55e6a9bbad49ac2,48.82843,2.39628,7.0,1.7955,ÉLEVÉ
FR-218480,2025-09-21,2025-09-28,DHL,Paris-CDG Hub,Nantes,555.0,1007.9,Livré,train,219.75,2debffb0c60c520e,cbf892af5667444a,47.2585,-1.5812,7.0,15.6628,FAIBLE
FR-276285,2025-03-22,2025-03-26,UPS,Marseille Port Depot,Bordeaux,5060.9,388.7,Retardé,train,262.65,ae8ce543547ae3d4,404351393d8f421d,44.79275,-0.59842,4.0,55.0808,ÉLEVÉ
FR-650495,2025-12-12,2025-12-13,Kuehne+Nagel,Marseille Port Depot,Marseille,,381.2,Livré,fourgonnette,13.27,ae8ce543547ae3d4,11022f4fe79db6fd,43.21877,5.36988,1.0,0.0,AUCUN
FR-542826,2026-03-19,,Kuehne+Nagel,Marseille Port Depot,Nice,47.2,540.0,En attente,fourgonnette,15.46,5544f6afe2c2fa55,cc14a7a294fabbab,43.77831,7.24599,,2.039,AUCUN
FR-904372,2024-08-02,2024-08-06,DHL,Bordeaux Logistics Park,Metz,211.3,421.3,Retardé,avion,336.9,be6b5843204f29e6,737458fd61eb7229,49.09909,6.18186,4.0,84.5697,ÉLEVÉ
FR-300257,2025-12-18,2025-12-28,Chronopost,Lyon Distribution Center,Bordeaux,448.1,687.3,Livré,petit_camion,145.75,be6b5843204f29e6,07276ae6e19eeea8,44.79021,-0.60062,10.0,36.9575,FAIBLE
FR-112261,2025-03-29,2025-04-01,UPS,Paris-CDG Hub,Montpellier,18.1,321.8,Livré,fourgonnette,12.59,ba4df4a50d5ef322,45c7aa13ff2b9d61,43.57067,3.77728,3.0,0.466,AUCUN
FR-684533,2025-08-03,2025-08-13,Kuehne+Nagel,Paris-CDG Hub,Reims,144.2,393.0,Livré,avion,308.97,50b6dd7a25a72160,ea049e95ffd91c33,49.17125,3.24857,10.0,53.8371,FAIBLE
FR-103816,2025-09-26,,XPO Logistics,Lyon Distribution Center,Strasbourg,2026.8,959.2,En attente,gros_camion,367.23,97c134953eabb671,4bf2e072271f4a6a,48.55763,7.71229,,408.2624,AUCUN
FR-114033,2024-07-21,,Chronopost,Bordeaux Logistics Park,Bordeaux,4593.2,134.2,En attente,gros_camion,394.25,b5eaeda6f050b47c,13b1b33c2f8024c9,44.92184,-0.54324,,129.4456,AUCUN
FR-754073,2024-06-28,2024-07-07,DHL,Marseille Port Depot,Nice,512.1,222.4,Livré,petit_camion,99.67,588860b1c06a5a7a,6994c34532d0d6f9,43.71477,7.28387,9.0,13.6669,FAIBLE
FR-764396,2025-12-09,2025-12-19,Chronopost,Marseille Port Depot,Strasbourg,6784.3,177.5,Livré,train,290.88,b5eaeda6f050b47c,0b741546f1c25d83,48.58143,7.71898,10.0,33.718,FAIBLE
FR-417604,2025-08-31,2025-09-13,DHL,Paris-CDG Hub,Strasbourg,1141.4,1045.4,Retardé,train,277.44,ba12f74cff0e9464,55984ce27e8f0326,48.52247,7.75561,13.0,33.4101,ÉLEVÉ
FR-875200,2025-02-14,2025-02-15,Unknown,Paris-CDG Hub,Lille,29.5,824.5,Livré,fourgonnette,12.76,4d783fa3092cb304,bc8fa321c607b291,50.5508,3.07428,1.0,1.9458,AUCUN
FR-228526,2025-03-28,2025-04-07,Unknown,Paris-CDG Hub,Bordeaux,481.4,336.6,Retardé,petit_camion,101.38,ac1dabffaec6f025,b4ba2a31e8d48c44,44.88081,-0.61653,10.0,19.4447,ÉLEVÉ
FR-807514,2025-08-01,2025-08-04,GLS,Lyon Distribution Center,Nice,588.6,571.4,Livré,petit_camion,149.21,867749e4b7692143,ac1c7f316257a6fd,43.73143,7.31629,3.0,40.3591,AUCUN
FR-509550,2025-02-14,,UPS,Marseille Port Depot,Marseille,28.1,1134.4,En transit,avion,312.71,cca89aaad52adbdd,ed5e4c953a46cc40,43.27192,5.29632,,30.2828,MOYEN
FR-777999,2025-02-22,2025-02-24,Chronopost,Bordeaux Logistics Park,Pau,11.5,960.4,Retardé,fourgonnette,22.36,ddd94bb935d6fc90,fcb20c5561afebec,43.37222,-0.36456,2.0,0.8836,ÉLEVÉ
FR-329479,2024-09-03,,UPS,Paris-CDG Hub,Strasbourg,442.4,20.1,En transit,petit_camion,102.34,46b06486d10dd744,ac24c1652ab0ec4d,48.65115,7.73961,,1.0671,MOYEN
FR-581745,2024-06-14,2024-06-23,Unknown,Bordeaux Logistics Park,Nantes,247.2,776.0,Retourné,avion,371.19,a9bc7e3c6079a06c,dd4d0daec755df9f,47.21875,-1.55069,9.0,182.2358,AUCUN
FR-132034,2025-09-12,2025-09-23,XPO Logistics,Marseille Port Depot,Marseille,2501.7,47.4,Livré,gros_camion,298.27,5544f6afe2c2fa55,44c9bdc6a3f73fcc,43.25968,5.27209,11.0,24.9019,FAIBLE
FR-887995,2024-09-24,2024-09-26,DHL,Lyon Distribution Center,Brest,776.2,88.7,Retardé,petit_camion,140.43,2a457c97836df9d7,ba493589d5604bc3,48.39484,-4.45893,2.0,8.2619,ÉLEVÉ
FR-856940,2025-08-25,2025-08-28,GLS,Paris-CDG Hub,Strasbourg,66.9,63.6,Retardé,avion,200.35,420ccf90b5c7ed29,0796a98307eb2231,48.52711,7.71286,3.0,4.0421,ÉLEVÉ
FR-531601,2026-01-25,2026-02-03,Unknown,Bordeaux Logistics Park,Bordeaux,72.6,1170.8,Livré,avion,310.1,2210da77fef00168,d54ff88ee8f67b55,44.9173,-0.61286,9.0,80.7501,FAIBLE
FR-525500,2025-10-07,2025-10-17,FedEx,Paris-CDG Hub,Le Havre,5.5,225.4,Retardé,fourgonnette,12.69,213616dfc61bfad5,1ef3a3e6cb9c1026,49.55603,0.12535,10.0,0.0992,ÉLEVÉ
FR-383794,2025-06-15,2025-06-28,XPO Logistics,Paris-CDG Hub,Bordeaux,1866.9,1089.1,Livré,gros_camion,391.06,b4b018a4be786430,30f2e929af590e11,44.74901,-0.56062,13.0,426.9806,FAIBLE
FR-305947,2025-10-13,2025-10-21,DHL,Bordeaux Logistics Park,Strasbourg,4142.7,623.7,Livré,train,321.52,60d3bd00a0e40db3,08f19d8cb8b4d7cf,48.59478,7.73733,8.0,72.3465,FAIBLE
FR-273348,2025-01-08,2025-01-15,DB Schenker,Paris-CDG Hub,Rennes,1.6,519.6,Retourné,fourgonnette,12.46,2210da77fef00168,9fd057e667a2a68b,48.12263,-1.71205,7.0,0.0665,AUCUN
FR-597537,2025-07-18,,Chronopost,Bordeaux Logistics Park,Toulouse,99.2,547.2,En attente,avion,349.24,c0fdb3ce997f47fa,715f017a7f07d63f,43.66543,1.52697,,51.5681,AUCUN
FR-861505,2025-12-02,2025-12-10,DHL,Paris-CDG Hub,Poitiers,4393.3,214.7,Livré,gros_camion,377.86,89b72f42de629ac1,893dce7a4dbbe3ed,46.60581,0.44045,8.0,198.0807,FAIBLE
FR-992790,2024-05-13,,FedEx,Marseille Port Depot,Bordeaux,7518.6,1067.3,En attente,train,447.61,de6c9169a9ba75a9,dff2cd5316295081,44.87815,-0.52251,,224.6888,AUCUN
FR-382659,2026-01-09,2026-01-21,Chronopost,Bordeaux Logistics Park,Marseille,698.5,273.3,Livré,petit_camion,120.33,93141cbfc2990e76,f233e1992f2b57f8,43.25916,5.38789,12.0,22.908,FAIBLE
FR-521071,2025-10-27,2025-10-28,Chronopost,Paris-CDG Hub,Toulon,27.1,1066.2,Livré,avion,389.22,2a457c97836df9d7,caa66b156ace6fe1,43.18256,5.89596,1.0,27.4493,AUCUN
FR-123778,2025-01-06,,DHL,Lyon Distribution Center,Rouen,31.2,493.9,En transit,fourgonnette,10.02,420ccf90b5c7ed29,c2640c7dea172fd8,49.3605,1.08082,,1.2328,MOYEN
FR-167585,2026-04-10,,DHL,Paris-CDG Hub,Valence,550.8,735.1,En transit,petit_camion,152.02,a7343d238975093d,25e9c551d6ab3f5b,45.00563,4.86733,,48.5872,MOYEN
FR-355874,2024-06-06,2024-06-18,XPO Logistics,Lyon Distribution Center,Bordeaux,934.8,832.7,Livré,train,278.91,6dd72298f13e566b,821ebeaebdb623d9,44.77005,-0.53895,12.0,21.7954,FAIBLE
FR-637100,2024-09-13,2024-09-18,Unknown,Bordeaux Logistics Park,Aix-en-Provence,6291.5,156.7,Retourné,train,267.68,ae8ce543547ae3d4,9aead84ccaec46de,43.52375,5.41587,5.0,27.6046,AUCUN
FR-462311,2024-10-09,2024-10-20,Unknown,Marseille Port Depot,Avignon,20.8,802.3,Retardé,fourgonnette,14.3,2210da77fef00168,82c8e12fcd542aab,43.93234,4.72481,11.0,1.335,ÉLEVÉ
FR-159198,2025-06-14,,DHL,Bordeaux Logistics Park,Bourges,49.2,391.3,En transit,fourgonnette,9.06,de6c9169a9ba75a9,36db470eb4d81aa2,47.11549,2.34032,,1.5402,MOYEN
FR-919296,2025-08-17,2025-08-19,UPS,Marseille Port Depot,Rennes,25.1,231.2,Livré,fourgonnette,7.62,0a09e9b5dbb0d8ab,29d65b14dc748df6,48.23156,-1.62977,2.0,0.4642,AUCUN
FR-661526,2025-03-07,2025-03-09,UPS,Paris-CDG Hub,Le Mans,5802.1,54.2,Livré,train,303.17,46b06486d10dd744,f95eb86fe7164146,48.03245,0.20487,2.0,8.8053,AUCUN
FR-227634,2025-10-19,2025-10-20,UPS,Paris-CDG Hub,Bordeaux,4513.1,426.5,Livré,train,252.24,3275c62b4a30ee93,b4b70dac57234d39,44.78397,-0.59356,1.0,53.8954,AUCUN
FR-722901,2024-04-28,2024-04-30,XPO Logistics,Marseille Port Depot,Lille,4458.0,412.5,Livré,gros_camion,483.68,b8ed8df564cec2ef,365cb37b8de776ac,50.6373,3.12779,2.0,386.1743,AUCUN
FR-448079,2025-08-12,2025-08-16,GLS,Paris-CDG Hub,Amiens,6915.4,296.7,Livré,train,345.05,abb3d464b81216db,6841cdf9b4c0d6a7,49.85752,2.30054,4.0,57.4504,AUCUN
FR-128691,2024-10-02,2024-10-11,GLS,Paris-CDG Hub,Saint-Étienne,147.5,1085.6,Livré,avion,435.77,0915a7642195cf8a,45a3eb5f81d069ab,45.39176,4.29206,9.0,152.1197,FAIBLE
FR-358527,2025-07-27,,UPS,Paris-CDG Hub,Pau,2027.6,547.9,En attente,train,213.63,7334ee7ff8765e16,b120174008e69185,43.33348,-0.31053,,31.1058,AUCUN
FR-859209,2024-06-18,,DB Schenker,Lyon Distribution Center,Paris,646.9,865.3,En transit,petit_camion,138.83,420ccf90b5c7ed29,6170e4c74015c730,48.79234,2.42255,,67.1715,MOYEN
FR-482407,2024-12-07,2024-12-15,DHL,Paris-CDG Hub,Rennes,534.1,851.0,Livré,petit_camion,163.55,b5eaeda6f050b47c,b2cd3b5fc64d3359,48.12067,-1.69941,8.0,54.5423,FAIBLE
FR-473673,2025-11-09,2025-11-14,Unknown,Lyon Distribution Center,Bordeaux,35.7,977.0,Livré,avion,326.59,b5eaeda6f050b47c,4c8f59c9e5894dbc,44.82297,-0.59341,5.0,33.135,AUCUN
FR-490633,2025-10-10,2025-10-23,Kuehne+Nagel,Paris-CDG Hub,Bordeaux,21.4,1121.6,Livré,fourgonnette,20.72,232c9d11c882ea2c,c969945e5c0a1f55,44.9405,-0.64062,13.0,1.9202,FAIBLE
FR-927530,2024-07-10,,XPO Logistics,Paris-CDG Hub,Bordeaux,36.9,352.6,En attente,avion,161.25,d23122a5cb6fdbb4,331248aa722f42ea,44.85964,-0.52731,,12.3604,AUCUN
FR-886600,2024-05-13,,UPS,Paris-CDG Hub,Nice,3138.8,1009.7,En attente,gros_camion,555.6,45466476afe9982a,21f6ff207fee67c6,43.7452,7.30895,,665.5417,AUCUN
FR-222793,2024-09-14,2024-09-15,UPS,Bordeaux Logistics Park,Lyon,730.1,538.4,Retourné,petit_camion,170.12,c0fdb3ce997f47fa,107cf9ee74e8f6d2,45.78983,4.88178,1.0,47.1703,AUCUN
FR-461382,2025-02-09,2025-02-17,Unknown,Lyon Distribution Center,Ajaccio,103.7,732.4,Retardé,avion,399.41,b5eaeda6f050b47c,2676467a913b07e2,41.92023,8.85046,8.0,72.1524,ÉLEVÉ
FR-792954,2024-10-21,,Kuehne+Nagel,Marseille Port Depot,Lille,31.0,510.6,En transit,fourgonnette,14.5,57305694cae2b1d0,1aa822bc907359cd,50.62596,2.95042,,1.2663,MOYEN
FR-557505,2024-08-05,2024-08-11,Chronopost,Bordeaux Logistics Park,Saint-Étienne,1493.0,509.8,Livré,train,259.8,be6b5843204f29e6,90231524a814242e,45.39533,4.35952,6.0,21.3117,FAIBLE
FR-381310,2026-04-12,,Chronopost,Lyon Distribution Center,Nice,181.0,994.0,En transit,avion,384.78,0b9d5daff036d6da,5ea8a40a50524bd9,43.68654,7.20644,,170.9183,MOYEN
FR-196599,2025-06-23,2025-06-25,GLS,Paris-CDG Hub,Nantes,3.3,846.0,Livré,avion,230.61,89b72f42de629ac1,c1f6740d4adb9a01,47.25859,-1.61957,2.0,2.6522,AUCUN
FR-533088,2026-01-26,2026-02-01,Kuehne+Nagel,Marseille Port Depot,Montpellier,4850.2,1062.2,Retardé,gros_camion,589.61,b8ed8df564cec2ef,5a56551fad047be4,43.61454,3.81657,6.0,1081.8953,ÉLEVÉ
FR-364101,2025-06-11,2025-06-13,Chronopost,Lyon Distribution Center,Tours,1769.9,449.0,Livré,gros_camion,305.27,0a09e9b5dbb0d8ab,1e4a560b1dddbea4,47.40349,0.71741,2.0,166.8839,AUCUN
FR-742625,2025-09-02,,DHL,Bordeaux Logistics Park,Marseille,2268.0,776.3,En attente,gros_camion,392.74,0b9d5daff036d6da,074702005fad2bdd,43.2201,5.33466,,369.7362,AUCUN
FR-256384,2025-05-20,2025-06-02,XPO Logistics,Marseille Port Depot,Bordeaux,6728.9,622.2,Livré,train,340.31,abb3d464b81216db,8aa8f289ac701f99,44.84698,-0.67879,13.0,117.2282,FAIBLE
FR-236550,2026-03-06,2026-03-11,DB Schenker,Lyon Distribution Center,Nantes,2812.0,1032.9,Retardé,train,337.93,4f34261f7c38ba0c,ab9cb80dc110c796,47.18175,-1.47977,5.0,81.3264,ÉLEVÉ
FR-401468,2024-08-21,2024-08-31,Unknown,Paris-CDG Hub,Nantes,240.4,732.6,Livré,avion,458.36,a7343d238975093d,421a123b0bc1b728,47.21068,-1.58758,10.0,167.3112,FAIBLE
FR-461172,2025-10-19,2025-10-22,Chronopost,Bordeaux Logistics Park,Nice,786.6,458.9,Livré,petit_camion,121.27,309f7e2638c05965,f587ef2a6cc8a194,43.68284,7.31026,3.0,43.3165,AUCUN
FR-257855,2024-11-29,,UPS,Bordeaux Logistics Park,Paris,1376.9,812.9,En attente,gros_camion,314.49,d21c62bed959dcf6,cd769de98774865a,48.90287,2.30316,,235.0492,AUCUN
FR-946695,2024-09-02,2024-09-13,UPS,Bordeaux Logistics Park,Nice,1237.8,774.4,Retardé,train,192.88,a9bc7e3c6079a06c,0c8d959b8341821e,43.84329,7.28524,11.0,26.8395,ÉLEVÉ
FR-792950,2024-09-28,,DHL,Paris-CDG Hub,Marseille,2049.6,165.0,En attente,gros_camion,350.31,184fcccb030ef7f7,3fa088799e79b8fc,43.13616,5.3607,,71.0186,AUCUN
FR-859018,2025-08-29,2025-09-02,DB Schenker,Paris-CDG Hub,Lille,2218.0,1147.0,Livré,gros_camion,452.02,286f327fca2fc8f0,6e062f30f7d030dd,50.59064,3.08784,4.0,534.2497,AUCUN
FR-347407,2026-03-08,,UPS,Bordeaux Logistics Park,Marseille,646.8,539.5,En transit,petit_camion,137.3,0a09e9b5dbb0d8ab,dab272b16aafa50d,43.27823,5.32863,,41.8738,MOYEN
FR-201800,2024-06-13,2024-06-26,Chronopost,Bordeaux Logistics Park,Strasbourg,58.0,885.7,Livré,avion,258.83,5544f6afe2c2fa55,e9f91e7b44cbf1bb,48.58033,7.75297,13.0,48.8021,FAIBLE
FR-641646,2024-09-06,2024-09-12,GLS,Bordeaux Logistics Park,Rouen,3722.4,1016.0,Livré,gros_camion,484.35,1e3f6890d2ddffa6,0a9564c702661aae,49.43969,1.19079,6.0,794.2113,FAIBLE
FR-877398,2025-07-28,,FedEx,Marseille Port Depot,Toulon,30.7,795.9,En transit,avion,285.69,0915a7642195cf8a,bb679d3dc7e11459,43.08758,5.89026,,23.2124,MOYEN
FR-680234,2025-12-17,2025-12-25,Chronopost,Lyon Distribution Center,Toulouse,246.7,309.7,Livré,avion,411.48,4e3a294f61cb834d,c9e5b79634747dae,43.67678,1.33847,8.0,72.5828,FAIBLE
FR-973987,2024-05-13,,Kuehne+Nagel,Paris-CDG Hub,Clermont-Ferrand,3374.4,567.1,En attente,train,324.71,3714a4bb9c0df2e3,0a2387a37f50f356,45.73975,3.0359,,53.5814,AUCUN
FR-340503,2024-10-04,,FedEx,Paris-CDG Hub,Auxerre,791.8,650.5,En transit,petit_camion,173.01,2c7e84ab9c91b547,cb19fe2c75fe8749,47.78985,3.52919,,61.8079,MOYEN
FR-122871,2024-10-17,2024-10-20,Kuehne+Nagel,Paris-CDG Hub,Marseille,333.1,594.9,Livré,petit_camion,91.43,be6b5843204f29e6,09e2589e89a5a47b,43.26911,5.30574,3.0,23.7793,AUCUN
FR-316421,2025-12-19,2025-12-31,UPS,Paris-CDG Hub,Aix-en-Provence,4173.7,1010.9,Livré,gros_camion,581.13,6a5796584ab1ac8a,af9ad3e31d07f68e,43.51186,5.41967,12.0,886.0306,FAIBLE
FR-733010,2024-07-02,2024-07-05,DHL,Paris-CDG Hub,La Rochelle,4318.7,851.0,Retourné,train,295.25,abbd60b0df7fec89,733a27bcafacfa0e,46.13347,-1.1803,3.0,102.906,AUCUN
FR-235362,2025-08-22,2025-08-24,UPS,Bordeaux Logistics Park,Strasbourg,321.3,193.2,Livré,petit_camion,82.09,6ab1a44406435c4c,84c50042122cd560,48.60511,7.75099,2.0,7.449,AUCUN
FR-937435,2025-05-08,,XPO Logistics,Paris-CDG Hub,Rennes,51.7,1158.3,En attente,avion,214.25,b1a521ada32f8bf9,f43810f5b0dd0234,48.19509,-1.71264,,56.8899,AUCUN
FR-776837,2025-06-02,2025-06-13,UPS,Paris-CDG Hub,Marseille,3799.5,466.3,Retourné,gros_camion,472.55,abb3d464b81216db,6ce11bb18348c393,43.40743,5.39867,11.0,372.0584,AUCUN
FR-829581,2025-06-19,2025-06-28,Chronopost,Paris-CDG Hub,Rennes,47.4,95.7,Livré,fourgonnette,15.86,dc995e4ea96bebf0,b45e9b4372134a02,48.02952,-1.65102,9.0,0.3629,FAIBLE
FR-149057,2025-07-26,2025-07-27,Unknown,Marseille Port Depot,Bordeaux,158.0,1021.9,Livré,avion,437.87,a7343d238975093d,71a2efb6a6a8d705,44.70095,-0.61515,1.0,153.3872,AUCUN
FR-520220,2024-08-24,2024-08-25,XPO Logistics,Paris-CDG Hub,Paris,45.2,638.3,Livré,fourgonnette,19.97,45466476afe9982a,e3f49c86bbb7857f,48.84702,2.37963,1.0,2.3081,AUCUN
FR-994567,2025-04-07,,XPO Logistics,Marseille Port Depot,Clermont-Ferrand,7091.2,378.9,En attente,train,333.59,309f7e2638c05965,2635a1dd59f1f757,45.78378,3.10455,,75.232,AUCUN
FR-556074,2024-05-13,2024-05-21,DB Schenker,Paris-CDG Hub,Nice,510.4,642.1,Livré,petit_camion,110.4,2c7e84ab9c91b547,9a61df8fcf1d367d,43.70412,7.36308,8.0,39.3273,FAIBLE
FR-939714,2024-11-13,2024-11-26,XPO Logistics,Lyon Distribution Center,Toulouse,635.4,639.1,Retardé,petit_camion,120.44,2c7e84ab9c91b547,d3a18e6d58f4a303,43.59101,1.44292,13.0,48.7301,ÉLEVÉ
FR-957107,2025-08-27,,Kuehne+Nagel,Lyon Distribution Center,Caen,2965.1,781.1,En attente,train,239.78,b5eaeda6f050b47c,6e018113eeba95a0,49.13251,-0.41834,,64.8491,AUCUN
FR-873223,2025-12-15,,DB Schenker,Marseille Port Depot,Paris,37.5,216.9,En transit,fourgonnette,11.96,4539984fb9bfe688,0273aaafc69fee22,48.81374,2.28076,,0.6507,MOYEN
FR-628772,2026-02-22,,UPS,Bordeaux Logistics Park,Nice,26.9,1037.0,En transit,avion,386.53,286f327fca2fc8f0,f7c968ee4185d0e4,43.68041,7.24692,,26.5005,MOYEN
FR-741405,2025-08-10,2025-08-19,FedEx,Paris-CDG Hub,Marseille,206.3,82.0,Livré,avion,318.91,076d9a82acb00f0c,fc49d513af7b113d,43.33041,5.38196,9.0,16.0708,FAIBLE
FR-730241,2024-06-13,2024-06-18,GLS,Paris-CDG Hub,Angers,44.4,1064.8,Livré,fourgonnette,19.36,577bd3cc79f49864,81cd3287462592c8,47.46292,-0.60319,5.0,3.7822,AUCUN
FR-707464,2024-08-18,2024-08-25,UPS,Paris-CDG Hub,Le Mans,4979.8,714.6,Livré,train,276.79,b3ede2357f536e0a,7bd7386b4434f976,47.97268,0.17562,7.0,99.6398,FAIBLE
FR-413257,2025-06-07,2025-06-12,DB Schenker,Marseille Port Depot,Caen,211.3,92.1,Retardé,avion,369.84,e05e06b51a7aca3c,ae7d287ed683ddb9,49.19205,-0.38455,5.0,18.4877,ÉLEVÉ
FR-139373,2024-10-01,,Unknown,Paris-CDG Hub,Strasbourg,243.0,1049.1,En attente,avion,485.28,2210da77fef00168,2f50d09c4f8cd745,48.49149,7.82259,,242.1847,AUCUN
FR-190358,2026-01-11,2026-01-20,Unknown,Paris-CDG Hub,Marseille,222.1,1148.1,Livré,petit_camion,85.39,0b9d5daff036d6da,1fbc8b3119fb1b87,43.25688,5.38051,9.0,30.5992,FAIBLE
FR-806601,2025-11-06,2025-11-08,UPS,Marseille Port Depot,Rennes,748.8,383.1,Livré,petit_camion,154.07,93141cbfc2990e76,d2743f3d2a77551f,48.07911,-1.72614,2.0,34.4238,AUCUN
FR-297248,2024-09-21,2024-09-27,Kuehne+Nagel,Paris-CDG Hub,Lyon,237.7,72.8,Livré,petit_camion,79.14,c0fdb3ce997f47fa,9ddc09059a8eaa0d,45.82336,4.81958,6.0,2.0765,FAIBLE
FR-364810,2025-06-06,2025-06-16,Kuehne+Nagel,Paris-CDG Hub,Rennes,57.5,1158.0,Livré,avion,314.84,6dd72298f13e566b,ca1bc0517a5d4f55,48.16176,-1.70281,10.0,63.2557,FAIBLE
FR-305611,2025-02-16,2025-02-27,Unknown,Paris-CDG Hub,Marseille,226.8,1005.6,Livré,petit_camion,147.45,2a457c97836df9d7,00cb2c6802b99a74,43.37777,5.39946,11.0,27.3684,FAIBLE
FR-188562,2025-04-10,2025-04-14,Unknown,Marseille Port Depot,Nice,2856.0,958.4,Livré,train,263.58,ff07dd0896d16f31,fea5cc67dac013f1,43.6395,7.2622,4.0,76.6413,AUCUN
FR-435534,2025-01-01,2025-01-14,UPS,Marseille Port Depot,Lyon,1573.9,721.5,Livré,gros_camion,386.14,1f5f2617ee232079,a83e81fa9bde8a66,45.72833,4.84507,13.0,238.4695,FAIBLE
FR-889506,2025-07-13,2025-07-24,FedEx,Marseille Port Depot,Strasbourg,2608.1,575.3,Livré,train,293.1,de6c9169a9ba75a9,f200e00d0838e2b4,48.49684,7.70067,11.0,42.0123,FAIBLE
FR-723103,2024-05-25,2024-06-01,Kuehne+Nagel,Bordeaux Logistics Park,Rennes,4941.0,89.9,Livré,gros_camion,374.65,2e49ed8efc869923,e038223d49bed1d6,47.96586,-1.56492,7.0,93.2811,FAIBLE
FR-939088,2026-01-15,2026-01-18,XPO Logistics,Bordeaux Logistics Park,Le Mans,698.4,641.8,Livré,petit_camion,137.73,57305694cae2b1d0,1c4dd0b046db4c52,47.92291,0.15904,3.0,53.788,AUCUN
FR-230868,2024-07-04,,XPO Logistics,Marseille Port Depot,Brest,4524.2,887.3,En transit,gros_camion,489.2,3714a4bb9c0df2e3,a9e36c1930f41106,48.40031,-4.3773,,843.0078,MOYEN
FR-576024,2025-05-24,2025-05-27,FedEx,Lyon Distribution Center,Bordeaux,2205.8,100.6,Livré,gros_camion,336.25,50b6dd7a25a72160,90f3279a6acff16e,44.87029,-0.59085,3.0,46.5997,AUCUN
FR-638238,2024-07-03,2024-07-16,FedEx,Marseille Port Depot,Bordeaux,783.0,460.9,Livré,petit_camion,136.6,dc995e4ea96bebf0,64dd02bb2dac2b5f,44.86336,-0.5577,13.0,43.3062,FAIBLE
FR-607826,2024-06-04,2024-06-13,FedEx,Marseille Port Depot,Bordeaux,3920.6,1032.6,Retardé,gros_camion,519.48,2debffb0c60c520e,7352369778d5f530,44.75659,-0.58368,9.0,850.1664,ÉLEVÉ
FR-458725,2026-03-12,2026-03-19,Unknown,Bordeaux Logistics Park,Rennes,356.1,1019.3,Livré,petit_camion,143.44,60d3bd00a0e40db3,aaf0357062036146,48.02122,-1.68973,7.0,43.5567,FAIBLE
FR-935451,2024-06-25,2024-07-05,Kuehne+Nagel,Bordeaux Logistics Park,Lyon,208.9,571.9,Livré,petit_camion,122.75,2a457c97836df9d7,7267e44afa54831d,45.89837,4.86713,10.0,14.3364,FAIBLE
FR-780769,2026-03-29,2026-04-02,DHL,Lyon Distribution Center,Aix-en-Provence,4434.3,174.0,Livré,gros_camion,414.84,b8ed8df564cec2ef,d47cbb62c8722a9a,43.47157,5.4976,4.0,162.0293,AUCUN
FR-284969,2025-01-08,2025-01-13,DB Schenker,Paris-CDG Hub,Aix-en-Provence,48.7,523.3,Livré,fourgonnette,14.39,d1d9c071e6672d29,2e3421707078fa83,43.5353,5.43109,5.0,2.0388,AUCUN
FR-311191,2025-08-19,,DB Schenker,Paris-CDG Hub,Marseille,39.9,700.0,En attente,fourgonnette,16.11,3714a4bb9c0df2e3,34807b5e473455b7,43.35157,5.36299,,2.2344,AUCUN
FR-560629,2024-10-20,2024-10-21,Chronopost,Marseille Port Depot,Paris,67.0,482.9,Livré,avion,275.44,4937b40c2b9fb3af,e3587ef577fb6257,48.85286,2.45682,1.0,30.7366,AUCUN
FR-443365,2025-10-24,2025-10-31,DHL,Bordeaux Logistics Park,Paris,238.4,81.6,Retourné,avion,352.12,b5eaeda6f050b47c,067250d4e6d5ebec,48.84041,2.32796,7.0,18.4808,AUCUN
FR-157704,2025-07-28,2025-07-29,DHL,Bordeaux Logistics Park,Angers,158.7,797.3,Retourné,avion,273.32,144818883fd1fd2e,68a871810a0a0a7b,47.4117,-0.58122,1.0,120.2049,AUCUN
FR-935577,2026-01-03,2026-01-06,UPS,Marseille Port Depot,Nantes,2458.4,628.6,Livré,train,324.19,50b6dd7a25a72160,d48445c75f5f2abb,47.20538,-1.49477,3.0,43.2698,AUCUN
FR-673297,2024-08-18,2024-08-19,Kuehne+Nagel,Marseille Port Depot,Lille,191.2,1154.0,Livré,avion,437.44,ac1dabffaec6f025,12ec5328c85d68a8,50.66214,3.13652,1.0,209.6126,AUCUN
FR-294087,2026-04-17,,XPO Logistics,Paris-CDG Hub,Marseille,60.1,82.6,En transit,avion,183.95,ba4df4a50d5ef322,56aca66e6f8f0344,43.40439,5.33759,,4.716,MOYEN
FR-410063,2025-03-14,2025-03-19,Kuehne+Nagel,Lyon Distribution Center,Perpignan,1365.1,373.9,Retardé,gros_camion,315.09,4e3a294f61cb834d,c728e2a3c30f583a,42.66069,2.78734,5.0,107.1863,ÉLEVÉ
FR-456000,2024-12-26,2025-01-03,Chronopost,Marseille Port Depot,Montpellier,6934.1,589.9,Retardé,train,371.49,46b06486d10dd744,0fdac6489f9ca5b3,43.6445,3.86765,8.0,114.5319,ÉLEVÉ
FR-453465,2025-07-22,2025-07-25,DHL,Lyon Distribution Center,Toulouse,635.7,53.5,Retardé,petit_camion,131.71,be6b5843204f29e6,1a72972344d74f1b,43.65388,1.40768,3.0,4.0812,ÉLEVÉ
FR-562926,2025-09-09,2025-09-10,UPS,Lyon Distribution Center,Paris,577.9,105.7,Livré,petit_camion,130.69,184fcccb030ef7f7,125915a676fa8908,48.8484,2.38419,1.0,7.3301,AUCUN
FR-840677,2024-06-30,2024-07-11,DB Schenker,Marseille Port Depot,Toulouse,1785.3,375.4,Livré,gros_camion,324.33,1f5f2617ee232079,8d8aa6d00e159c72,43.63734,1.46116,11.0,140.7423,FAIBLE
FR-404916,2024-12-10,2024-12-20,DB Schenker,Lyon Distribution Center,Toulouse,175.5,323.3,Retardé,avion,340.47,4f34261f7c38ba0c,df82dab93612ab9b,43.57609,1.46626,10.0,53.9022,ÉLEVÉ
FR-336115,2025-12-02,2025-12-05,GLS,Bordeaux Logistics Park,Metz,82.6,738.4,Livré,avion,387.92,213616dfc61bfad5,61b1e368ae437277,49.1593,6.17397,3.0,57.9422,AUCUN
FR-250902,2025-06-06,2025-06-09,Kuehne+Nagel,Marseille Port Depot,Perpignan,25.1,727.7,Livré,fourgonnette,11.58,b5eaeda6f050b47c,ad25bcc56352d504,42.68567,2.83075,3.0,1.4612,AUCUN
FR-838157,2024-05-05,2024-05-14,Unknown,Lyon Distribution Center,Toulon,104.6,260.8,Livré,avion,288.85,4761f7fa3a69433b,a5e07c1b609c21c9,43.13767,5.91073,9.0,25.9157,FAIBLE
FR-855233,2025-08-03,2025-08-04,GLS,Bordeaux Logistics Park,Paris,4360.6,848.4,Livré,gros_camion,479.88,e99e31c1b5468d2d,96c11b00639ca086,48.82606,2.35672,1.0,776.9019,AUCUN
FR-513696,2025-09-13,2025-09-18,DB Schenker,Bordeaux Logistics Park,Strasbourg,3428.1,315.4,Livré,gros_camion,421.82,de6c9169a9ba75a9,f8facc40c3dfee1c,48.50845,7.73169,5.0,227.0568,AUCUN
FR-815934,2025-01-18,2025-01-25,XPO Logistics,Lyon Distribution Center,Bordeaux,1447.5,588.0,Livré,train,179.3,4539984fb9bfe688,947a8d1a2403f48f,44.8051,-0.50724,7.0,23.8316,FAIBLE
FR-840850,2025-09-26,,UPS,Paris-CDG Hub,Lyon,916.6,362.1,En transit,train,197.27,fb9a24e0a82c372f,435a9ebdd6e211f8,45.79012,4.81776,,9.2932,MOYEN
FR-838622,2025-05-26,2025-06-01,DB Schenker,Marseille Port Depot,Lille,5000.6,785.5,Livré,train,288.45,dc995e4ea96bebf0,1dce0e581237f73a,50.7087,3.05679,6.0,109.9832,FAIBLE
FR-321120,2024-08-30,2024-09-11,DHL,Lyon Distribution Center,Amiens,63.2,919.4,Livré,avion,240.83,45466476afe9982a,1b1636f4b8819c70,49.95138,2.27952,12.0,55.2008,FAIBLE
FR-598219,2025-12-05,,UPS,Lyon Distribution Center,Montpellier,507.3,700.0,En attente,petit_camion,115.31,4937b40c2b9fb3af,8b72eda0bc41b873,43.57856,3.94042,,42.6132,AUCUN
FR-288245,2025-12-12,2025-12-15,XPO Logistics,Paris-CDG Hub,Tours,666.0,1125.9,Livré,petit_camion,184.14,3714a4bb9c0df2e3,16d01e5dab37f484,47.36171,0.74032,3.0,89.9819,AUCUN
FR-539176,2026-01-10,2026-01-19,Kuehne+Nagel,Paris-CDG Hub,Bordeaux,,52.4,Livré,petit_camion,89.1,ddd94bb935d6fc90,e44524efef0eb673,44.82501,-0.4607,9.0,0.0,FAIBLE
FR-794615,2025-07-26,2025-07-29,Chronopost,Paris-CDG Hub,Caen,1401.4,1150.5,Livré,gros_camion,471.63,abbd60b0df7fec89,c51fb82e8ca8621a,49.23712,-0.37569,3.0,338.5852,AUCUN
FR-938779,2024-11-07,2024-11-10,Chronopost,Paris-CDG Hub,Le Havre,453.9,453.4,Livré,petit_camion,99.16,076d9a82acb00f0c,04351630bede4dd8,49.57634,0.09842,3.0,24.6958,AUCUN
FR-951029,2025-04-27,2025-05-04,FedEx,Marseille Port Depot,Orléans,4678.8,1047.3,Livré,gros_camion,525.52,dabcb1d63f05e568,c0c602597f379fc0,47.90689,1.88282,7.0,1029.0225,FAIBLE
FR-865880,2025-06-08,2025-06-18,DHL,Marseille Port Depot,Perpignan,3413.9,503.9,Livré,gros_camion,424.6,184fcccb030ef7f7,62d0eadf4cbeb110,42.74126,2.83371,10.0,361.2555,FAIBLE
FR-804506,2025-12-14,2025-12-27,FedEx,Marseille Port Depot,Toulouse,3376.3,821.9,Livré,gros_camion,473.28,de6c9169a9ba75a9,c2937d44f9cdd44b,43.56671,1.43845,13.0,582.746,FAIBLE
FR-570155,2024-10-11,2024-10-15,Chronopost,Marseille Port Depot,Le Havre,4077.6,157.0,Livré,gros_camion,407.52,b6a35244625ccc34,10d95d3f07409bfc,49.5699,0.19924,4.0,134.4385,AUCUN
FR-893714,2024-05-22,2024-05-25,DHL,Marseille Port Depot,Strasbourg,167.3,275.2,Retardé,avion,238.86,737b27ae09a06d30,5eb0c82f4e5e4547,48.49527,7.75705,3.0,43.7389,ÉLEVÉ
FR-837818,2025-04-09,2025-04-11,FedEx,Paris-CDG Hub,Saint-Étienne,3181.0,884.8,Livré,train,368.62,be6b5843204f29e6,7ad15f79e3829844,45.43742,4.34993,2.0,78.8074,AUCUN
FR-725174,2025-04-20,,FedEx,Lyon Distribution Center,Bordeaux,41.2,1082.3,En attente,fourgonnette,21.41,abb3d464b81216db,68a5b00604677d1c,44.78828,-0.56033,,3.5673,AUCUN
FR-113594,2024-12-29,2025-01-02,UPS,Paris-CDG Hub,Strasbourg,35.4,250.1,Retourné,fourgonnette,11.56,b4b018a4be786430,0726b28ee02be2e2,48.69928,7.73654,4.0,0.7083,AUCUN
FR-293883,2025-12-09,,Unknown,Marseille Port Depot,Caen,2323.6,1084.5,En transit,train,375.48,964fb47ecc48fb44,e7252f930b4b3d72,49.20608,-0.36163,,70.5584,MOYEN
FR-825970,2025-07-03,2025-07-15,Chronopost,Paris-CDG Hub,Lyon,173.1,162.0,Livré,petit_camion,75.78,2e77fde05867cb62,2635f5cf289b021a,45.7361,4.84493,12.0,3.3651,FAIBLE
FR-459059,2025-05-30,2025-06-11,Chronopost,Marseille Port Depot,Nantes,,1152.4,Livré,avion,395.76,b3ede2357f536e0a,acc1a853c5ed4e8a,47.14789,-1.5194,12.0,0.0,FAIBLE
FR-964338,2025-01-09,2025-01-15,FedEx,Lyon Distribution Center,Auxerre,4954.2,1163.8,Livré,gros_camion,617.34,5bb1ecc8ac6edde3,b04a382275bfbd36,47.78539,3.53145,6.0,1210.7966,FAIBLE
FR-952784,2024-07-25,2024-08-06,Chronopost,Bordeaux Logistics Park,Bordeaux,31.6,1151.3,Livré,fourgonnette,14.12,e99e31c1b5468d2d,0bfe520a566fe610,44.8354,-0.59526,12.0,2.9105,FAIBLE
FR-956351,2024-10-12,2024-10-20,Kuehne+Nagel,Paris-CDG Hub,Rennes,4.8,1109.6,Retourné,fourgonnette,17.72,fb9a24e0a82c372f,d2e93451c466dc4a,48.1408,-1.66643,8.0,0.4261,AUCUN
FR-141051,2025-12-03,2025-12-07,GLS,Bordeaux Logistics Park,Nantes,3941.2,143.5,Livré,train,292.21,afdb5de261053424,cc75093ed1e5f5a8,47.2612,-1.52191,4.0,15.8357,AUCUN
FR-461521,2024-05-19,,DB Schenker,Paris-CDG Hub,Metz,4481.6,460.2,En attente,gros_camion,516.02,b3ede2357f536e0a,695cdbe8c54caf4e,49.02934,6.10574,,433.1108,AUCUN
FR-889906,2026-04-25,,Unknown,Paris-CDG Hub,Nantes,3131.1,17.4,En transit,gros_camion,317.62,b5d62e25e9a7adb6,afa1ffc86c072fcd,47.14621,-1.51336,,11.441,MOYEN
FR-106326,2025-08-06,2025-08-09,DHL,Lyon Distribution Center,Bastia,535.6,119.4,Livré,petit_camion,86.78,50b6dd7a25a72160,532c6a915718dc51,42.59903,9.43565,3.0,7.6741,AUCUN
FR-329275,2025-06-06,,UPS,Marseille Port Depot,Paris,41.6,974.2,En transit,fourgonnette,24.39,dabcb1d63f05e568,d300d9d85bf2256b,48.84507,2.19817,,3.2421,MOYEN
FR-519808,2024-05-26,2024-05-29,DHL,Bordeaux Logistics Park,La Rochelle,1732.6,1194.9,Livré,gros_camion,473.67,867749e4b7692143,9baa31fa090f157a,46.0595,-1.2388,3.0,434.7596,AUCUN
FR-568196,2024-12-11,2024-12-24,Unknown,Bordeaux Logistics Park,Caen,23.6,891.9,Livré,fourgonnette,22.09,1f5f2617ee232079,d96232271fbca8ab,49.31017,-0.36871,13.0,1.6839,FAIBLE
FR-823984,2025-12-18,,GLS,Paris-CDG Hub,Dijon,40.5,612.2,En transit,fourgonnette,14.12,964fb47ecc48fb44,f903d5e84c7fd00d,47.34666,4.97767,,1.9835,MOYEN
FR-883722,2024-08-11,,Kuehne+Nagel,Lyon Distribution Center,Metz,30.4,629.4,En transit,avion,220.41,6b16b395ec3a9551,a9c29de509635560,49.15816,6.22883,,18.1771,MOYEN
FR-409886,2025-08-13,2025-08-19,Kuehne+Nagel,Paris-CDG Hub,Annecy,41.2,363.3,Livré,fourgonnette,11.58,d23122a5cb6fdbb4,60629ff16c26d094,45.97581,6.15885,6.0,1.1974,FAIBLE
FR-245639,2025-09-06,2025-09-08,DHL,Bordeaux Logistics Park,Nantes,508.9,721.3,Livré,petit_camion,112.02,45466476afe9982a,d6d7ccce51589aca,47.35175,-1.58777,2.0,44.0483,AUCUN
FR-579888,2025-09-16,2025-09-18,GLS,Paris-CDG Hub,Nantes,236.5,525.0,Livré,avion,375.63,ddd94bb935d6fc90,ea9c0cf02ded392d,47.20227,-1.6477,2.0,117.9544,AUCUN
FR-192356,2025-05-22,,Chronopost,Marseille Port Depot,Nantes,4670.5,880.2,En attente,train,320.56,2e49ed8efc869923,7b169601891ab987,47.28491,-1.6762,,115.1073,AUCUN
FR-363088,2024-11-09,2024-11-12,UPS,Paris-CDG Hub,Nice,4841.7,1083.0,Livré,gros_camion,652.71,2c7e84ab9c91b547,a544cb41749c375d,43.73111,7.24775,3.0,1101.1478,AUCUN
FR-546565,2025-04-30,2025-05-08,GLS,Lyon Distribution Center,Amiens,378.0,1136.5,Livré,petit_camion,132.42,184fcccb030ef7f7,cd9a0d3d9b71eb7e,49.9411,2.29125,8.0,51.5516,FAIBLE
FR-861451,2025-05-13,2025-05-22,Unknown,Paris-CDG Hub,Reims,4185.9,1001.0,Livré,train,385.5,4d783fa3092cb304,6a9434be2baea11f,49.18758,3.33796,9.0,117.3224,FAIBLE
FR-138419,2026-01-03,2026-01-08,GLS,Bordeaux Logistics Park,Bordeaux,32.4,724.8,Livré,fourgonnette,15.42,2a457c97836df9d7,553159621e80df71,44.74,-0.60391,5.0,1.8787,AUCUN
FR-375677,2024-09-02,,FedEx,Bordeaux Logistics Park,Caen,64.4,209.0,En transit,avion,235.25,232c9d11c882ea2c,1dc5f2209ab63a41,49.18134,-0.33753,,12.7866,MOYEN
FR-816838,2025-05-18,2025-05-24,DHL,Paris-CDG Hub,Nantes,28.0,378.3,Livré,fourgonnette,8.46,75a44226210eb23d,2c258283f00b9420,47.28704,-1.53307,6.0,0.8474,FAIBLE
FR-279062,2026-01-19,2026-01-31,GLS,Marseille Port Depot,Paris,1007.7,249.4,Livré,gros_camion,246.88,b4b018a4be786430,da68ba63378c3e86,48.92371,2.24785,12.0,52.7773,FAIBLE
FR-547416,2026-03-05,2026-03-08,FedEx,Lyon Distribution Center,Rouen,988.6,400.0,Livré,gros_camion,333.9,ba4df4a50d5ef322,2b0d74e222b207ed,49.45452,1.08551,3.0,83.0424,AUCUN
FR-277997,2024-11-30,2024-12-09,Chronopost,Lyon Distribution Center,Bourges,74.6,1018.3,Livré,avion,334.93,ddd94bb935d6fc90,6d7d99d1d30bf239,47.08446,2.42709,9.0,72.1669,FAIBLE
FR-388993,2025-03-31,2025-04-13,XPO Logistics,Marseille Port Depot,Nice,2131.1,350.8,Retourné,train,212.87,94f32f590e70c04a,643435416f57aafe,43.61626,7.35624,13.0,20.9325,AUCUN
FR-211001,2024-12-25,,UPS,Lyon Distribution Center,Brest,4762.5,343.1,En transit,gros_camion,513.84,d0443b3d89fde63f,958859bccdeb4540,48.42812,-4.56472,,343.1429,MOYEN
FR-180853,2024-07-02,2024-07-09,FedEx,Marseille Port Depot,Caen,591.1,43.5,Livré,train,115.31,4937b40c2b9fb3af,49ecd0e51e933c68,49.21962,-0.36622,7.0,0.72,FAIBLE
FR-852661,2025-04-30,2025-05-04,Unknown,Paris-CDG Hub,Lille,2847.3,382.5,Livré,train,199.33,0b9d5daff036d6da,4cd67cf50345ee2c,50.63057,2.9738,4.0,30.4946,AUCUN
FR-318330,2024-12-26,2024-12-28,Kuehne+Nagel,Paris-CDG Hub,Ajaccio,167.3,1178.1,Livré,avion,370.82,5544f6afe2c2fa55,09c42b18fabd0cf0,41.91646,8.73308,2.0,187.2413,AUCUN
FR-386016,2024-07-08,2024-07-21,DHL,Paris-CDG Hub,Marseille,67.3,374.6,Livré,avion,343.92,6dd72298f13e566b,8b3c4ce7b1e2966c,43.29718,5.31038,13.0,23.9501,FAIBLE
FR-787180,2025-03-20,2025-03-29,Unknown,Paris-CDG Hub,Rennes,42.6,1000.9,Livré,fourgonnette,21.1,737b27ae09a06d30,aab37f29eaec89c2,48.06133,-1.76951,9.0,3.4111,FAIBLE
FR-940086,2025-05-16,2025-05-19,Unknown,Lyon Distribution Center,Nantes,13.1,1127.0,Retardé,avion,245.76,4539984fb9bfe688,58e4f587d59688b4,47.1538,-1.61985,3.0,14.0255,ÉLEVÉ
FR-648779,2025-02-08,2025-02-17,FedEx,Paris-CDG Hub,Rouen,46.1,471.3,Livré,fourgonnette,10.88,a411faa4604af305,d851be5968701e3f,49.43081,1.07089,9.0,1.7382,FAIBLE
FR-744474,2025-03-09,2025-03-21,Chronopost,Bordeaux Logistics Park,Orléans,3960.1,394.2,Livré,gros_camion,399.52,232c9d11c882ea2c,4ce8e070875af1f8,47.85546,1.85425,12.0,327.825,FAIBLE
FR-531522,2026-03-29,2026-04-11,UPS,Paris-CDG Hub,Nantes,3820.2,861.2,Livré,gros_camion,438.72,ba12f74cff0e9464,c50afbed48a27e27,47.25951,-1.61583,13.0,690.8908,FAIBLE
FR-886268,2024-05-12,,UPS,Paris-CDG Hub,Toulouse,815.9,462.5,En attente,gros_camion,260.64,ff07dd0896d16f31,44eb0f017e4534b7,43.57624,1.41922,,79.2443,AUCUN
FR-526114,2025-05-31,2025-06-09,DHL,Marseille Port Depot,Nantes,232.7,710.7,Livré,avion,385.88,98c6fa9a1549ec58,dcb0f8bc8baec818,47.15156,-1.57931,9.0,157.1109,FAIBLE
FR-763252,2025-07-04,,UPS,Paris-CDG Hub,Lille,,613.6,En attente,gros_camion,462.12,60d3bd00a0e40db3,5af9f5fdabed7b67,50.66005,3.04094,,0.0,AUCUN
FR-974995,2024-11-04,,Chronopost,Marseille Port Depot,Valence,2378.4,648.5,En attente,gros_camion,451.16,d21c62bed959dcf6,9bcdf58f81d1a194,44.92211,4.94004,,323.9024,AUCUN
FR-874596,2025-06-23,,Chronopost,Paris-CDG Hub,La Rochelle,2395.5,432.0,En transit,train,288.63,4539984fb9bfe688,a61e6ccac9f65808,46.1944,-1.11151,,28.976,MOYEN
FR-763667,2024-10-18,,UPS,Lyon Distribution Center,Nice,7104.5,99.3,En attente,train,300.91,4937b40c2b9fb3af,1ce6f660b8dafa9f,43.76017,7.33798,,19.7534,AUCUN
FR-620823,2024-12-19,2024-12-20,FedEx,Bordeaux Logistics Park,Lille,8.7,805.9,Livré,fourgonnette,20.98,144818883fd1fd2e,83d6797cb47b127b,50.67241,3.11248,1.0,0.5609,AUCUN
FR-643180,2026-03-22,2026-03-24,DHL,Paris-CDG Hub,Aix-en-Provence,406.5,688.4,Retourné,petit_camion,102.71,4539984fb9bfe688,54461d1f3caee0b4,43.51602,5.31924,2.0,33.5802,AUCUN
FR-238050,2025-10-24,,Unknown,Marseille Port Depot,Nantes,416.0,229.7,En attente,petit_camion,106.52,57305694cae2b1d0,8fd25708c73a001e,47.22861,-1.56825,,11.4666,AUCUN
FR-221233,2026-01-14,2026-01-26,XPO Logistics,Paris-CDG Hub,Limoges,,1195.4,Livré,gros_camion,473.33,e99e31c1b5468d2d,97c65d267b35f60e,45.87279,1.41326,12.0,0.0,FAIBLE
FR-905985,2024-11-29,,FedEx,Marseille Port Depot,Clermont-Ferrand,108.7,1122.7,En attente,petit_camion,109.67,97c134953eabb671,901a8f9871c27478,45.86871,2.99903,,14.6445,AUCUN
FR-314554,2024-08-28,2024-08-31,Chronopost,Lyon Distribution Center,Paris,246.1,1137.1,Livré,avion,584.33,89b72f42de629ac1,5e76e2c62ac46468,48.81187,2.27965,3.0,265.8483,AUCUN
FR-204457,2024-07-23,2024-07-24,DB Schenker,Bordeaux Logistics Park,Nice,2626.8,1197.7,Livré,gros_camion,519.05,abb3d464b81216db,3f53d1abf3dba5b7,43.74519,7.18939,1.0,660.6849,AUCUN
FR-109788,2025-07-25,2025-07-28,Chronopost,Lyon Distribution Center,Nice,538.7,1035.9,Livré,petit_camion,144.9,5bb1ecc8ac6edde3,431bc3a6f8549bfe,43.68303,7.21369,3.0,66.9647,AUCUN
FR-906339,2025-05-23,2025-06-04,FedEx,Marseille Port Depot,Marseille,2452.0,532.5,Livré,train,264.08,a9bc7e3c6079a06c,062eba835a0bbd19,43.35163,5.35525,12.0,36.5593,FAIBLE
FR-927744,2024-08-14,2024-08-18,Kuehne+Nagel,Lyon Distribution Center,Rouen,25.9,954.0,Livré,fourgonnette,18.75,6dd72298f13e566b,f81d200082558742,49.37821,1.07267,4.0,1.9767,AUCUN
FR-835095,2025-07-21,2025-07-27,UPS,Marseille Port Depot,Lille,7234.0,745.5,Livré,train,444.14,7334ee7ff8765e16,a22a472bd4b3a948,50.77966,3.06293,6.0,151.0025,FAIBLE
FR-215571,2024-10-08,2024-10-20,DHL,Bordeaux Logistics Park,Poitiers,122.8,961.5,Livré,petit_camion,83.44,6a5796584ab1ac8a,f4ff27a2be45e270,46.61529,0.31526,12.0,14.1687,FAIBLE
FR-466512,2024-07-27,2024-08-09,Kuehne+Nagel,Paris-CDG Hub,Grenoble,14.2,208.1,Livré,fourgonnette,11.95,176085ab92f665ad,e9dbc8aecaf3a79d,45.15799,5.74516,13.0,0.2364,FAIBLE
FR-504640,2024-12-30,2025-01-02,Kuehne+Nagel,Paris-CDG Hub,Lille,38.8,311.2,Retourné,fourgonnette,16.15,2e77fde05867cb62,b5b62e7d54eb8cae,50.63795,2.99657,3.0,0.966,AUCUN
FR-217302,2025-11-01,2025-11-05,Chronopost,Marseille Port Depot,Tours,1456.1,473.2,Livré,gros_camion,274.64,3275c62b4a30ee93,1954906287a66066,47.34482,0.76745,4.0,144.6956,AUCUN
FR-489700,2024-05-11,2024-05-17,GLS,Bordeaux Logistics Park,Bourges,1993.0,1133.8,Livré,train,279.62,94f32f590e70c04a,01ba556d10f759fa,47.03249,2.48337,6.0,63.2706,FAIBLE
FR-376645,2024-07-21,2024-07-28,XPO Logistics,Paris-CDG Hub,Strasbourg,1357.9,245.2,Livré,gros_camion,294.13,232c9d11c882ea2c,d809ab1f82812f52,48.62597,7.76324,7.0,69.921,FAIBLE
FR-580162,2026-03-07,2026-03-20,DHL,Paris-CDG Hub,Rouen,,997.2,Livré,avion,474.44,60d3bd00a0e40db3,e2d4eba1eba69404,49.44747,1.11788,13.0,0.0,FAIBLE
FR-404572,2025-02-18,2025-02-26,FedEx,Marseille Port Depot,Avignon,98.8,955.2,Livré,avion,376.4,77a37e0c1eabf2ac,91ae305abdc74bd6,44.01547,4.88069,8.0,89.6551,FAIBLE
FR-316974,2026-01-13,,GLS,Bordeaux Logistics Park,Paris,1288.9,652.5,En transit,gros_camion,281.74,b3ede2357f536e0a,e5ef6b9c09c8e009,48.88715,2.35953,,176.6115,MOYEN
FR-473750,2025-11-21,2025-11-25,Unknown,Lyon Distribution Center,Lyon,676.1,939.8,Livré,petit_camion,195.72,77a37e0c1eabf2ac,6f8bdca35cd67a47,45.69062,4.79202,4.0,76.2479,AUCUN
FR-389422,2025-07-30,,Chronopost,Marseille Port Depot,Paris,105.3,449.8,En attente,avion,250.04,737b27ae09a06d30,12b94005eb608811,48.76915,2.32662,,44.9957,AUCUN
FR-618751,2025-06-07,,DB Schenker,Paris-CDG Hub,Paris,1843.3,542.0,En transit,train,179.22,4dc658302b612f5c,3f33fe28acc9f7c7,48.90814,2.32702,,27.9739,MOYEN
FR-895785,2024-07-01,2024-07-10,Chronopost,Paris-CDG Hub,Angers,5.6,219.0,Retardé,fourgonnette,15.34,ddd94bb935d6fc90,2d6da141a90d4cfc,47.47846,-0.55176,9.0,0.0981,ÉLEVÉ
FR-466500,2024-04-29,2024-05-04,Kuehne+Nagel,Bordeaux Logistics Park,Toulouse,7.5,74.6,Livré,avion,200.83,98c6fa9a1549ec58,130ab262c8259df2,43.58175,1.41716,5.0,0.5315,AUCUN
FR-735262,2025-08-04,2025-08-11,Chronopost,Paris-CDG Hub,Paris,330.3,116.3,Livré,petit_camion,86.22,afdb5de261053424,674e5f46062d82ab,48.89362,2.38604,7.0,4.6097,FAIBLE
FR-769872,2024-09-05,2024-09-15,Unknown,Bordeaux Logistics Park,Rennes,1748.7,1178.3,Retardé,train,361.36,6dcb5f2757af7881,ec67d9f4be32f550,48.09407,-1.57291,10.0,57.6938,ÉLEVÉ
FR-182172,2025-11-28,2025-12-11,Kuehne+Nagel,Paris-CDG Hub,Lille,18.8,1123.0,Livré,fourgonnette,9.89,80c6e1b004c4d98c,a534f57b01a18b79,50.65178,3.00754,13.0,1.689,FAIBLE
FR-374275,2024-05-18,2024-05-31,UPS,Marseille Port Depot,Lyon,36.3,498.8,Livré,fourgonnette,17.24,588860b1c06a5a7a,895d0bcf6155d8f7,45.80163,4.84425,13.0,1.4485,FAIBLE
FR-815290,2025-05-03,2025-05-04,FedEx,Bordeaux Logistics Park,Marseille,180.9,220.8,Livré,avion,342.86,c0fdb3ce997f47fa,ae2d7d999b65f131,43.29619,5.44023,1.0,37.9456,AUCUN
FR-895557,2025-11-02,,DB Schenker,Lyon Distribution Center,Toulouse,703.4,62.7,En attente,petit_camion,106.48,d23122a5cb6fdbb4,c462303cc1315204,43.67324,1.50508,,5.2924,AUCUN
FR-201659,2024-07-06,2024-07-10,Unknown,Bordeaux Logistics Park,Le Havre,7208.9,399.4,Livré,train,368.79,4f34261f7c38ba0c,4422763bc887e424,49.54265,0.00805,4.0,80.6186,AUCUN
FR-625664,2025-11-19,2025-12-02,Kuehne+Nagel,Lyon Distribution Center,Lyon,161.9,30.7,Livré,petit_camion,66.82,d0443b3d89fde63f,918fc84f4335bbf5,45.71442,4.80903,13.0,0.5964,FAIBLE
FR-553341,2025-11-04,2025-11-07,DB Schenker,Paris-CDG Hub,Toulouse,,222.9,Livré,petit_camion,113.23,abbd60b0df7fec89,e48d244234a3effa,43.5916,1.47734,3.0,0.0,AUCUN
FR-790902,2025-08-15,2025-08-23,Kuehne+Nagel,Paris-CDG Hub,Toulouse,454.9,272.1,Livré,petit_camion,87.12,d1d9c071e6672d29,2c57938ecba59af4,43.65524,1.45281,8.0,14.8534,FAIBLE
FR-187975,2024-07-16,,FedEx,Paris-CDG Hub,Toulouse,381.1,969.1,En transit,petit_camion,153.6,176085ab92f665ad,bb45aae66fbc9edb,43.63708,1.49157,,44.3189,MOYEN
FR-844351,2025-06-07,2025-06-20,FedEx,Lyon Distribution Center,Lille,979.5,218.8,Livré,gros_camion,282.01,50b6dd7a25a72160,d2310809627e3854,50.67201,3.1466,13.0,45.0061,FAIBLE
FR-223188,2025-09-28,,FedEx,Paris-CDG Hub,Nantes,1407.1,952.2,En attente,gros_camion,323.38,d1d9c071e6672d29,69fb951d9fa4aedd,47.25696,-1.57885,,281.3665,AUCUN
FR-470029,2024-10-16,2024-10-17,DB Schenker,Paris-CDG Hub,Lyon,7136.7,205.8,Retardé,train,301.84,4539984fb9bfe688,d24b9f89e7d3c203,45.80627,4.84107,1.0,41.1245,ÉLEVÉ
FR-863017,2024-08-03,2024-08-15,UPS,Marseille Port Depot,Lille,3363.4,842.8,Livré,train,350.14,6dd72298f13e566b,29c349880ed5584f,50.65214,3.07413,12.0,79.3709,FAIBLE
FR-931485,2024-10-24,2024-11-06,DHL,Paris-CDG Hub,Lyon,907.0,936.4,Livré,gros_camion,292.55,d21c62bed959dcf6,c6d0dbdd1d0bd404,45.81256,4.93888,13.0,178.3561,FAIBLE
FR-821168,2025-08-17,2025-08-18,Unknown,Paris-CDG Hub,Paris,114.2,394.8,Livré,avion,207.67,be6b5843204f29e6,48cc8ca795361a25,48.89119,2.21235,1.0,42.8319,AUCUN
FR-408530,2025-01-19,2025-01-23,UPS,Paris-CDG Hub,Paris,265.8,330.5,Livré,petit_camion,97.95,fb9a24e0a82c372f,6b7532ab2df16bbf,48.85589,2.38256,4.0,10.5416,AUCUN
FR-670765,2024-07-12,,FedEx,Bordeaux Logistics Park,Mulhouse,256.1,1176.9,En transit,petit_camion,127.02,bcda6b0629bed55e,20c0ca72a2a5053e,47.84088,7.34071,,36.1685,MOYEN
FR-539423,2024-05-05,2024-05-13,Chronopost,Lyon Distribution Center,Lyon,3911.6,1120.4,Retardé,gros_camion,485.24,77a37e0c1eabf2ac,036dd8bcff26ce6f,45.76455,4.94456,8.0,920.3369,ÉLEVÉ
FR-221516,2025-10-30,,DB Schenker,Bordeaux Logistics Park,Rennes,7172.8,958.1,En transit,train,482.7,a7343d238975093d,956ed393d245fa3a,48.12707,-1.65557,,192.4233,MOYEN
FR-182836,2026-02-04,2026-02-12,GLS,Paris-CDG Hub,Lyon,,687.4,Livré,avion,429.58,737b27ae09a06d30,935075cb4b4163a6,45.75727,4.85131,8.0,0.0,FAIBLE
FR-939339,2025-05-18,2025-05-23,Kuehne+Nagel,Paris-CDG Hub,Bordeaux,503.5,1005.5,Livré,petit_camion,118.66,f057aa1333d44acb,a202e08d12bd98a6,44.84771,-0.52344,5.0,60.7523,AUCUN
FR-567128,2026-04-16,,DHL,Paris-CDG Hub,Strasbourg,2502.9,341.2,En attente,gros_camion,352.27,6b16b395ec3a9551,36f61286fbef25dd,48.66124,7.78465,,179.3378,AUCUN
FR-216199,2025-05-10,2025-05-20,Unknown,Paris-CDG Hub,Caen,6847.9,268.2,Livré,train,275.25,ff07dd0896d16f31,81c67928acdbb322,49.15552,-0.2858,10.0,51.425,FAIBLE
FR-603447,2024-09-30,2024-10-05,XPO Logistics,Lyon Distribution Center,Marseille,0.9,155.3,Livré,fourgonnette,13.34,3714a4bb9c0df2e3,c5776a8e95261dfb,43.32915,5.40818,5.0,0.0112,AUCUN
FR-391596,2025-12-10,2025-12-17,DHL,Marseille Port Depot,Toulon,8.0,84.1,Livré,fourgonnette,13.54,144818883fd1fd2e,eb3d0d500e77dece,43.14217,5.97327,7.0,0.0538,FAIBLE
FR-753950,2025-10-01,2025-10-02,UPS,Paris-CDG Hub,Chambéry,22.9,614.6,Livré,fourgonnette,12.48,0b9d5daff036d6da,1e75a52a35103609,45.60603,5.97049,1.0,1.1259,AUCUN
FR-540780,2025-10-13,2025-10-16,XPO Logistics,Lyon Distribution Center,Perpignan,3745.2,466.7,Retardé,train,237.73,0915a7642195cf8a,08e5f58a35f48ca4,42.69563,2.96882,3.0,48.9408,ÉLEVÉ
FR-742955,2025-01-04,2025-01-07,GLS,Marseille Port Depot,Lille,5427.9,272.1,Livré,train,244.36,afdb5de261053424,d35c498001191e56,50.70571,3.10363,3.0,41.3541,AUCUN
FR-580374,2025-04-20,2025-04-23,XPO Logistics,Marseille Port Depot,Nice,4776.1,1076.7,Livré,gros_camion,560.87,a411faa4604af305,f84f74dc99f45943,43.70309,7.24252,3.0,1079.9096,AUCUN
FR-465414,2024-08-05,2024-08-18,FedEx,Marseille Port Depot,Lille,126.6,78.2,Livré,avion,196.52,184fcccb030ef7f7,4d1ddb20830ca359,50.61037,3.07322,13.0,9.4051,FAIBLE
FR-266758,2024-09-26,2024-09-30,Kuehne+Nagel,Paris-CDG Hub,Bordeaux,3142.3,46.9,Livré,gros_camion,352.13,6dd72298f13e566b,6d644320399f4d01,44.85293,-0.54715,4.0,30.9485,AUCUN
FR-629258,2026-03-06,2026-03-12,DHL,Paris-CDG Hub,Bourges,9.9,432.8,Livré,fourgonnette,10.58,d1d9c071e6672d29,27fbdce6ff7003fa,47.11209,2.39884,6.0,0.3428,FAIBLE
FR-312522,2025-12-22,2025-12-29,FedEx,Bordeaux Logistics Park,Lyon,313.2,878.4,Livré,petit_camion,130.77,50b6dd7a25a72160,3043a99f13e5895f,45.78277,4.82605,7.0,33.0138,FAIBLE
FR-580542,2025-01-10,2025-01-18,FedEx,Bordeaux Logistics Park,Saint-Étienne,7805.7,1041.1,Livré,train,507.46,184fcccb030ef7f7,d75b04a0efc084ab,45.38142,4.32012,8.0,227.5424,FAIBLE
FR-692620,2024-10-01,2024-10-14,Chronopost,Paris-CDG Hub,Lyon,10.3,299.7,Livré,fourgonnette,10.3,4d783fa3092cb304,887dad004a49c44c,45.79666,4.87792,13.0,0.247,FAIBLE
FR-368115,2024-05-15,2024-05-24,DB Schenker,Lyon Distribution Center,Tours,40.2,59.0,Livré,fourgonnette,14.47,1f5f2617ee232079,ce4fb9066da9f273,47.36143,0.66802,9.0,0.1897,FAIBLE
FR-651891,2026-03-31,2026-04-12,FedEx,Paris-CDG Hub,Nantes,596.6,887.7,Livré,petit_camion,183.88,5bb1ecc8ac6edde3,5647f0957f7ab6dc,47.16972,-1.4605,12.0,63.5522,FAIBLE
FR-557237,2025-04-19,2025-04-29,UPS,Marseille Port Depot,Toulouse,152.5,874.3,Retardé,avion,354.07,afdb5de261053424,e363a9e7937f9cbe,43.5372,1.50161,10.0,126.6642,ÉLEVÉ
FR-686976,2025-07-22,,GLS,Lyon Distribution Center,Orléans,57.1,576.6,En attente,avion,182.6,9f825829469aca3d,a468a0f893f5e24b,47.87003,1.9303,,31.2777,AUCUN
FR-764896,2025-04-27,2025-05-07,Kuehne+Nagel,Bordeaux Logistics Park,Chartres,7664.0,19.7,Livré,train,326.47,737b27ae09a06d30,e9347f4c01ef9b1e,48.48662,1.51504,10.0,4.2275,FAIBLE
FR-649998,2025-07-22,2025-07-24,DHL,Lyon Distribution Center,Grenoble,4615.6,416.1,Retardé,train,316.46,867749e4b7692143,87e5535d5249c596,45.2664,5.71794,2.0,53.7754,ÉLEVÉ
FR-681108,2025-03-30,2025-04-06,GLS,Marseille Port Depot,Nice,72.1,632.0,Livré,avion,385.17,93141cbfc2990e76,a402f1423c45d55a,43.6479,7.38545,7.0,43.2888,FAIBLE
FR-831814,2024-09-07,2024-09-11,DHL,Marseille Port Depot,Rennes,4833.3,787.2,Retardé,gros_camion,597.02,77a37e0c1eabf2ac,4fdbcde7e4997749,48.21128,-1.59272,4.0,799.0025,ÉLEVÉ
FR-536469,2025-01-01,2025-01-09,DHL,Bordeaux Logistics Park,Bordeaux,739.4,447.0,Retardé,petit_camion,168.29,b1a521ada32f8bf9,760fac5f056b2470,44.86129,-0.60205,8.0,39.6614,ÉLEVÉ
FR-928904,2024-12-18,2024-12-25,DHL,Lyon Distribution Center,Bordeaux,723.9,343.1,Livré,petit_camion,150.72,afdb5de261053424,ed2d1e56e8e87114,44.85124,-0.50771,7.0,29.8044,FAIBLE
FR-914353,2025-06-03,2025-06-09,Chronopost,Bordeaux Logistics Park,Nice,4634.8,229.9,Livré,train,245.65,2debffb0c60c520e,e4c85f734d36a0db,43.73678,7.28804,6.0,29.8351,FAIBLE
FR-714085,2024-09-10,2024-09-21,Unknown,Lyon Distribution Center,Nice,28.2,807.6,Livré,avion,319.78,737b27ae09a06d30,d24a6e64df0de902,43.76682,7.16033,11.0,21.6356,FAIBLE
FR-947251,2024-12-16,2024-12-29,Kuehne+Nagel,Paris-CDG Hub,Bordeaux,35.5,985.8,Livré,fourgonnette,20.87,94f32f590e70c04a,9e79acf30add5061,45.02419,-0.54058,13.0,2.7997,FAIBLE
FR-339551,2025-06-27,2025-07-10,Unknown,Bordeaux Logistics Park,Strasbourg,114.5,92.8,Livré,avion,208.02,93141cbfc2990e76,534e3d4c4cbe2e8c,48.5898,7.7722,13.0,10.0943,FAIBLE
FR-294446,2024-12-31,,Chronopost,Lyon Distribution Center,Brest,4.4,813.2,En transit,fourgonnette,10.66,5bb1ecc8ac6edde3,24d849b13a3acdfa,48.33007,-4.47162,,0.2862,MOYEN
FR-417945,2024-10-06,,XPO Logistics,Bordeaux Logistics Park,Strasbourg,4165.7,350.4,En attente,gros_camion,407.3,afdb5de261053424,2c0448deb6fa77b0,48.61926,7.74049,,306.5289,AUCUN
FR-866457,2024-12-19,,Unknown,Marseille Port Depot,Marseille,17.0,762.4,En transit,fourgonnette,15.45,afdb5de261053424,f6f8da343036d85c,43.3773,5.32133,,1.0369,MOYEN
FR-409336,2025-06-16,2025-06-28,Kuehne+Nagel,Lyon Distribution Center,Nantes,44.9,712.5,Livré,fourgonnette,11.11,bebe00cf88981ebb,a49eadc0b64137d0,47.2344,-1.55424,12.0,2.5593,FAIBLE
FR-499228,2024-10-08,2024-10-11,FedEx,Marseille Port Depot,Paris,2763.7,225.4,Livré,gros_camion,327.76,5544f6afe2c2fa55,e3596ab10ed6e801,48.78755,2.38483,3.0,130.817,AUCUN
FR-939778,2025-02-27,,UPS,Marseille Port Depot,Paris,628.5,34.5,En transit,petit_camion,114.95,bcda6b0629bed55e,376a9e907131bb4d,48.91026,2.3485,,2.602,MOYEN
FR-807724,2024-06-10,2024-06-13,Unknown,Paris-CDG Hub,Colmar,3253.2,337.2,Retardé,train,197.54,4f34261f7c38ba0c,552370bea97ec1fe,48.02623,7.36132,3.0,30.7154,ÉLEVÉ
FR-206153,2024-12-24,2024-12-26,GLS,Bordeaux Logistics Park,Toulouse,796.1,188.6,Livré,petit_camion,112.18,1f5f2617ee232079,2c7667999d48fde1,43.56632,1.44565,2.0,18.0173,AUCUN
FR-804226,2024-05-02,2024-05-04,XPO Logistics,Paris-CDG Hub,Bordeaux,1965.5,753.3,Livré,gros_camion,359.14,50b6dd7a25a72160,345697d0513e087a,44.96024,-0.56949,2.0,310.9283,AUCUN
FR-770014,2025-03-08,2025-03-14,UPS,Marseille Port Depot,Colmar,2013.0,1177.6,Retourné,gros_camion,507.47,737b27ae09a06d30,451ad8ba424bd963,48.17186,7.38077,6.0,497.8068,AUCUN
FR-463355,2025-11-11,2025-11-20,DHL,Paris-CDG Hub,Nantes,4384.1,92.6,Livré,train,201.26,867749e4b7692143,46ae36ba86e40270,47.22625,-1.52308,9.0,11.3671,FAIBLE
FR-601530,2024-05-07,2024-05-16,DHL,Bordeaux Logistics Park,Limoges,6114.6,107.0,Livré,train,286.22,1e3f6890d2ddffa6,e06057ae416c99b6,45.83788,1.25151,9.0,18.3193,FAIBLE
FR-457971,2024-07-12,2024-07-13,DHL,Lyon Distribution Center,Nice,788.4,483.1,Livré,petit_camion,152.55,6e21cb30cd3271a9,8998c3139d577cd7,43.76761,7.2488,1.0,45.7051,AUCUN
FR-519812,2024-07-13,2024-07-18,DHL,Marseille Port Depot,Rennes,3850.2,1143.4,Livré,gros_camion,570.57,0a09e9b5dbb0d8ab,d5cd515da8abcede,48.12299,-1.75644,5.0,924.4869,AUCUN
FR-988431,2025-10-02,2025-10-08,Kuehne+Nagel,Bordeaux Logistics Park,Mulhouse,500.1,708.2,Livré,train,266.35,6ab1a44406435c4c,5ea9f368a99fc86c,47.72902,7.22861,6.0,9.9168,FAIBLE
FR-188836,2024-07-01,2024-07-06,FedEx,Paris-CDG Hub,Lille,4998.2,869.2,Livré,train,306.29,144818883fd1fd2e,c9cf1f8ef7687153,50.61517,3.10588,5.0,121.6442,AUCUN
FR-450586,2025-07-08,2025-07-16,GLS,Paris-CDG Hub,Perpignan,131.4,302.3,Retourné,petit_camion,80.24,420ccf90b5c7ed29,4fb3c7495b5ccc59,42.60756,2.89157,8.0,4.7667,AUCUN
FR-996680,2025-11-06,,GLS,Lyon Distribution Center,Toulouse,3710.2,1158.2,En attente,gros_camion,595.89,2c7e84ab9c91b547,2e77f1826caf8145,43.60385,1.42089,,902.4023,AUCUN
FR-112695,2024-10-28,2024-11-05,GLS,Bordeaux Logistics Park,Le Mans,136.0,784.2,Livré,avion,376.52,2e77fde05867cb62,3e8cadd6a25e8dbd,47.96931,0.22042,8.0,101.3186,FAIBLE
FR-612907,2025-02-26,2025-03-05,UPS,Marseille Port Depot,Brest,215.9,567.2,Retardé,avion,415.33,afdb5de261053424,8b2fa9e0be0ec567,48.32449,-4.55242,7.0,116.3356,ÉLEVÉ
FR-364057,2025-10-16,2025-10-18,DB Schenker,Marseille Port Depot,Clermont-Ferrand,1088.4,612.0,Livré,train,229.2,4e3a294f61cb834d,1d0854f2983be233,45.79996,3.07608,2.0,18.6508,AUCUN
FR-618555,2026-04-10,2026-04-20,XPO Logistics,Lyon Distribution Center,Rennes,88.4,1032.2,Livré,petit_camion,99.97,b4b018a4be786430,9a11aed5f8d75f95,48.05156,-1.58875,10.0,10.9496,FAIBLE
FR-184853,2025-02-11,2025-02-19,UPS,Marseille Port Depot,Rennes,1699.5,193.7,Livré,gros_camion,250.29,abbd60b0df7fec89,072aa30d71dcd352,48.15244,-1.6925,8.0,69.1306,FAIBLE
FR-314915,2025-06-05,2025-06-16,Unknown,Marseille Port Depot,Toulouse,2220.6,412.8,Livré,train,214.48,b3ede2357f536e0a,891673e1daab2950,43.56671,1.42911,11.0,25.6666,FAIBLE
FR-807127,2025-09-21,2025-09-27,DB Schenker,Bordeaux Logistics Park,Nice,2891.1,32.8,Retourné,gros_camion,278.77,6e21cb30cd3271a9,45533751df6d9765,43.74411,7.32463,6.0,19.9139,AUCUN
FR-487994,2024-06-04,2024-06-11,Unknown,Bordeaux Logistics Park,Caen,127.3,43.2,Livré,avion,198.79,f057aa1333d44acb,f87059ca22966317,49.18715,-0.36406,7.0,5.2244,FAIBLE
FR-348856,2024-09-24,2024-09-27,UPS,Bordeaux Logistics Park,Paris,1947.9,358.8,Retardé,gros_camion,356.05,c0fdb3ce997f47fa,60dfbea578332d5a,48.7992,2.29132,3.0,146.7704,ÉLEVÉ
FR-780910,2024-12-06,2024-12-17,UPS,Lyon Distribution Center,Marseille,2068.2,191.2,Retardé,train,162.53,cca89aaad52adbdd,f934202c7823545f,43.35842,5.28448,11.0,11.0723,ÉLEVÉ
FR-463602,2024-12-27,2025-01-01,Chronopost,Marseille Port Depot,Marseille,3806.8,404.3,Retardé,train,226.92,b5d62e25e9a7adb6,d67b67613fe40990,43.32155,5.4125,5.0,43.0945,ÉLEVÉ
FR-978449,2026-02-17,2026-02-23,Kuehne+Nagel,Paris-CDG Hub,Paris,1008.5,453.5,Livré,train,217.55,7762a147989c85a8,c519e0dfab04012a,48.86085,2.29542,6.0,12.8059,FAIBLE
FR-895559,2026-04-17,2026-04-27,UPS,Paris-CDG Hub,Nice,255.0,756.4,Livré,petit_camion,91.23,6dd72298f13e566b,e1c272f34790467f,43.67799,7.25859,10.0,23.1458,FAIBLE
FR-341918,2024-10-31,2024-11-10,GLS,Bordeaux Logistics Park,Tours,613.8,581.2,Retardé,petit_camion,113.85,57305694cae2b1d0,8174a0b4d09b4f3c,47.35373,0.76189,10.0,42.8089,ÉLEVÉ
FR-204169,2024-08-03,,DB Schenker,Marseille Port Depot,Toulouse,594.0,454.9,En attente,petit_camion,117.28,abb3d464b81216db,f30adb82a41bbb0b,43.5849,1.35078,,32.4253,AUCUN
FR-383569,2024-09-10,2024-09-20,DHL,Lyon Distribution Center,Lyon,4440.6,291.6,Livré,train,281.36,ccd16f4072984dcc,e7455cf6e469209c,45.72652,4.89356,10.0,36.2566,FAIBLE
FR-178271,2025-12-22,2026-01-03,UPS,Paris-CDG Hub,Marseille,4869.2,38.0,Livré,train,289.7,dabcb1d63f05e568,679df86a95748974,43.31296,5.4133,12.0,5.1808,FAIBLE
FR-545453,2025-10-24,,Unknown,Marseille Port Depot,Lille,916.3,729.1,En attente,gros_camion,277.55,076d9a82acb00f0c,1402f644964198a6,50.70725,3.0224,,140.2956,AUCUN
FR-306384,2025-11-14,,GLS,Bordeaux Logistics Park,Nantes,69.5,589.4,En transit,avion,204.33,ccd16f4072984dcc,02fdf758f1e7d392,47.1595,-1.52985,,38.9151,MOYEN
FR-320933,2025-03-25,2025-03-28,UPS,Lyon Distribution Center,Marseille,55.4,1153.8,Retardé,avion,214.03,6dcb5f2757af7881,3b03e91cbe56336c,43.29192,5.41413,3.0,60.7245,ÉLEVÉ
FR-517537,2024-08-25,,Chronopost,Marseille Port Depot,Nice,127.8,119.4,En transit,avion,240.39,de6c9169a9ba75a9,b441fe56d001ddad,43.73299,7.25065,,14.4964,MOYEN
FR-674656,2026-01-01,2026-01-02,Unknown,Marseille Port Depot,Strasbourg,248.8,1061.3,Livré,avion,387.03,b1a521ada32f8bf9,d3c7dec47d91f997,48.61663,7.68157,1.0,250.8489,AUCUN
FR-171157,2024-07-17,2024-07-29,DB Schenker,Paris-CDG Hub,Nantes,11.8,986.5,Livré,avion,306.06,1e3f6890d2ddffa6,795e35373d7f2009,47.26422,-1.54071,12.0,11.0587,FAIBLE
FR-525975,2025-08-28,2025-09-02,DHL,Bordeaux Logistics Park,Strasbourg,117.2,349.5,Livré,avion,330.95,0a09e9b5dbb0d8ab,8c13610b2d8d61b8,48.67996,7.80502,5.0,38.9133,AUCUN
FR-251620,2025-02-13,2025-02-21,XPO Logistics,Lyon Distribution Center,Reims,3983.2,1022.3,Livré,gros_camion,530.42,c8796666bc9acaab,9bf8a9bdf9205f65,49.3146,3.26739,8.0,855.1253,FAIBLE
FR-126999,2026-02-11,2026-02-22,Unknown,Paris-CDG Hub,Nantes,298.7,286.7,Retardé,petit_camion,92.35,c8796666bc9acaab,cbf45f1a295b6d6b,47.28476,-1.58148,11.0,10.2765,ÉLEVÉ
FR-500024,2026-01-04,2026-01-11,Kuehne+Nagel,Bordeaux Logistics Park,Auxerre,1628.8,1075.5,Retardé,gros_camion,411.68,c8796666bc9acaab,ae40ef8bded51064,47.77537,3.53544,7.0,367.8726,ÉLEVÉ
FR-950175,2025-09-29,2025-10-11,Kuehne+Nagel,Bordeaux Logistics Park,Auxerre,37.2,485.0,Retourné,avion,176.57,ddd94bb935d6fc90,46ecf1c9c296a08f,47.88291,3.57388,12.0,17.1399,AUCUN
FR-629792,2024-06-29,2024-07-11,Unknown,Paris-CDG Hub,Caen,180.0,756.9,Retourné,petit_camion,118.21,afdb5de261053424,c77d995b88b497c1,49.18191,-0.34467,12.0,16.349,AUCUN
FR-235416,2024-07-26,2024-07-27,UPS,Bordeaux Logistics Park,Lille,776.3,498.0,Livré,petit_camion,125.23,5544f6afe2c2fa55,b6bf1e4d1b8060a7,50.59456,3.00869,1.0,46.3917,AUCUN
FR-591789,2024-04-28,2024-05-09,Chronopost,Marseille Port Depot,Avignon,756.9,263.0,Livré,petit_camion,135.93,4d783fa3092cb304,4e6876a6f7295f0e,43.99036,4.82186,11.0,23.8878,FAIBLE
FR-326385,2025-03-09,,Chronopost,Paris-CDG Hub,Bordeaux,61.3,989.3,En transit,petit_camion,85.65,d23122a5cb6fdbb4,a2c2868710c89c21,44.84867,-0.58315,,7.2773,MOYEN
FR-581458,2024-08-15,2024-08-28,GLS,Paris-CDG Hub,Marseille,210.6,1190.3,Retardé,petit_camion,90.5,7334ee7ff8765e16,ae7006c1a4946c0d,43.33904,5.34982,13.0,30.0813,ÉLEVÉ
FR-272822,2024-08-02,,DHL,Paris-CDG Hub,Bordeaux,2804.1,318.6,En transit,gros_camion,347.57,89b72f42de629ac1,73322aa5c8b2cb14,44.84265,-0.59112,,187.6111,MOYEN
FR-626261,2026-02-16,2026-02-19,XPO Logistics,Marseille Port Depot,Marseille,1380.7,976.7,Livré,train,273.9,e05e06b51a7aca3c,af899cb6f1885b63,43.29127,5.35943,3.0,37.7588,AUCUN
FR-219733,2025-12-13,,FedEx,Lyon Distribution Center,Lyon,3788.7,260.2,En transit,gros_camion,430.56,3714a4bb9c0df2e3,d14327de8ffb6a76,45.71556,4.82298,,207.0221,MOYEN
FR-561552,2025-01-08,2025-01-18,Kuehne+Nagel,Marseille Port Depot,Lyon,1937.5,187.9,Livré,gros_camion,283.88,b3ede2357f536e0a,4c3f9ecb75183808,45.74514,4.8628,10.0,76.4518,FAIBLE
FR-144330,2024-05-17,2024-05-22,Chronopost,Lyon Distribution Center,Strasbourg,33.3,249.2,Livré,fourgonnette,12.53,c0fdb3ce997f47fa,7bcedeb8ad4a9116,48.60587,7.67419,5.0,0.6639,AUCUN
FR-465492,2025-11-26,,FedEx,Paris-CDG Hub,Nice,68.0,732.8,En attente,avion,340.76,737b27ae09a06d30,32aaad9f339285a9,43.61198,7.26575,,47.3389,AUCUN
FR-935999,2025-02-22,2025-03-01,GLS,Marseille Port Depot,Pau,452.4,73.3,Retourné,petit_camion,74.35,6dcb5f2757af7881,2610cbe71e5de230,43.23355,-0.46228,7.0,3.9793,AUCUN
FR-241917,2024-09-29,2024-10-08,UPS,Paris-CDG Hub,Strasbourg,3306.4,644.9,Livré,gros_camion,486.45,89b72f42de629ac1,74608d0a560fe895,48.53364,7.82298,9.0,447.7824,FAIBLE
FR-647650,2025-09-04,2025-09-16,Chronopost,Lyon Distribution Center,Nantes,6817.3,630.7,Livré,train,419.7,bcda6b0629bed55e,d0aaa6c1e71b85ef,47.21511,-1.53572,12.0,120.3908,FAIBLE
FR-327713,2025-07-26,2025-07-31,Chronopost,Marseille Port Depot,Paris,3729.1,50.8,Livré,gros_camion,308.71,737b27ae09a06d30,f5dc513ab7364d97,48.83171,2.36989,5.0,39.782,AUCUN
FR-932035,2026-01-01,,DB Schenker,Lyon Distribution Center,Marseille,15.3,790.9,En transit,fourgonnette,17.9,abb3d464b81216db,a94c47d62e46af05,43.34947,5.37702,,0.9681,MOYEN
FR-300484,2025-02-22,2025-03-05,Kuehne+Nagel,Bordeaux Logistics Park,Toulon,226.3,147.9,Livré,avion,379.94,7334ee7ff8765e16,129f886da9808e5f,43.14282,5.95107,11.0,31.7963,FAIBLE
FR-292200,2025-05-18,,GLS,Bordeaux Logistics Park,Nantes,3539.2,48.4,En transit,gros_camion,309.05,80c6e1b004c4d98c,ab2225f14e3c67fb,47.25092,-1.48496,,35.9724,MOYEN
FR-884509,2025-05-16,2025-05-19,UPS,Marseille Port Depot,Marseille,2957.5,394.3,Livré,gros_camion,331.89,98c6fa9a1549ec58,833a49167636b910,43.32793,5.38383,3.0,244.8899,AUCUN
FR-598345,2026-02-23,2026-02-28,DHL,Marseille Port Depot,Besançon,5811.3,956.7,Livré,train,350.61,e99e31c1b5468d2d,9d3a4fdb8254c06f,47.22368,6.01943,5.0,155.6708,AUCUN
FR-451272,2026-04-23,,UPS,Marseille Port Depot,Saint-Étienne,874.9,1033.3,En attente,gros_camion,369.21,4937b40c2b9fb3af,111f4fb66159095d,45.45275,4.28452,,189.8472,AUCUN
FR-785546,2024-09-17,2024-09-25,DHL,Lyon Distribution Center,Lyon,6202.1,12.9,Livré,train,237.1,57305694cae2b1d0,44def554d5be0889,45.70187,4.80754,8.0,2.2402,FAIBLE
FR-651905,2024-12-26,,XPO Logistics,Bordeaux Logistics Park,Annecy,23.3,702.4,En transit,fourgonnette,12.68,4f34261f7c38ba0c,bdc358412996e28f,45.86281,6.08709,,1.3093,MOYEN
FR-519884,2024-10-20,,Kuehne+Nagel,Lyon Distribution Center,Mulhouse,2258.3,365.8,En transit,gros_camion,323.95,ff07dd0896d16f31,95d79504454ee26a,47.65136,7.22784,,173.4781,MOYEN
FR-505360,2026-04-03,2026-04-05,Chronopost,Lyon Distribution Center,Lille,3157.5,28.3,Livré,train,182.35,cca89aaad52adbdd,a2d991cdb76ca4c6,50.60174,3.09984,2.0,2.502,AUCUN
FR-968464,2025-03-30,2025-04-11,Kuehne+Nagel,Lyon Distribution Center,Rennes,2765.8,639.9,Livré,gros_camion,451.62,b3ede2357f536e0a,14e5ad6f3a255547,48.09971,-1.70187,12.0,371.6654,FAIBLE
FR-125877,2025-06-13,,Chronopost,Marseille Port Depot,Rennes,4293.4,891.8,En attente,gros_camion,575.05,4e3a294f61cb834d,7c622a9f7ee00147,48.12428,-1.71777,,804.0594,AUCUN
FR-963519,2024-11-25,,DB Schenker,Marseille Port Depot,Le Mans,774.4,1087.5,En transit,petit_camion,162.91,0b9d5daff036d6da,244c09763b523e38,47.96304,0.24404,,101.0592,MOYEN
FR-124223,2024-04-27,,UPS,Marseille Port Depot,Brest,607.8,1093.4,En transit,petit_camion,191.03,dc995e4ea96bebf0,88fcaa7eb6bb1ff2,48.3401,-4.4851,,79.7482,MOYEN
FR-158150,2025-07-06,2025-07-09,FedEx,Bordeaux Logistics Park,Strasbourg,49.1,246.5,Retardé,fourgonnette,14.74,5544f6afe2c2fa55,155ef4b3b118f36d,48.61459,7.71439,3.0,0.9683,ÉLEVÉ
FR-590641,2025-10-10,2025-10-16,Kuehne+Nagel,Paris-CDG Hub,Toulouse,798.9,436.4,Livré,petit_camion,173.03,6e21cb30cd3271a9,3a5a768a8b062820,43.64212,1.38736,6.0,41.8368,FAIBLE
FR-926555,2025-02-16,2025-02-17,Chronopost,Bordeaux Logistics Park,Brest,4457.5,1178.8,Livré,gros_camion,661.54,737b27ae09a06d30,36c482ceb0354fe2,48.33439,-4.43803,1.0,1103.4452,AUCUN
FR-136303,2024-12-04,2024-12-07,Unknown,Bordeaux Logistics Park,Bordeaux,2853.0,987.8,Livré,gros_camion,503.11,6a5796584ab1ac8a,d2b322cbd8e610ab,44.79086,-0.59939,3.0,591.8206,AUCUN
FR-105801,2025-12-19,2025-12-22,DHL,Paris-CDG Hub,Nice,7309.4,110.6,Retourné,train,358.0,f057aa1333d44acb,4596f4fb396b823a,43.70015,7.1999,3.0,22.6357,AUCUN
FR-106319,2024-11-02,2024-11-10,DHL,Lyon Distribution Center,Rennes,2478.3,671.3,Livré,gros_camion,383.39,1f5f2617ee232079,feb192ee25bc5c29,48.14831,-1.7263,8.0,349.3734,FAIBLE
FR-549162,2025-03-01,,XPO Logistics,Lyon Distribution Center,Dijon,127.7,1060.9,En attente,petit_camion,78.64,6a5796584ab1ac8a,a960a36b109009bc,47.31375,5.08851,,16.2572,AUCUN
FR-232738,2025-06-17,2025-06-26,DB Schenker,Bordeaux Logistics Park,Strasbourg,20.0,410.3,Retardé,fourgonnette,12.84,867749e4b7692143,1d51ae45760f3222,48.6119,7.76986,9.0,0.6565,ÉLEVÉ
FR-750297,2024-10-28,2024-10-29,Unknown,Bordeaux Logistics Park,Toulouse,3867.5,333.6,Retardé,gros_camion,391.41,4e3a294f61cb834d,7c468b53ba3e27a9,43.58337,1.47334,1.0,270.9416,ÉLEVÉ
FR-723232,2024-11-03,,Chronopost,Paris-CDG Hub,Chambéry,,152.5,En transit,train,326.71,c8796666bc9acaab,f3db0da9a7c5fae1,45.58559,5.96896,,0.0,MOYEN
FR-388413,2025-09-14,2025-09-17,Chronopost,Paris-CDG Hub,Mulhouse,875.9,243.9,Livré,train,155.48,afdb5de261053424,d169f3af34078c14,47.72322,7.30301,3.0,5.9817,AUCUN
FR-917839,2025-11-27,,Unknown,Bordeaux Logistics Park,Toulouse,3043.4,941.7,En transit,gros_camion,413.52,46b06486d10dd744,307d4fe5f594b800,43.66232,1.55177,,601.8537,MOYEN
FR-379143,2025-06-06,,DB Schenker,Paris-CDG Hub,Paris,507.3,842.6,En transit,petit_camion,161.03,80c6e1b004c4d98c,fb40ae70418bbcdc,48.91581,2.36719,,51.2941,MOYEN
FR-207148,2024-10-17,2024-10-21,DB Schenker,Paris-CDG Hub,Strasbourg,172.9,1096.5,Livré,avion,376.65,4e3a294f61cb834d,aa9e5c46b774580e,48.65196,7.74348,4.0,180.1056,AUCUN
FR-106586,2025-07-26,2025-08-02,DHL,Paris-CDG Hub,Nice,301.2,817.0,Retardé,petit_camion,112.61,d0443b3d89fde63f,0095e30cd98f0f68,43.75124,7.21663,7.0,29.5296,ÉLEVÉ
FR-121441,2025-03-27,2025-04-04,Unknown,Paris-CDG Hub,Brest,69.3,269.5,Livré,avion,197.1,de6c9169a9ba75a9,d884b198e3f7fd7e,48.4122,-4.43915,8.0,17.7425,FAIBLE
FR-868613,2026-04-23,2026-04-26,GLS,Paris-CDG Hub,Brest,40.3,31.4,Retourné,fourgonnette,16.9,184fcccb030ef7f7,09408b170cac7383,48.30539,-4.45968,3.0,0.1012,AUCUN
FR-281154,2025-05-01,2025-05-14,DHL,Paris-CDG Hub,Caen,13.3,184.4,Livré,fourgonnette,10.4,dc995e4ea96bebf0,a43d99db58069549,49.15296,-0.40038,13.0,0.1962,FAIBLE
FR-942150,2025-12-15,2025-12-21,GLS,Marseille Port Depot,Orléans,1496.3,1135.4,Livré,gros_camion,462.24,4937b40c2b9fb3af,2d3a53cf5da5039c,47.95012,1.87484,6.0,356.7688,FAIBLE
FR-615949,2026-03-06,2026-03-14,Kuehne+Nagel,Paris-CDG Hub,Bordeaux,167.1,431.2,Livré,avion,348.07,964fb47ecc48fb44,b077941840341d6a,44.88218,-0.58723,8.0,68.4508,FAIBLE
FR-985155,2024-08-28,2024-09-02,Kuehne+Nagel,Paris-CDG Hub,Bordeaux,4112.3,220.5,Livré,train,245.31,6dcb5f2757af7881,68d25b1576b2c1da,44.92526,-0.5395,5.0,25.3893,AUCUN
FR-748116,2024-05-11,,Kuehne+Nagel,Paris-CDG Hub,Le Havre,3156.9,941.0,En transit,gros_camion,549.76,bcda6b0629bed55e,e7875d668c70b52e,49.5665,0.07081,,623.835,MOYEN
FR-276900,2024-06-09,,DHL,Lyon Distribution Center,Metz,4060.1,968.8,En transit,gros_camion,505.31,232c9d11c882ea2c,db4a62480fff868b,49.068,6.16543,,826.0192,MOYEN
FR-631885,2025-04-24,2025-04-27,DB Schenker,Marseille Port Depot,Reims,73.0,1081.1,Livré,avion,248.37,2e77fde05867cb62,7c9e58b2f26ee3dd,49.25902,3.28721,3.0,74.9743,AUCUN
FR-251714,2026-02-03,,DB Schenker,Paris-CDG Hub,Toulouse,14.1,358.6,En attente,avion,180.23,867749e4b7692143,e25f2b51adbe720a,43.57527,1.52509,,4.8034,AUCUN
FR-168745,2025-08-17,2025-08-20,Unknown,Marseille Port Depot,La Rochelle,5204.9,509.9,Livré,train,263.81,be6b5843204f29e6,2dacea6569f835a0,46.09281,-1.12162,3.0,74.3114,AUCUN
FR-120063,2026-01-28,2026-02-06,Kuehne+Nagel,Lyon Distribution Center,Le Mans,7457.3,684.1,Retardé,train,455.41,b6a35244625ccc34,4feab66ce169d9ce,47.99804,0.17588,9.0,142.8431,ÉLEVÉ
FR-592461,2025-12-06,2025-12-08,DHL,Marseille Port Depot,Amiens,7699.0,595.3,Livré,train,398.36,7334ee7ff8765e16,2beeb4738f9ab6a4,49.91315,2.3195,2.0,128.33,AUCUN
FR-321460,2026-03-23,2026-03-29,XPO Logistics,Paris-CDG Hub,Aix-en-Provence,3588.1,1087.3,Retourné,train,346.64,93141cbfc2990e76,20c210a68902a008,43.58148,5.45904,6.0,109.2376,AUCUN
FR-947264,2025-10-27,,DHL,Marseille Port Depot,Nice,2806.3,1195.8,En transit,gros_camion,536.83,b8ed8df564cec2ef,9779ab3c578e80e3,43.7482,7.24242,,704.7124,MOYEN
FR-966593,2024-11-14,,DHL,Lyon Distribution Center,Nice,254.0,651.0,En transit,petit_camion,82.51,57305694cae2b1d0,55f275ef682daa11,43.70798,7.32116,,19.8425,MOYEN
FR-171949,2025-12-18,2025-12-25,UPS,Marseille Port Depot,Marseille,770.4,118.4,Retourné,petit_camion,130.66,4937b40c2b9fb3af,b3ab7186d045c4eb,43.27211,5.42048,7.0,10.9458,AUCUN
FR-579124,2025-02-27,2025-03-11,Chronopost,Marseille Port Depot,Lille,6340.8,581.7,Retardé,train,302.56,45466476afe9982a,22d9d5c73c2b1d15,50.70162,2.97706,12.0,103.2764,ÉLEVÉ
FR-448899,2025-02-19,2025-03-01,Unknown,Bordeaux Logistics Park,Nantes,475.9,1172.7,Livré,petit_camion,135.39,89b72f42de629ac1,15f42a66968e68f3,47.2447,-1.54141,10.0,66.9706,FAIBLE
FR-444877,2024-12-31,2025-01-10,UPS,Marseille Port Depot,Angers,60.0,125.4,Livré,avion,173.07,abbd60b0df7fec89,852f3b0dc5f44a50,47.46223,-0.49085,10.0,7.1478,FAIBLE
FR-809781,2026-04-13,2026-04-18,FedEx,Bordeaux Logistics Park,Bordeaux,100.0,98.1,Livré,avion,224.95,fb9a24e0a82c372f,274be1e14fd65aa5,44.73116,-0.53638,5.0,9.3195,AUCUN
FR-977350,2024-06-06,2024-06-07,XPO Logistics,Bordeaux Logistics Park,Le Havre,34.2,789.0,Livré,avion,335.88,ba12f74cff0e9464,114a9274199f2ff0,49.4526,0.09428,1.0,25.6346,AUCUN
FR-873699,2026-02-26,2026-03-08,UPS,Paris-CDG Hub,Marseille,2530.2,1080.3,Livré,gros_camion,525.97,75a44226210eb23d,b1c893a56b1dd110,43.31042,5.32827,10.0,574.0088,FAIBLE
FR-150465,2025-07-14,2025-07-18,Kuehne+Nagel,Paris-CDG Hub,Paris,4300.9,76.3,Livré,gros_camion,355.67,c0fdb3ce997f47fa,aff6519afcba42cb,48.84965,2.37526,4.0,68.9133,AUCUN
FR-543057,2025-01-04,,UPS,Marseille Port Depot,Toulouse,4.2,941.4,En transit,fourgonnette,11.57,98c6fa9a1549ec58,20f729f85d2320d4,43.56806,1.40912,,0.3163,MOYEN
FR-142092,2024-07-11,,Kuehne+Nagel,Lyon Distribution Center,Strasbourg,37.7,400.5,En attente,avion,225.31,60d3bd00a0e40db3,6d2582341931946d,48.59618,7.69801,,14.3439,AUCUN
FR-601323,2025-07-09,2025-07-10,DHL,Bordeaux Logistics Park,Nice,4258.9,986.6,Livré,gros_camion,549.67,3714a4bb9c0df2e3,e59645935cd908fd,43.63423,7.12039,1.0,882.3845,AUCUN
FR-376383,2026-03-17,2026-03-21,DHL,Lyon Distribution Center,Perpignan,70.8,73.2,Retourné,avion,271.4,50b6dd7a25a72160,ea3cf37c303de71e,42.6986,2.95654,4.0,4.9234,AUCUN
FR-654881,2025-01-07,2025-01-08,GLS,Bordeaux Logistics Park,Brest,63.0,778.2,Retardé,avion,209.63,bcda6b0629bed55e,78418b6a6c3c3278,48.35307,-4.45281,1.0,46.5753,ÉLEVÉ
FR-788340,2026-01-21,,GLS,Paris-CDG Hub,Orléans,9.9,559.8,En attente,fourgonnette,18.59,d0443b3d89fde63f,e0200e25655b08ba,47.96466,1.9006,,0.4434,AUCUN
FR-367709,2025-12-29,,XPO Logistics,Marseille Port Depot,Besançon,401.8,908.4,En attente,petit_camion,158.3,e05e06b51a7aca3c,b30a121a4e515a52,47.33286,5.99747,,43.7994,AUCUN
FR-551346,2024-09-19,2024-09-24,DB Schenker,Marseille Port Depot,Tours,1566.4,35.6,Livré,gros_camion,231.41,4d783fa3092cb304,2adaf22838d3c685,47.35442,0.70066,5.0,11.7104,AUCUN
FR-514521,2025-01-30,2025-02-06,DB Schenker,Marseille Port Depot,Rennes,2779.2,1052.9,Retourné,gros_camion,466.4,2debffb0c60c520e,f3e3aecdb1f7f8a8,48.01475,-1.63045,7.0,614.5061,AUCUN
FR-147596,2024-12-25,2024-12-28,Kuehne+Nagel,Marseille Port Depot,Lille,203.4,648.4,Livré,avion,316.68,abb3d464b81216db,844b60aad24a8e38,50.59554,3.10466,3.0,125.2903,AUCUN
FR-382572,2024-11-03,,Chronopost,Lyon Distribution Center,Strasbourg,3145.8,88.7,En transit,gros_camion,349.5,2e77fde05867cb62,93a7e7ce21e5fdfb,48.57775,7.71533,,58.5968,MOYEN
FR-154796,2026-03-02,2026-03-15,Kuehne+Nagel,Marseille Port Depot,Strasbourg,4.4,370.8,Livré,avion,245.78,64be089ea6398de1,35853a0301a6a240,48.61325,7.76895,13.0,1.5499,FAIBLE
FR-783570,2024-06-22,2024-06-30,UPS,Paris-CDG Hub,Saint-Étienne,7264.9,291.3,Retardé,train,333.3,9f825829469aca3d,89bab6f647eab818,45.41283,4.42593,8.0,59.2554,ÉLEVÉ
FR-454168,2025-11-18,2025-11-22,XPO Logistics,Marseille Port Depot,Metz,48.7,474.5,Livré,fourgonnette,20.45,588860b1c06a5a7a,a771e6360ce42683,49.12437,6.13801,4.0,1.8487,AUCUN
FR-729974,2025-06-29,2025-07-10,GLS,Bordeaux Logistics Park,Bordeaux,,612.1,Livré,avion,229.33,6ab1a44406435c4c,0b5568e6ebe9e9d5,44.8532,-0.58072,11.0,0.0,FAIBLE
FR-815143,2024-10-12,2024-10-19,XPO Logistics,Bordeaux Logistics Park,Lille,97.0,97.3,Livré,avion,293.74,46b06486d10dd744,a334f0a974a7dc9c,50.68906,3.0584,7.0,8.9662,FAIBLE
FR-681197,2024-11-11,2024-11-13,XPO Logistics,Lyon Distribution Center,Nantes,647.3,329.3,Livré,petit_camion,150.43,2c7e84ab9c91b547,f704f077e0a50d59,47.08466,-1.49026,2.0,25.5787,AUCUN
FR-747787,2025-12-19,2025-12-31,Unknown,Bordeaux Logistics Park,Toulouse,41.2,229.8,Livré,fourgonnette,8.21,0a09e9b5dbb0d8ab,15b0e9bf1f44bafe,43.51928,1.45829,12.0,0.7574,FAIBLE
FR-466279,2025-01-02,2025-01-08,Unknown,Lyon Distribution Center,Tours,2839.0,1065.6,Livré,train,305.12,ff07dd0896d16f31,dc0794083d441a33,47.51354,0.7276,6.0,84.7067,FAIBLE
FR-710278,2025-06-22,,Chronopost,Marseille Port Depot,Lille,2592.5,782.0,En transit,gros_camion,454.06,1e3f6890d2ddffa6,1baa3390bf5c712c,50.68529,3.04797,,425.7403,MOYEN
FR-124918,2026-03-09,2026-03-22,Unknown,Paris-CDG Hub,Calais,2740.0,1041.7,Livré,train,349.0,57305694cae2b1d0,4b01b1a3266a3c4c,50.91554,1.85387,13.0,79.9192,FAIBLE
FR-231469,2025-03-22,2025-04-04,DB Schenker,Marseille Port Depot,Grenoble,5.2,1061.9,Livré,fourgonnette,16.38,d23122a5cb6fdbb4,fd5e3f794d094a62,45.20303,5.74093,13.0,0.4418,FAIBLE
FR-810284,2025-10-03,2025-10-09,DB Schenker,Marseille Port Depot,Nice,2163.2,369.3,Retardé,train,189.2,dc995e4ea96bebf0,eaa7a4fecd7198c3,43.73712,7.19044,6.0,22.3684,ÉLEVÉ
FR-694009,2024-09-04,2024-09-17,UPS,Marseille Port Depot,Paris,146.3,1089.6,Retardé,petit_camion,111.75,b6a35244625ccc34,c529f1744c8b4145,48.86849,2.33945,13.0,19.129,ÉLEVÉ
FR-284779,2025-03-06,2025-03-15,DB Schenker,Paris-CDG Hub,Bordeaux,4943.1,65.3,Livré,train,268.09,4539984fb9bfe688,4eabd5b74c30f3a7,44.80777,-0.59378,9.0,9.038,FAIBLE
FR-651030,2025-05-02,2025-05-05,Kuehne+Nagel,Lyon Distribution Center,Dijon,729.4,837.1,Livré,petit_camion,148.13,a7343d238975093d,548b9b7e7d66a5b1,47.29849,5.02725,3.0,73.2697,AUCUN
FR-360281,2026-01-08,2026-01-13,DHL,Paris-CDG Hub,Bordeaux,,1160.8,Livré,train,440.28,6ab1a44406435c4c,37f3fbb656a16289,44.85283,-0.48888,5.0,0.0,AUCUN
FR-212109,2026-01-16,2026-01-19,Unknown,Lyon Distribution Center,Rouen,,567.2,Livré,petit_camion,136.45,3275c62b4a30ee93,bd94d609416f7cfe,49.45023,1.07962,3.0,0.0,AUCUN
FR-412087,2026-04-21,2026-04-25,DB Schenker,Marseille Port Depot,Bordeaux,109.3,805.7,Livré,avion,277.15,ac1dabffaec6f025,4b9c8ff05f28f3e7,44.76465,-0.5974,4.0,83.6599,AUCUN
FR-924341,2025-07-20,2025-07-27,Chronopost,Paris-CDG Hub,Bayonne,40.4,223.8,Livré,fourgonnette,18.48,d23122a5cb6fdbb4,8b5fc301f5f92053,43.58179,-1.46889,7.0,0.7233,FAIBLE
FR-274036,2024-10-18,2024-10-24,DHL,Bordeaux Logistics Park,Montpellier,229.7,526.9,Livré,petit_camion,79.39,076d9a82acb00f0c,29840f8fb87ea31c,43.51771,3.88397,6.0,14.5235,FAIBLE
FR-433019,2025-05-28,2025-06-07,GLS,Marseille Port Depot,Paris,4994.6,1144.1,Livré,gros_camion,652.86,7762a147989c85a8,d582dfd29970dcf2,48.88683,2.34527,10.0,1200.0076,FAIBLE
FR-349486,2025-02-20,2025-03-01,Unknown,Lyon Distribution Center,Bordeaux,18.5,524.1,Livré,fourgonnette,12.38,176085ab92f665ad,fabd94c7ff48db69,44.80517,-0.46332,9.0,0.7757,FAIBLE
FR-183454,2025-07-31,2025-08-09,DB Schenker,Marseille Port Depot,Nantes,718.5,420.1,Livré,petit_camion,121.39,b4b018a4be786430,ce53bb9fe0660071,47.27276,-1.60202,9.0,36.221,FAIBLE
FR-628188,2025-10-26,2025-11-06,DHL,Marseille Port Depot,Aix-en-Provence,960.9,357.1,Retardé,gros_camion,329.25,a9bc7e3c6079a06c,07cc062fe96bffcb,43.50431,5.51545,11.0,72.0589,ÉLEVÉ
FR-147582,2024-06-17,,Chronopost,Bordeaux Logistics Park,Marseille,7.6,79.1,En transit,avion,242.21,420ccf90b5c7ed29,17683fdcf07ff2e1,43.28168,5.41208,,0.5711,MOYEN
FR-322513,2025-11-04,2025-11-12,FedEx,Bordeaux Logistics Park,Nantes,5664.5,341.0,Livré,train,301.96,5544f6afe2c2fa55,5b5bb6aa5bb4fbe0,47.26875,-1.55696,8.0,54.0846,FAIBLE
FR-844979,2025-08-22,2025-08-28,DHL,Bordeaux Logistics Park,Saint-Étienne,355.3,784.2,Livré,petit_camion,110.6,2e77fde05867cb62,28b5df371ac9b2e1,45.39664,4.39134,6.0,33.4352,FAIBLE
FR-645422,2024-05-30,2024-06-07,DHL,Bordeaux Logistics Park,Toulon,135.5,109.9,Livré,petit_camion,64.48,309f7e2638c05965,6356f4c9f89df348,43.2051,5.89471,8.0,1.787,FAIBLE
FR-706590,2025-10-11,2025-10-15,Kuehne+Nagel,Paris-CDG Hub,Nice,111.6,755.2,Retardé,avion,331.03,577bd3cc79f49864,da7a261ce95dffe3,43.6878,7.19821,4.0,80.0663,ÉLEVÉ
FR-115376,2024-11-12,,DB Schenker,Paris-CDG Hub,Poitiers,1873.7,363.5,En transit,gros_camion,356.65,98c6fa9a1549ec58,74ed6b846d7544c7,46.51795,0.36386,,143.0289,MOYEN
FR-792669,2024-12-19,,Chronopost,Paris-CDG Hub,Strasbourg,34.2,1102.4,En transit,avion,267.31,9f825829469aca3d,fa5b98219296ee6b,48.61707,7.69915,,35.817,MOYEN
FR-158587,2026-03-22,2026-04-03,Chronopost,Bordeaux Logistics Park,Strasbourg,1443.6,288.1,Retardé,gros_camion,268.07,4761f7fa3a69433b,9fde20771073e242,48.59364,7.69114,12.0,87.3392,ÉLEVÉ
FR-662886,2025-04-17,,FedEx,Marseille Port Depot,Paris,1510.3,393.7,En transit,gros_camion,304.52,b3ede2357f536e0a,1f4ec7aa2d68e61c,48.8236,2.40631,,124.8671,MOYEN
FR-978672,2025-06-09,2025-06-15,Chronopost,Lyon Distribution Center,Lyon,3901.8,957.6,Livré,train,357.88,737b27ae09a06d30,78074bd7e718a644,45.72239,4.77168,6.0,104.6182,FAIBLE
FR-210709,2024-05-11,2024-05-14,DB Schenker,Lyon Distribution Center,Calais,224.0,819.9,Retardé,avion,436.68,867749e4b7692143,c8c40a3f49bedd89,50.97548,1.80357,3.0,174.4747,ÉLEVÉ
FR-819836,2025-02-09,,FedEx,Marseille Port Depot,Nice,,854.5,En transit,gros_camion,517.17,3275c62b4a30ee93,2f3051900e4ebc4b,43.72823,7.21183,,0.0,MOYEN
FR-606767,2025-02-13,2025-02-26,GLS,Bordeaux Logistics Park,Nice,4834.1,901.7,Retardé,train,425.32,45466476afe9982a,90b8c17ff102c011,43.79225,7.28101,13.0,122.0494,ÉLEVÉ
FR-196500,2025-05-18,2025-05-24,XPO Logistics,Paris-CDG Hub,Strasbourg,30.8,945.9,Livré,fourgonnette,14.55,076d9a82acb00f0c,3affb8d83c167b89,48.57844,7.77051,6.0,2.3307,FAIBLE
FR-789608,2025-07-10,2025-07-20,DHL,Bordeaux Logistics Park,Quimper,240.6,1082.8,Retardé,avion,439.17,ac1dabffaec6f025,f7251e80e85f9789,48.04308,-4.04108,10.0,247.4956,ÉLEVÉ
FR-945456,2025-10-12,2025-10-23,GLS,Lyon Distribution Center,Tours,45.9,293.1,Livré,fourgonnette,16.07,588860b1c06a5a7a,4914e9f3885df75c,47.41678,0.68432,11.0,1.0763,FAIBLE
FR-742836,2026-01-27,2026-02-08,FedEx,Lyon Distribution Center,Bordeaux,1746.7,296.0,Retardé,gros_camion,318.39,184fcccb030ef7f7,83d2e3bff0b35eaf,44.94005,-0.60547,12.0,108.5749,ÉLEVÉ
FR-556295,2025-10-24,2025-11-05,Unknown,Paris-CDG Hub,Lille,216.1,940.0,Livré,avion,542.84,be6b5843204f29e6,5e568f1dc146aa43,50.66728,3.09377,12.0,192.9773,FAIBLE
FR-964549,2024-08-13,2024-08-24,Chronopost,Marseille Port Depot,Chartres,7944.3,549.6,Livré,train,347.97,6e21cb30cd3271a9,f612409949d632c8,48.51395,1.49073,11.0,122.2532,FAIBLE
FR-151377,2025-10-26,2025-10-31,FedEx,Paris-CDG Hub,Strasbourg,3771.6,1068.2,Livré,gros_camion,505.88,46b06486d10dd744,db73cdd85331f4cd,48.63691,7.76807,5.0,846.0529,AUCUN
FR-576535,2025-02-07,2025-02-17,FedEx,Bordeaux Logistics Park,Strasbourg,2948.7,1124.4,Livré,train,309.63,3714a4bb9c0df2e3,30c152281a3c2317,48.51161,7.74447,10.0,92.8345,FAIBLE
FR-619412,2025-12-11,,FedEx,Bordeaux Logistics Park,Saint-Étienne,589.0,70.1,En transit,petit_camion,121.43,ae8ce543547ae3d4,8d9a3e7782b924d3,45.4768,4.36114,,4.9547,MOYEN
FR-341504,2025-03-25,2025-04-01,Kuehne+Nagel,Marseille Port Depot,Tours,663.4,55.7,Retardé,petit_camion,130.8,2c7e84ab9c91b547,879751e2a6f1b4d2,47.29461,0.65106,7.0,4.4342,ÉLEVÉ
FR-617057,2025-05-01,,DHL,Paris-CDG Hub,Bordeaux,568.2,735.5,En attente,petit_camion,171.58,b3ede2357f536e0a,e4f5e8137a767d1a,44.80403,-0.62703,,50.1493,AUCUN
FR-297057,2025-04-12,2025-04-13,Chronopost,Paris-CDG Hub,Nice,410.8,64.6,Livré,petit_camion,70.39,bebe00cf88981ebb,7060257af38b8ca5,43.69593,7.3008,1.0,3.1845,AUCUN
FR-125310,2024-08-14,2024-08-16,DB Schenker,Bordeaux Logistics Park,Reims,576.4,201.7,Livré,petit_camion,136.39,dcc4a7b2cb980dd1,b74841cb5275ce49,49.27069,3.22989,2.0,13.9512,AUCUN
FR-919444,2025-11-25,2025-12-08,Unknown,Bordeaux Logistics Park,Mulhouse,2.2,96.1,Retardé,avion,151.84,4761f7fa3a69433b,72e4a351961280a3,47.80077,7.33179,13.0,0.2008,ÉLEVÉ
FR-284215,2025-07-13,2025-07-17,FedEx,Marseille Port Depot,Rennes,1446.9,325.5,Livré,gros_camion,271.41,964fb47ecc48fb44,6d3a62cf9c6c3afd,48.14907,-1.69583,4.0,98.9028,AUCUN
FR-849450,2024-11-01,2024-11-07,DB Schenker,Bordeaux Logistics Park,Avignon,158.3,74.7,Livré,avion,302.51,4e3a294f61cb834d,d9661442734a2203,43.98681,4.83546,6.0,11.2338,FAIBLE
FR-828348,2024-08-26,,XPO Logistics,Bordeaux Logistics Park,Mulhouse,3305.5,918.4,En transit,train,316.79,abbd60b0df7fec89,782d9c1850496b28,47.73793,7.3855,,85.0016,MOYEN
FR-635324,2024-06-02,2024-06-10,GLS,Lyon Distribution Center,Auxerre,2935.1,779.9,Livré,gros_camion,443.52,ac1dabffaec6f025,01bf9bf084dd667d,47.73053,3.55469,8.0,480.7077,FAIBLE
FR-335249,2025-09-25,2025-10-07,Kuehne+Nagel,Marseille Port Depot,Nice,21.5,10.2,Retardé,avion,131.6,46b06486d10dd744,b0a36d2f38e80afc,43.67479,7.27346,12.0,0.2083,ÉLEVÉ
FR-988960,2024-12-05,,DHL,Bordeaux Logistics Park,Toulon,8.6,85.6,En transit,fourgonnette,14.57,0915a7642195cf8a,01fa18676c6aacda,43.08528,5.93664,,0.0589,MOYEN
FR-116065,2025-08-07,2025-08-17,Kuehne+Nagel,Bordeaux Logistics Park,Bordeaux,3119.1,905.9,Livré,gros_camion,440.19,4539984fb9bfe688,cbcb9729b97f2a76,44.79906,-0.56932,10.0,593.3745,FAIBLE
FR-686687,2025-12-29,2026-01-05,UPS,Bordeaux Logistics Park,Paris,7987.3,226.0,Retourné,train,302.5,dcc4a7b2cb980dd1,eef7a4560a6f2aa9,48.96459,2.30406,7.0,50.5436,AUCUN
FR-688310,2025-06-21,,Unknown,Lyon Distribution Center,Bordeaux,491.5,276.0,En transit,petit_camion,127.96,4539984fb9bfe688,9ba8d190fdfc7866,44.69045,-0.49896,,16.2785,MOYEN
FR-488306,2025-09-04,,Unknown,Paris-CDG Hub,Montpellier,7923.0,252.8,En transit,train,399.34,7762a147989c85a8,2bb5a03da4b2883e,43.65636,3.82211,,56.0822,MOYEN
FR-546476,2025-02-19,2025-02-24,Unknown,Paris-CDG Hub,Lyon,247.9,926.8,Livré,avion,410.22,649f91ae50effe2e,867226ee7db9bd3b,45.67749,4.90239,5.0,218.266,AUCUN
FR-846015,2025-09-28,2025-10-05,GLS,Paris-CDG Hub,Marseille,2.6,310.9,Livré,fourgonnette,6.71,94f32f590e70c04a,5cda9f24d8471e05,43.19399,5.43316,7.0,0.0647,FAIBLE
FR-914050,2025-01-20,2025-01-29,Kuehne+Nagel,Paris-CDG Hub,Marseille,4389.8,254.9,Livré,gros_camion,454.35,d0443b3d89fde63f,31996d17ecb0ba26,43.25885,5.31023,9.0,234.9816,FAIBLE
FR-986534,2025-08-10,2025-08-11,Chronopost,Lyon Distribution Center,Paris,80.4,276.8,Livré,avion,305.58,3714a4bb9c0df2e3,97d95e8491607039,48.76813,2.31228,1.0,21.142,AUCUN
FR-653006,2024-09-03,2024-09-08,Unknown,Bordeaux Logistics Park,Marseille,614.6,605.0,Livré,petit_camion,117.12,076d9a82acb00f0c,901da47b72c471c4,43.34472,5.38793,5.0,44.62,AUCUN
FR-688160,2026-04-16,,DHL,Bordeaux Logistics Park,Toulon,162.9,247.6,En transit,avion,320.55,4937b40c2b9fb3af,f5e637b0968ba4de,43.15203,5.89474,,38.3173,MOYEN
FR-189342,2024-08-18,,DB Schenker,Paris-CDG Hub,Nice,522.4,31.2,En attente,petit_camion,102.72,ae8ce543547ae3d4,b67247e488d841ec,43.7111,7.32253,,1.9559,AUCUN
FR-682853,2025-05-05,2025-05-06,GLS,Paris-CDG Hub,Metz,413.1,1091.6,Livré,petit_camion,107.24,0b9d5daff036d6da,e86fb7ed627d1b30,49.19918,6.14247,1.0,54.1128,AUCUN
FR-687093,2024-10-10,2024-10-18,Kuehne+Nagel,Marseille Port Depot,Marseille,6094.8,598.5,Retardé,train,304.92,4539984fb9bfe688,3cb13ead053a6faa,43.19766,5.26606,8.0,102.1367,ÉLEVÉ
FR-530197,2026-01-24,,DHL,Paris-CDG Hub,Toulouse,12.6,972.1,En attente,fourgonnette,17.59,4761f7fa3a69433b,d45d1c64d383aaa7,43.66306,1.41914,,0.9799,AUCUN
FR-348133,2025-01-04,2025-01-13,GLS,Lyon Distribution Center,Besançon,765.8,232.0,Livré,petit_camion,115.97,c8796666bc9acaab,ee6ed44f3368560e,47.19379,5.99457,9.0,21.3199,FAIBLE
FR-197661,2025-12-07,,Unknown,Marseille Port Depot,Paris,2153.3,159.0,En transit,gros_camion,306.11,b3ede2357f536e0a,0637f86a67c5fc4f,48.88351,2.40583,,71.8987,MOYEN
FR-538133,2024-10-29,2024-11-01,Chronopost,Paris-CDG Hub,Lyon,2353.8,1168.8,Livré,train,295.95,4761f7fa3a69433b,89fab08b729b2951,45.78461,4.79581,3.0,77.0314,AUCUN
FR-958089,2026-02-25,,DB Schenker,Paris-CDG Hub,Nantes,697.1,546.2,En attente,train,241.63,80c6e1b004c4d98c,2978af7a3bf33cff,47.23206,-1.65454,,10.6612,AUCUN
FR-138578,2025-04-03,2025-04-15,FedEx,Paris-CDG Hub,Grenoble,686.3,512.9,Livré,petit_camion,130.09,4539984fb9bfe688,72e351df2ec97065,45.22767,5.71192,12.0,42.2404,FAIBLE
FR-439107,2026-02-12,2026-02-20,DHL,Paris-CDG Hub,Nice,41.1,97.4,Retourné,fourgonnette,12.11,64be089ea6398de1,d948fe5e3af5dc47,43.63773,7.27036,8.0,0.3203,AUCUN
FR-166247,2026-01-03,,FedEx,Paris-CDG Hub,Bordeaux,1961.4,357.9,En transit,train,184.59,a9bc7e3c6079a06c,dd2ca0569f1a3764,44.83396,-0.57374,,19.6556,MOYEN
FR-840781,2026-03-02,2026-03-06,Chronopost,Paris-CDG Hub,Mulhouse,2641.2,30.1,Livré,gros_camion,274.88,4dc658302b612f5c,23ef3a38b1197d77,47.75497,7.31923,4.0,16.695,AUCUN
FR-254946,2025-12-13,2025-12-18,Kuehne+Nagel,Lyon Distribution Center,Brest,6.8,133.6,Livré,fourgonnette,13.27,a9bc7e3c6079a06c,8b39e6f45fa2ac87,48.3592,-4.44387,5.0,0.0727,AUCUN
FR-800726,2024-10-11,2024-10-12,DHL,Marseille Port Depot,Paris,1360.3,1131.9,Retardé,train,244.75,de6c9169a9ba75a9,52203069831e7707,48.79572,2.41083,1.0,43.1123,ÉLEVÉ
FR-618372,2025-10-21,2025-10-28,DB Schenker,Paris-CDG Hub,Angers,681.7,663.3,Livré,petit_camion,169.84,176085ab92f665ad,5009db940cf1c1c6,47.38798,-0.57018,7.0,54.2606,FAIBLE
FR-933430,2024-10-14,2024-10-25,Unknown,Paris-CDG Hub,Quimper,19.9,1014.5,Retardé,fourgonnette,21.2,dcc4a7b2cb980dd1,d11a186e887ab93a,48.02422,-4.15799,11.0,1.6151,ÉLEVÉ
FR-166330,2025-01-14,2025-01-16,UPS,Bordeaux Logistics Park,Bordeaux,362.6,911.2,Livré,petit_camion,108.04,4d783fa3092cb304,7f84eb4077d9610b,44.81756,-0.52256,2.0,39.6481,AUCUN
FR-612637,2025-01-17,2025-01-26,FedEx,Lyon Distribution Center,Lille,9.9,158.8,Livré,fourgonnette,8.54,e05e06b51a7aca3c,8049c5304d725c05,50.58151,3.02216,9.0,0.1258,FAIBLE
